teks,label,clean
"""""Menteri Komunikasi dan Digital (Menkomdigi) Meutya Hafid menjelaskan bahwa penonaktifan sementara fitur live di Tik Tok dilakukan secara sukarela oleh pihak platform bkn atas permintaan pemerintah. Menurutnya keputusan ini diambil Tik Tok setelah terjadi kericuhan dan penjarahan https://t.co/emUsWEEVP1""""",neutral,menteri komunikasi digital menkomdigi meutya hafid jelas nonaktif fitur live tik tok laku sukarela pihak platform bukan atas minta perintah turut putus ambil tik tok jadi ricuh penjarahan
"""""@RakhmadIrawan9 @KangManto123 Ngeroda krn direpublik lg marak penjarahan Para penjarah itu bertannya- tanya? ? Siapa sebenarnya penjarah republik ini? Yaitu para pejabat yg KKN (korupsi kolusi nepotisme) Slamet ....slamet... anda dpt sepada """"",negative,ngeroda republik lg marak penjarahan jarah tan tanya siapa benar jarah republik jabat kkn korupsi kolusi nepotisme slamet slamet sepada
"""""@somexthread Iya terus sampe inflasi terus drop tuh rupiah abis itu bangkrut deh Indonesia dan ada penjarahan lagi """"",negative,iya terus sampe inflasi terus drop tuh rupiah abis bangkrut deh indonesia penjarahan
"""""awalnya demo murni-lalu masuk tangan yang membajak membentuk kabut narasi-mob mentality-tangan selanjutnya mengeksekusi memprovokasi mob justice tindakan anarkis terhadap aparat pembakaran penjarahan yg harus diusut pihak yg memicu kabut narasi melancarkan provokasi mob justice""""",negative,awal demo murni lalu masuk tangan bajak bentuk kabut narasi mob mentality tangan lanjut eksekusi provokasi mob justice tindak anarkis aparat pembakaran penjarahan usut pihak picu kabut narasi lancar provokasi mob justice
"""""@Otto_0967 kita ini rakyat di sebuah negara yang hanya di jadikan sapi perah saja baik oleh negara itu sendiri dan juga oligarki. belum lagi penjarahan sumberdaya alam yang sistematis dan masif.""""",negative,rakyat buah negara jadi sapi perah bagus negara sendiri oligarki belum penjarahan sumberdaya alam sistematis masif
"""""@neVerAl0nely__ Penjarahan yg sesungguhnya""""",neutral,penjarahan sungguh
"""""@BattleboyA239 hanya lakukan revolusi jika ada ulama didalamnya kalau tidak pasti akan kacau semacam 98 yg isinya cuma penjarahan dan pemerkosaan dan negara tidak membaik sama sekali org yg dulunya revolusi sekarang jadi koruptor""""",negative,laku revolusi ulama dalam kalau tidak kacau macam 98 isi cuma penjarahan perkosa negara tidak baik sama sekali org revolusi sekarang jadi koruptor
"""""Contoh munafik/hipokritnya antek Fufufafa &amp"";"" termul.Mereka(kebanyakan diaspora beijingisme)merasa tak suka reformasi 1998 blg ada pelecehan pemerkosaan penjarahan sipit eh giliran mau goyang Prabowo bawa2 98Taimpetuk.Cina mana mau rugi 20 jt dah dikeluarin gunain perusuh https://t.co/BWhlcAUZyD""""",negative,contoh munafik hipokrit antek fufufafa amp termul banyak diaspora beijingisme rasa tak suka reformasi 1998 blg leceh perkosa penjarahan sipit eh gilir mau goyang prabowo bawa 98taimpetuk cina mana mau rugi 20 jt dah dikeluarin gunain rusuh
"""""Kata Pak @rockygerung Gathel Demo yang mestinya jadi ruang ekspresi justru dibungkus dengan ancaman anarki pengrusakan bahkan penjarahan. Lebih parahnya lagi aksi ini dinegosiasikan dengan janji pembatalan jika ada imbalan uang ratusan juta rupiah. https://t.co/1sZeAnOlPc""""",negative,kata pak gathel demo mesti jadi ruang ekspresi justru bungkus ancam anarki rusa bahkan penjarahan lebih parah aksi negosiasi janji batal imbal uang ratus juta rupiah
"""""@Majelis_Ruhani ini bukannya udh sempet disinggung ya? (walaupun tdk secara eksplisit) kalo pergerakan kmrn emg ada beberapa lini yg disusupi bukan hanya pas aksi demo atau pas penjarahan""""",neutral,bukan sempet singgung walaupun tidak ekstolongit kalo gera kmrn emg beberapa lini susup bukan pas aksi demo pas penjarahan
"""""@GoodRecom gua benci ni org joget2 disaat rakyat lagi banyak yg susah. tapi bukan berarti gua membenarkan penjarahan dirumah dia dan artis lain yg baru jadi dpr. mereka itu notabenenya baru harta kekayaannya mayoritas dari karir mereka selama jd artis. aneh mental maling apa bedanya?""""",negative,benci ni org joget saat rakyat banyak susah bukan arti benar penjarahan rumah artis baru jadi dpr notabene baru harta kaya mayoritas karir lama jadi artis aneh mental maling apa beda
"""""AGUSTUS KELABU!!! TENTARA TERLIBAT PERUSAKAN PENJARAHAN DAN PEMBAKARAN? https://t.co/iTdFQXPq6f https://t.co/8hqm1PIEUg""""",negative,agustus kelabu tentara libat perusakan penjarahan pembakaran
"""""Demo ditengarai memang tidak alami tidak murni pakai deadline segala 17+8 kita yang 17+8+45 aja proklamasi sumpah pemuda 28+10+28 dari dulu aja gak repotWoy termul antek fufufafa.Kalian rusuh demo dibayar 20 juta rupiah perorang pantas maksain perusuh penjarahan antek asing! https://t.co/HN1AHvYNb9""""",negative,demo tengara memang tidak alami tidak murni pakai deadline segala 17 8 17 8 45 proklamasi sumpah pemuda 28 10 28 dulu tidak repotwoy termul antek fufufafa kalian rusuh demo bayar 20 juta rupiah orang pantas maksain rusuh penjarahan antek asing
"""""Hal kocak yg keluarga gue ucapin pas demo dan penjarahan kmrn. Yuk kamu jngn ikut demo bnyk oknum soalnya Yuk kamu jngn ikut ngejarah kalo di ajak jangan mau apalagi ngejarah toko cina soalnya kakek kita cina jd jangan ya Wkwkw yg mau ngejarah siape si akh""""",negative,kocak keluarga gue ucapin pas demo penjarahan kmrn yuk kamu jngn ikut demo bnyk oknum soal yuk kamu jngn ikut ngejarah kalo ajak jangan mau ngejarah toko cina soal kakek cina jadi jangan wkwkw mau ngejarah siape si akh
"""""bunuh diri itu sama kyk melakukan penjarahan saat demo... jangan dilakuin walau mungkin manusia lain bisa memaklumi... yang saya tau hukum bunuh diri cukup tegas dalam agama.""""",positive,bunuh diri sama kyk laku penjarahan demo jangan dilakuin mungkin manusia memakalaumi tau hukum bunuh diri cukup tegas agama
"""""Polres Jepara menetapkan seorang mahasiswa Universitas Negeri Semarang (Unnes) SU bersama 9 orang lainnya menjadi tersangka penjarahan saat terjadi aksi demonstrasi berbuntut anarkis yakni pembakaran dan penjarahan Gedung DPRD Jepara. https://t.co/zN6hgn80hn""""",neutral,polres jepara tetap orang mahasiswa universitas negeri semarang unnes su sama 9 orang lain jadi sangka penjarahan jadi aksi demonstrasi buntut anarkis pembakaran penjarahan gedung dprd jepara
"""""beneran anjir sejak penjarahan rumah sahroni verstappen lgsg ngacir""""",negative,beneran anjir sejak penjarahan rumah sahroni verstappen lgsg ngacir
"""""@narkosun kok dedi sitorus dan ibu2 joget kerudung merah aman dari penjarahan? karena apa?? cobaaaa jawabbbb pemirsa""""",negative,kok dedi sitorus ibu joget kerudung merah aman penjarahan apa cobaa jawabb pirsa
"""""Aku kok curiga sama Mpok Salsa yang tetiba muncul di sekitar tgl 25 Agustus. Semua nama yang disebut di Sosmed jadi target penjarahan. Jejangan ini jaringan chaos. Dimulai 28 agt malam ya?""""",negative,aku kok curiga sama mpok salsa tetiba muncul tgl 25 agustus semua nama sebut sosmed jadi target penjarahan jejangan jaring chaos mulai 28 agt malam
"""""@mymj01_ ngga anj b aja aku mah. itu bermula krna aku gemes liat dia duduk sendiri nggak dibolehin masuk alfa sama maknya. takut ada insiden penjarahan katanya ngakak sumpah jdi aku temeninlah sambil ngopi. lah dia oonw nyeletuk kak kakak tomboy ya? tpi cantik kak gitu cok ah mboh!""""",neutral,ngga anj b aku mah mula aku gemes liat duduk sendiri tidak dibolehin masuk alfa sama maknya takut insiden penjarahan kata ngakak sumpah jadi aku temeninlah ngopi lah oonw nyeletuk kak kakak tomboy tapi cantik kak gitu cok ah mboh
"""""Mafindo melaporkan video Hoaks yang beredar di medsos Contohnya adalah video kerusuhan di Baghdad diklaim sebagai kerusuhan dan Penjarahan di Jakarta Prasasti Center for Policy Studies menaksir kerugian infrastruktur akibat demo mencapai Rp 1 2T . . . Seskab Teddy : Presiden https://t.co/aYh1KoMbQR""""",neutral,mafindo lapor video hoaks edar medsos contoh video kerusuhan baghdad klaim kerusuhan penjarahan jakarta prasasti center for policy studies taksir rugi infrastruktur akibat demo capai rp 1 2t seskab teddy presiden
"""""@rachlannashidik Banyak juga polisi yg luka parah kasihan mereka Krn mereka MC biasa ada kekurangan nya. Yg paling penting adalah menangkap semua master mind yg mengajak massa melakukan demo anarkis penjarahan di rumah Bu Sri Mulyani merusak fasilitas umum melempar aparat dgn bom molotov.""""",positive,banyak polisi kamuka parah kasihan mc biasa kurang nya paling penting tangkap semua master mind ajak massa laku demo anarkis penjarahan rumah bu sri mulyani perusakan fasilitas umum lempar aparat bom molotov
"""""Wwkwkk Sri Mulyani ngambeuk rumahnya dijarah 2 kali mo mundur tapi gak di acc sama wowo @prabowo Parah nih Menhan ma Ibu negara dimintai pertolongan oleh SMI sebelum terjadi penjarahan eh cuma dikasih sekitar 20'an anggota TNI untuk pengamanan Curiga jan² emang bener https://t.co/Tfx9iJjuTq""""",negative,wwkwkk sri mulyani ngambeuk rumah penjarahan 2 kali mo mundur tidak acc sama wowo parah nih menhan ma ibu negara minta tolong sama jadi penjarahan eh cuma kasih 20 an anggota tni pengamanan curiga jan emang bener
"""""32 barang hasil penjarahan di rumah Ahmad Sahroni dikembalikan warga https://t.co/cwURwnTYww""""",positive,32 barang hasil penjarahan rumah ahmad sahroni kembali warga
"""""Penjarahan rumah Ahmad Sahroni pelaku bisa ditemukan dan barang bisa kembali. Penjarahan museum di Kediri barang tidak kembali. Sakti wes luwih percoyo barang mahal daripada barang mistis aku saiki wes wes """"",neutral,penjarahan rumah ahmad sahroni laku temu barang penjarahan museum diri barang tidak sakti kamuwih percoyo barang mahal barang mistis aku saiki
"""""Kasian orang orang yang ditarget rumahnya dijarah. Memang ada perilaku yang buruk tetapi penjarahan kerumahnya ada yang mengarahkan. Salsa erwina andil besar memicu kemarahan dan penjarahan. Alhamdullilah mau jarah ke ketua DPR gagal sudah terbaca dan banyak yang sadar tertipu.""""",negative,kasi orang orang target rumah penjarahan memang perilaku buruk tetapi penjarahan rumah arah salsa erwina andil besar picu marah penjarahan alhamdullilah mau jarah ketua dpr gagal baca banyak sadar tipu
"""""dari penjarahan rumah pejabat kemaren gak ada temuan buku meanwhile bapak ini . . . . make sense kalau pemikiran beliau bisa seruwet itu karena banyak informasi makin banyak prespektif beliau juga mengusai banyak bahasa asing pak bangun pak tolongin negara ini https://t.co/MyqzXFvEUj""""",positive,penjarahan rumah jabat kemaren tidak temu buku meanwhile bapak make sense kalau pikir beliau ruwet banyak informasi makin banyak prespektif beliau usai banyak bahasa asing pak bangun pak tolongin negara
"""""Akun muslim pada ingatin penjarahan ga boleh btw halah dikambinghitamkan lagi ini""""",negative,akun muslim ingatin penjarahan ga btw halah dikambinghitamkan
"""""Penjarahan kemaren itu yg beneran buat memperingatkan sebenernya cm 1 yg lain cuma untuk mengkaburkan Kalo iya berarti srimul dong? Apakah berarti menhan vs srimul?""""",negative,penjarahan kemaren beneran ingat sebenernya cm 1 cuma kabur kalo iya arti srimul dong arti menhan vs srimul
"""""Celios sesalkan penjarahan rumah Sri Mulyani pengawalan menkeu dinilai harus setara wapres https://t.co/OEHP51gp7O""""",neutral,celios sesal penjarahan rumah sri mulyani awal menkeu nilai tara wapres
"""""@RevolusOne Berdasarkan analisis sumber beragam seperti Wikipedia Guardian Reuters dan CNN demonstrasi di Indonesia Agustus-September 2025 dipicu tunjangan DPR tinggi dan kematian sopir ojol Affan Kurniawan. Kerusuhan termasuk penjarahan rumah pejabat seperti Sri Mulyani. Tuduhan dalang""""",neutral,dasar analisis sumber agam wikipedia guardian reuters cnn demonstrasi indonesia agustus september 2025 picu tunjang dpr tinggi mati sopir ojol affan kurniawan kerusuhan masuk penjarahan rumah jabat sri mulyani tuduh dalang
"""""Hey @grok menurutmu siapa aktor yang menunggangi aksi Demonstrasi di Indonesia dengan kerusuhan dan penjarahan yang terjadi?""""",neutral,hey turut siapa aktor tunggang aksi demonstrasi indonesia kerusuhan penjarahan jadi
"""""Ya Tolol nyatanya dinaikkan anggaran Polri rmh dia jg ga aman dr penjarahan kmrn""""",negative,tolol nyata naik anggar polri rmh ga aman penjarahan kmrn
"""""@dahlan_muhidin Oke Gus. Belakangan ini sedang mendokumentasikan geger peristiwa penjarahan museum di Kediri. Belum sampai 100 sih hehe""""",neutral,oke gus belakang sedang dokumentasi geger peristiwa penjarahan museum diri belum 100 sih haha
"""""@hasyimmah Krn anggota pdip.. tdk spt amggota dpr lain yg disorot rumah ibu ini terbebas dari penjarahan dan aman dari pemecatan partainya.. kenapa?""""",neutral,anggota pdip tidak amggota dpr sorot rumah ibu bebas penjarahan aman pecat partai
"""""Perlu ada dialog komunitas-polisi yang lebih intensif untuk mengidentifikasi dan mengatasi akar masalah sosial yang mungkin memicu penjarahan. Membangun kepercayaan adalah kunci mencegah insiden serupa di masa depan.""""",positive,perlu dialog komunitas polisi lebih intensif identifikasi atas akar masalah sosial mungkin picu penjarahan bangun percaya kunci cegah insiden rupa masa depan
"""""Aksi penjarahan awal terlepas dari pengembalian sukarela menyoroti kerentanan keamanan dan potensi frustrasi sosial di masyarakat. Penting untuk memahami akar penyebab insiden semacam ini agar tidak terulang.""""",positive,aksi penjarahan awal lepas pengembalian sukarela sorot rentan aman potensi frustrasi sosial masyarakat penting paham akar sebab insiden macam tidak ulang
"""""Warga Kembalikan 32 Barang Milik Anggota DPR Ahmad Sahroni yang Sempat Dijarah. Aksi sukarela ini menjadi sorotan dalam kasus penjarahan. https://t.co/Qqh8h2jnWu""""",positive,warga kembali 32 barang milik anggota dpr ahmad sahroni sempat penjarahan aksi sukarela jadi sorot kasus penjarahan
"""""Bu SMI Kalau saya jadi Ibu emang udah resign aja bu. Udah denger ulasan Tempo saya. Ibu minta bantuan ke Menkopolhukam Seskab setelah dapet info intelejen kalau ada rencana penjarahan tapi tidak ada arahan tindakan tegas dari rekan menteri. Udahlah Bu kerja di IMF lagi aja""""",negative,bu sama kalau jadi ibu emang resign bu denger ulas tempo ibu minta bantu menkopolhukam seskab dapet info intelejen kalau rencana penjarahan tidak arah tindak tegas rekan menteri udahlah bu kerja imf
"""""@tham878 Gpp sih kalau memang pelaku anarkis yg merusak fasilitas umum penjarahan dan potensi membahayakan nyawa orang lain juga keamanan negara memang kudu tegas.""""",positive,tidak apa sih kalau memang laku anarkis perusakan fasilitas umum penjarahan potensi bahaya nyawa orang aman negara memang kudu tegas
"""""Bagaimana mungkin rumah pejabat Menteri Keuangan dengan pengamanan yang ada bisa terjadi penjarahan pasca demo usai ? #SuaraKonstituen https://t.co/UCBkMzlGJ2""""",negative,bagaimana mungkin rumah jabat menteri uang pengamanan jadi penjarahan pasca demo usai
"""""Bupati Kediri Hanindhito Himawan Pramana atau Mas Dhito menegaskan batas waktu pengembalian barang hasil penjarahan saat aksi massa Sabtu (30/8/2025) berakhir pada Sabtu (6/9/2025). https://t.co/O2j4ezzb37""""",neutral,bupati diri hanindhito himawan pramana mas dhito tegas batas waktu pengembalian barang hasil penjarahan aksi massa sabtu 30 8 2025 akhir sabtu 6 9 2025
"""""Video Jumlah Tersangka Penjarahan Rumah Uya Kuya Bertambah Jadi 12 Orang https://t.co/hmW0treOky""""",neutral,video jumlah sangka penjarahan rumah uya kuya tambah jadi 12 orang
"""""@democrazymedia 1) Yang 'bermain' menunggangi aksi2 unjuk rasa menjadi kerusuhan/penjarahan yg TERORGANISIR pasti elemen2 dr Institusi2. 2) Badan2 Intelligence pasti sdh tahu sebelum &amp"";"" pada saat kejadian tetapi TDK LAPORKAN ke Prbw. MENGAPA? 3) Elemen2 di Lingkaran Prbw punya 'Agenda'?""""",negative,1 main tunggang aksi unjuk rasa jadi kerusuhan penjarahan organisir elemen institusi 2 badan intelligence tahu amp jadi tetapi tidak lapor prbw 3 elemen lingkar prbw punya agenda
"""""Penjarahan yang terjadi di rumah Ahmad Sahroni beberapa waktu lalu menimbulkan aksi intimidasi ke juru kamera dan reporter insert. https://t.co/kipHQguQVe""""",negative,penjarahan jadi rumah ahmad sahroni beberapa waktu lalu timbul aksi intimidasi juru kamera reporter insert
"""""@ARSIPAJA Sementara ada penjarahan pun juga diam2 saja penjarahan di rumah pejabat negara """"",negative,penjarahan diam penjarahan rumah jabat negara
"""""@dawiguna @mas_veel Yg bilang penjarahan sbg bentuk dr pelaksanaan UU Perampasan Aset adlh luapan kekecewaaan rakyat. Tp apakah dibenarkan? Tdk krn penjarahan itu adlh kriminal. Org marah tdhp tunjangan DPR yg tinggi krn alsan yg disampaikan tdk wajar...sewa rmh 3jt/hari. Mknya rakyat marah.""""",positive,bilang penjarahan bentuk laksana uu perampasan aset adlh kamuapan kecewa rakyat benar tidak penjarahan adlh kriminalitas org marah tdhp tunjang dpr tinggi alsan sampai tidak wajar sewa rmh 3jt hari mknya rakyat marah
"""""Video Jumlah Tersangka Penjarahan Rumah Uya Kuya Bertambah Jadi 12 Orang https://t.co/7rnkLVRxId""""",neutral,video jumlah sangka penjarahan rumah uya kuya tambah jadi 12 orang
"""""Kucing-kucing milik Uya Kuya ikut jadi korban penjarahan. https://t.co/JTKEtra9wZ""""",neutral,kucing kucing milik uya kuya ikut jadi korban penjarahan
"""""@BennyHarmanID Itulah mengapa penegakkan hukum di negeri ini makin runtuh siapa bersalah apalagi mengakibatkan korban meninggal harus ada pertanggungjawabannya Terlebih Dalang Kerusuhan yg seharusnya sdh bisa diketahui dari BB Video2 Ancaman thd Presiden&amp"";Provokator2 Pembakaran &amp;"" Penjarahan.""""",negative,tegak hukum negeri makin runtuh siapa salah akibat korban tinggal pertanggungjawabannya lebih dalang kerusuhan tahu bb video ancam thd presiden amp provokator pembakaran amp penjarahan
"""""@tvOneNews 1) Sahroni tahu ada Hidden Actors yg bukan kaleng2 dibalik Penjarahan rumahnya. 2) Dia sdh familiar dgn 'permainan' macam ini.""""",neutral,1 sahroni tahu hidden actors bukan kaleng balik penjarahan rumah 2 familiar main macam
"""""Aneh bin ajaib soal terjadinya penjarahan dirumah menteri keuangan Sri Mulyani? . . . . Gudang Garam PACAR SAYA Freeport Marceng AS Trencin Witan Voucher Bonus. https://t.co/GS7FWxFVDq""""",negative,aneh bin ajaib soal jadi penjarahan rumah menteri uang sri mulyani gudang garam pacar freeport marceng as trencin witan voucher bonus
"""""@yaniarsim @RajaJuliAntoni Kemana yg kmrin2 teriak kencang saat penjarahan rumah Sahroni??? Kok pada diam saat SDA negara di jarah??? #PejabatSampah""""",negative,kmrin teriak kencang penjarahan rumah sahroni kok diam sda negara jarah
"""""Lah Rakyat Gimana.. Bukan Rakyat yg mulai penjarahan ini.. ini ada yg sangat ahli dan taktis... melakukan penjarahan waktu itu""""",negative,lah rakyat gimana bukan rakyat mulai penjarahan sangat ahli taktis laku penjarahan waktu
"""""@mas_veel Dari pertama sikap saya tegas anti korupsi dan anti intoleransi Perilaku sok kaya dan menghina Sahroni jelas melukai hati rakyat Hanya penjarahan rumah Sahroni dll itu juga merupakan suatu bentuk korupsi sekaligus intoleransi dan saya menolak komunisme dlm wujud apapun""""",positive,pertama sikap tegas anti korupsi anti intoleransi perilaku sok kaya hina sahroni jelas luka hati rakyat penjarahan rumah sahroni rupa suatu bentuk korupsi sekaligus intoleransi tolak komunisme wujud apa
"""""@tempodotco Demonstrasi yg berkembang menjadi kerusuhan (penjarahan dan pembakaran) yang menjadi faktor utama turunnya IHSG dan melemahnya nilai tukar Rp.. BUKAN KARENA ISU SRI MULYANI MUNDUR. Kita tidak percaya dia mundur. Meskipun dia minta mundur pasti akan di tolak.""""",neutral,demonstrasi kembang jadi kerusuhan penjarahan pembakaran jadi faktor utama turun ihsg lemah nilai tukar rp bukan isu sri mulyani mundur tidak percaya mundur meski minta mundur tolak
"""""Orang2 DPR yg ngejek2in rakyat juga akhirnya ketauan punya harta yg ga kira2 banyaknya stlh dijarah rumahnya. Kalo tau masalah ketimpangan upah yg gak layak ini udah masuk akal. Penjarahan emang jelek cuman ini menunjukkan bahwa orang2 pada gak punya sense matematika yg jalan.""""",negative,orang dpr ngejek2in rakyat akhir tau punya harta ga kira banyak stlh penjarahan rumah kalo tau masalah timpang upah tidak layak masuk akal penjarahan emang jelek cuman tunjuk orang tidak punya sense matematika jalan
"""""@yoboseho Menurut berita terkini keberadaan Ahmad Sahroni masih belum diketahui setelah insiden penjarahan rumahnya di Tanjung Priok. Partai NasDem bilang mereka belum dapat info lokasinya. Ada rumor kabur ke luar negeri tapi belum dikonfirmasi. Kamu punya teori?""""",neutral,berita kini ada ahmad sahroni belum tahu insiden penjarahan rumah tanjung priok partai nasdem bilang belum info lokasi rumor kabur kamuar negeri belum konfirmasi kamu punya teori
"""""@masarukasu @BattleboyA239 411 juga sempat ada aksi penjarahan ke etnis Tionghua. Mereka (kaum 212) belajar dari sana dengan cara pulang sebelum malam jadi rusuh2 habis demo bukan salah pendemo.""""",positive,411 sempat aksi penjarahan etnis tionghua kaum 212 ajar sana cara pulang malam jadi rusuh habis demo bukan salah demo
"""""@jonmamau @neVerAl0nely__ Elu tau ngga para pelaku kerusuhan dan penjarahan yg ketangkep polisi itu mayoritas anak2 SMA/SMK bahkan banyak yg masih SMP""""",neutral,elu tau ngga laku kerusuhan penjarahan ketangkep polisi mayoritas anak samaa samak bahkan banyak samap
"""""@johchr_29 @txtdrjkt Kita gak tau itu yg bakar beneran pendemo atau kelompok suruhan. Karna aksi kemarin fix ditunggangi politik. Jadi bisa bener bisa salah. . Yg kita bisa lihat pasti adalah siapa orang yg paling diuntungkan saat pembakaran dan penjarahan ini terus pola terciptanya demo ini. https://t.co/cjWvTARRfk""""",negative,tidak tau bakar beneran demo kelompok suruh karna aksi kemarin fix tunggang politik jadi bener salah lihat siapa orang paling untung pembakaran penjarahan terus pola cipta demo
"""""lebih gampang misi penjarahan rumah sahroni njir daripada ketemu danuel alveric""""",negative,lebih gampang misi penjarahan rumah sahroni njir ketemu danuel alveric
"""""Aksi penjarahan di masa genting bukan hanya soal keamanan fisik tapi juga soal kepercayaan publik. Jenderal Tandyo Budi Revita menegaskan bahwa TNI siap membantu kapan pun selama sesuai dengan prosedur hukum. #TNITaatKonstitusi #NKRI #TNIProfesional #tnisetia #tnicintadamai https://t.co/rG1D7lXRdh""""",positive,aksi penjarahan masa genting bukan soal aman fisik soal percaya publik jenderal tandyo budi revita tegas tni siap bantu kapan lama sesuai prosedur hukum
"""""@mikosptro @BudiBukanIntel Betul yg jelas tidak mungkin masyarakat sekitar yg melakukan. Tidak pernah belajar dari penjarahan 1998""""",negative,betul jelas tidak mungkin masyarakat laku tidak pernah ajar penjarahan 1998
"""""1 parjo admin (beberapa) grup wa 1 ibu2 sipil yg terkait dgn parjo jg jd kompor 1 sipil yg bilangnya disuruh anak parjo Ini parjo kalah telak ama parcok asli Belum hoodie putih n kode2 n drone di penjarahan Udah kalah gini msh ada yg mau ngajuin darurat militer""""",negative,1 parjo admin beberapa grup wa 1 ibu sipil kait parjo jadi kompor 1 sipil bilang suruh anak parjo parjo kalah telak ama parcok asli belum hoodie putih n kode n drone penjarahan kalah gin mau ngajuin darurat militer
"""""@abdimohamadeko1 @somexthread Berdasarkan pencarian berita terkini ada klaim viral dari video yang beredar menunjukkan senjata laras panjang ditemukan saat penjarahan rumah Ahmad Sahroni pada 30 Agustus 2025. Namun ini belum dikonfirmasi resmi dan polisi sedang menyelidiki keberadaan senjata api tersebut.""""",neutral,dasar cari berita kini klaim viral video edar tunjuk senjata laras panjang temu penjarahan rumah ahmad sahroni 30 agustus 2025 belum konfirmasi resmi polisi sedang selidik ada senjata api sebut
"""""@somexthread @grok benarkah di rumah Sahroni di temukan senjata Laras panjang atau senapan serbu waktu penjarahan di rumahnya?""""",neutral,benar rumah sahroni temu senjata laras panjang senapan serbu waktu penjarahan rumah
"""""@e100ss Kalau sudah tahu terlatih dan terorganisaai berarti aparat Intelijen gak fungsi dong karena massa berhasil melakukan kerusuhan pembakaran dan penjarahan. Terus apa kerja Intelijen ?""""",negative,kalau tahu latih terorganisaai arti aparat intelijen tidak fungsi dong massa hasil laku kerusuhan pembakaran penjarahan terus apa kerja intelijen
"""""Polisi Tetapkan 12 Tersangka Penjarahan Rumah Uya Kuya https://t.co/iJizbbjpme""""",neutral,polisi tetap 12 sangka penjarahan rumah uya kuya
"""""Polda Jawa Timur (Jatim) mengamankan dan menetapkan sembilan orang sebagai tersangka terkait kasus perusakan pembakaran hingga penjarahan Gedung Negara Grahadi Surabaya. Delapan dari sembilan pelaku masih di bawah umur. https://t.co/fM7U8IqDY1""""",neutral,polda jawa timur jatim aman tetap sembilan orang sangka kait kasus perusakan pembakaran hingga penjarahan gedung negara grahadi surabaya delapan sembilan laku bawah umur
"""""@adepedia 20 personel apa gak sanggup nahan penjarah? Kayaknya yg di SMI waktu awal2 mulai penjarahan massanya gak sebanyak di syahRONI""""",negative,20 personel apa tidak sanggup nahan jarah kayak sama waktu awal mulai penjarahan massa tidak banyak syahroni
"""""Kata Tempo SMI udah minta mundur dua kali terutama masalah penjarahan rumahnya. Pertama minggu pagi (31/8) di Hambalang. Kedua sore harinya saat pertemuan informal dengan Prabowo &amp"";"" Airlangga. Sore itu ada pertemuan dengan ketua parpol.""""",neutral,kata tempo sama minta mundur kali utama masalah penjarahan rumah pertama minggu pagi 31 8 hambalang dua sore hari temu informal prabowo amp airlangga sore temu ketua parpol
"""""Kediaman Uya Kuya dijarah saat demonstrasi di Duren Sawit. Polisi menetapkan 12 tersangka sementara Uya memilih berdamai dengan salah satu pelaku. https://t.co/f2N9K8oloo""""",positive,diam uya kuya penjarahan demonstrasi duren sawit polisi tetap 12 sangka uya pilih damai salah satu laku
"""""Kasus penjarahan ini menyoroti kerentanan hukum dan ketertiban di beberapa wilayah terutama ketika massa berkumpul. Ini menunjukkan perlunya peningkatan edukasi hukum dan penegakan tegas agar masyarakat tidak mudah terprovokasi dan bertindak anarkis.""""",positive,kasus penjarahan sorot rentan hukum tertib beberapa wilayah utama massa kumpul tunjuk perlu tingkat edukasi hukum tega tegas masyarakat tidak mudah provokasi tindak anarkis
"""""Para tersangka memiliki peran berbeda-beda mulai dari provokator aksi pelaku penjarahan barang-barang hingga penyerangan terhadap petugas kepolisian yang datang ke lokasi kejadian.""""",neutral,sangka milik peran beda beda mulai provokator aksi laku penjarahan barang barang hingga serang tugas polisi datang lokasi jadi
"""""Polisi Metro Jakarta Timur telah menetapkan 12 tersangka dalam kasus penjarahan rumah anggota DPR Uya Kuya di Pondok Bambu Duren Sawit. Kasus ini menarik perhatian publik luas. https://t.co/HYZA23jxUu""""",positive,polisi metro jakarta timur tetap 12 sangka kasus penjarahan rumah anggota dpr uya kuya pondok bambu duren sawit kasus tarik perhati publik kamuas
"""""Setiap warga negara berhak menyuarakan pendapatnya. Namun kebebasan berpendapat harus dilakukan secara damai tertib serta jangan terprovokasi untuk melakukan perusakan dan penjarahan. #SalingJagaIndonesia https://t.co/ydJyYQfe2l""""",positive,warga negara hak suara dapat bebas dapat laku damai tertib jangan provokasi laku perusakan penjarahan
"""""Setiap warga negara berhak menyuarakan pendapatnya. Namun kebebasan berpendapat harus dilakukan secara damai tertib serta jangan terprovokasi untuk melakukan perusakan dan penjarahan. #SalingJagaIndonesia https://t.co/63wjRMYJmO""""",positive,warga negara hak suara dapat bebas dapat laku damai tertib jangan provokasi laku perusakan penjarahan
"""""@democrazymedia Demo dan penjarahan kmarin salah almt harusnya ke ini orang""""",negative,demo penjarahan kmarin salah almt harus orang
"""""@bakuldimsum_ Ada kak 19 jt lowongan buzzer dan provokator penjarahan""""",negative,kak 19 jt lowong buzzer provokator penjarahan
"""""@CurutMincu37043 kalau temen sendiri biasanya tidak kelihatan dan Denial wkwk. Padahal yang dimasalahin itu demo anarkis dan penjarahan itu. Tapi lihat saja sekarang kelompoknya Ferry Irwandi merasa paling berjasa di demo DPR kemarin. Bahkan merasa paling berhak bikin tuntutan tapi nyalahin""""",negative,kalau temen sendiri biasa tidak lihat denial haha padahal dimasalahin demo anarkis penjarahan lihat sekarang kelompok ferry irwandi rasa paling jasa demo dpr kemarin bahkan rasa paling hak bikin tuntut nyalahin
"""""Polres Jaktim tetapkan 12 tersangka kasus penjarahan rumah Uya Kuya di Pondok Bambu. Kapolres: ada provokator pelaku penjarahan &amp"";"" penyerang petugas. Polisi masih buru pelaku lain. #UyaKuya #Polri #Jakarta https://t.co/Iny4fdtEKN""""",neutral,polres jaktim tetap 12 sangka kasus penjarahan rumah uya kuya pondok bambu kapolres provokator laku penjarahan amp serang tugas polisi buru laku
"""""Polisi menetapkan 12 tersangka dalam kasus penjarahan rumah politikus PAN Uya Kuya. Penjarahan terjadi di Duren Sawit Jakarta Timur. https://t.co/6rIlQO1Ihi""""",neutral,polisi tetap 12 sangka kasus penjarahan rumah politikus pan uya kuya penjarahan jadi duren sawit jakarta timur
"""""@tvOneNews Penjarahan harus di tindak tegas melalui hukum yg berlaku biar efek jera kepada siapapun yg melakukan kedepannya.""""",positive,penjarahan tindak tegas lalu hukum laku biar efek jera siapa laku depan
"""""Gaes please nonton ini dan sebarkan. Kerusuhan dan penjarahan Agustus lalu itu bener2 sistematis. Yes kita udah menduga ke arah sana sejak awal. Tapi info2 dan analisis dr Tempo lebih tajam dan bikin gue makin hah heh hoh.""""",negative,gaes nonton sebar kerusuhan penjarahan agustus lalu bener sistematis yes duga arah sana sejak awal info analisis tempo lebih tajam bikin gue makin hah heh hoh
"""""@si4riNew @bulepotanx Presiden Prabowo punya rekam jejak buruk selama tragedi 1998. Beliau turut andil dalam eskalasi kerusuhan dan penjarahan etnis Chindo. Orang China daratan menganggap keturunan China diaspora sebagai saudara mereka makanya sampe sekarang mereka masih gak terima.""""",negative,presiden prabowo punya rekam jejak buruk lama tragedi 1998 beliau turut andil eskalasi kerusuhan penjarahan etnis chindo orang china darat anggap turun china diaspora saudara makanya sampe sekarang tidak terima
"""""Kasus Penjarahan Rumah Uya Kuya Polisi Tetapkan 12 Tersangka https://t.co/FEXfihEiR3 https://t.co/K3ZO7tWZnb""""",neutral,kasus penjarahan rumah uya kuya polisi tetap 12 sangka
"""""Skrg malah cosplay penjarahan di rmhnya..Ya Gustiii itu makin ngeledek. Bnr2 udh mati hati nuraninya. Inget gaes 2029 JGN PILIH DARI ARTIS !!!""""",negative,skrg malah cosplay penjarahan rmhnya gusti makin ngeledek bnr mati hati nurani inget gaes 2029 jgn pilih artis
"""""@neVerAl0nely__ bisa kau buktikan ini video setelah penjarahan?""""",neutral,kau bukti video penjarahan
"""""12 Orang Jadi Tersangka Penjarahan di Rumah Uya Kuya https://t.co/LE8PYFW505""""",neutral,12 orang jadi sangka penjarahan rumah uya kuya
"""""Tambah Lagi! 12 Orang Kini jadi Tersangka Penjarahan Rumah Uya Kuya https://t.co/pGkvN0cusc""""",neutral,tambah 12 orang kini jadi sangka penjarahan rumah uya kuya
"""""Perusakan Penjarahan atau Pembakaran bukan hasil provokasi tapi hasil manipulasi irrasional yang diorkestrasi mereka yang punya kekuatan untuk memanfaatkannya! https://t.co/ltG8rnvt8A""""",negative,perusakan penjarahan pembakaran bukan hasil provokasi hasil manipulasi irrasional orkestrasi punya kuat manfaat
"""""Pada dasarnya hasutan untuk bertindak irrasional seperti pembakaran penjarahan atau perusakan adalah tindakan demagogis bukan provokasi. https://t.co/DtabvaVnsH""""",positive,dasar hasut tindak irrasional pembakaran penjarahan perusakan tindak demagogis bukan provokasi
"""""Tersangka Kasus Penjarahan Rumah Uya Kuya Jadi 12 Orang https://t.co/A90my0GT8A""""",neutral,sangka kasus penjarahan rumah uya kuya jadi 12 orang
"""""@judiciYASS penjarahan di rumah sahroni""""",neutral,penjarahan rumah sahroni
"""""Kerusuhan penjarahan dan kabar mundurnya Menteri Keuangan Sri Mulyani membuat pelaku pasar keuangan resah. Indeks Harga Saham Gabungan dan kurs rupiah sempat anjlok. Menteri Koordinator Perekonomian Airlangga Hartarto mesti turun ke lantai bursa untuk menenangkan pasar. https://t.co/ukwEnTmJ8b""""",neutral,kerusuhan penjarahan kabar mundur menteri uang sri mulyani buat laku pasar uang resah indeks harga saham gabung kurs rupiah sempat anjlok menteri koordinator ekonomi airlangga hartarto mesti turun lantai bursa tenang pasar
"""""Isu Sri Mulyani Mundur Meresahkan Pelaku Pasar Kerusuhan penjarahan dan kabar mundurnya Menteri Keuangan Sri Mulyani membuat pelaku pasar keuangan resah. Indeks Harga Saham Gabungan dan kurs rupiah sempat anjlok. Menteri Koordinator Perekonomian Airlangga Hartarto mesti turun https://t.co/MDE9jmzOAG""""",neutral,isu sri mulyani mundur resah laku pasar kerusuhan penjarahan kabar mundur menteri uang sri mulyani buat laku pasar uang resah indeks harga saham gabung kurs rupiah sempat anjlok menteri koordinator ekonomi airlangga hartarto mesti turun
"""""Tersangka Kasus Penjarahan Rumah Uya Kuya Bertambah Jadi 12 Orang https://t.co/ho87qrWJY6""""",neutral,sangka kasus penjarahan rumah uya kuya tambah jadi 12 orang
"""""@PreciosaKanti Kok kmrn lolos dr penjarahan ya nih org""""",negative,kok kmrn lolos penjarahan nih org
"""""Pihak kepolisian memberikan kabar terkini perihal kasus penjarahan rumah Uya Kuya. Disebutkan ada 12 orang ditetapkan sebagai tersangka. https://t.co/p3MGD46Hwz""""",neutral,pihak polisi beri kabar kini perihal kasus penjarahan rumah uya kuya sebut 12 orang tetap sangka
"""""Polres Metro Jakarta Timur menetapkan 12 orang sebagai tersangka dalam kasus penjarahan rumah Anggota Komisi IX DPR (nonaktif) Surya Utama atau Uya Kuya di kawasan Pondok Bambu Duren Sawit Jakarta Timur Sabtu (30/8) malam. 12 orang yang sudah kami tetapkan sebagai https://t.co/kXslZmERvV""""",neutral,polres metro jakarta timur tetap 12 orang sangka kasus penjarahan rumah anggota komisi ix dpr nonaktif surya utama uya kuya kawasan pondok bambu duren sawit jakarta timur sabtu 30 8 malam 12 orang tetap
"""""@txtdrimedia Kmrn kok lolos dr penjarahan""""",negative,kmrn kok lolos penjarahan
"""""Penjarahan di Rumah Uya Kuya 12 Orang jadi Tersangka https://t.co/G9q5rcvKwo""""",neutral,penjarahan rumah uya kuya 12 orang jadi sangka
"""""Taktik Kuno Lagian kalian kok bisa cari Kambing Hitam atas penjarahan sementara Bandar Judol meuni hararese? Cuma masang Spanduk Stop Judi Online/Offline ? Jangan2 orang2an lo lagi yak? Salam Presisi""""",negative,taktik kuno lagi kalian kok cari kambing hitam atas penjarahan bandar judol meuni hararese cuma masang spanduk stop judi online offline jangan orang2an lo yak salam presisi
"""""Polisi Tetapkan 12 Tersangka dalam Kasus Penjarahan Rumah Uya Kuya #Polisi #Tetapkan #Tersangka #Kasus #Penjarahan #Rumah #UyaKuya #DemoBuruh #DemoMassa #Berita #Info https://t.co/9HCYroqgvr""""",neutral,polisi tetap 12 sangka kasus penjarahan rumah uya kuya
"""""'Black mamba' viral dikaitkan hoax temuan penjarahan warga di rumah politisi. Terlepas dari itu ini kata dr Boyke. https://t.co/pIl23FRRGU""""",neutral,black mamba viral kait hoax temu penjarahan warga rumah politis lepas kata boyke
"""""@milenialbantenz Fokus pada tuntutan jaga persatuan dan jangan sampai ada penjarahan di lingkungan sekitar""""",positive,fokus tuntut jaga satu jangan penjarahan lingkung
"""""Penjarahan tidak bisa dibenarkan https://t.co/iLQBsK8WJB""""",positive,penjarahan tidak benar
"""""Polres Metro Jakarta Timur menetapkan 12 orang sebagai tersangka dalam kasus penjarahan rumah Anggota Komisi IX DPR (nonaktif) Surya Utama atau Uya Ku... https://t.co/6iHKv9rsBf""""",neutral,polres metro jakarta timur tetap 12 orang sangka kasus penjarahan rumah anggota komisi ix dpr nonaktif surya utama uya ku
"""""Viral. Sri Mulyani Patah Hati Lukisan Bunga Dijarah #srimulyani #patahhati #penjarahan #quotes #fyp https://t.co/J26RtxOIZr""""",negative,viral sri mulyani patah hati kamukisan bunga penjarahan
"""""@savicali Ada dua kemungkinan maksud dari konseptor penjarahan: 1.Ingin menambah ekshalasi kerusuhan dengan penjarahan rumah personal pejabat. 2.Ingin mengalihkan sasaran kerusuhan dari kemarahan pada institusi menjadi kemarahan pada personal pejabat. Entah yang mana maksudnya?""""",neutral,mungkin maksud konseptor penjarahan 1 tambah ekshalasi kerusuhan penjarahan rumah personal jabat 2 alih sasar kerusuhan marah institusi jadi marah personal jabat entah mana maksud
"""""@kompascom Bukan penjarahan sih cuma pindahan diamankan dulu.""""",neutral,bukan penjarahan sih cuma pindah aman dulu
"""""Tapi ni bukan pembunohan besar-besaran dan penjarahan oleh pihak luarlah. Lebih ke perang saudara dan campur tangan Belanda. Sengaja menyelit. Hehe.""""",neutral,ni bukan pembunohan besar besar penjarahan pihak kamuarlah lebih perang saudara campur tangan belanda sengaja selit haha
"""""Begitu brutalnya pembakaran halte dan fasilitas umum hingga penjarahan rumah sejumlah pejabat telah mengkambinghitamkan perjuangan emansipasi rakyat. https://t.co/36ACmdMCdz""""",negative,brutal pembakaran halte fasilitas umum hingga penjarahan rumah jumlah jabat mengkambinghitamkan juang emansipasi rakyat
"""""Direktorat Tindak Pidana Siber Bareskrim Polri bersama Polda jajaran menangkap 7 orang tersangka yang diduga menyebarkan konten provokatif di media sosial terkait aksi penjarahan @CCICPolri https://t.co/LVsqYhGHe5""""",neutral,direktorat kriminalitas siber bareskrim polri sama polda jajar tangkap 7 orang sangka duga sebar konten provokatif media sosial kait aksi penjarahan
"""""Jadi siapa yg memotori penjarahan rumah Sahroni Eko Uya Kuya dan Sri Mulyani? Karena jawabannya membantu kita memahami apa yg sesungguhnya terjadi. Organik warga marah yg digerakkan Tiktok ato dimotori org-org terorganisir? Smntr ini yg ditangkep sptnya msh org sekitar.""""",negative,jadi siapa motor penjarahan rumah sahroni eko uya kuya sri mulyani jawab bantu paham apa sungguh jadi organik warga marah gerak tiktok ato motor org org organisir samantr ditangkep sptnya org
"""""@ARSIPAJA Sepertinya ibu ini tidak sadar bahwa dirinya selama ini telah lakukan penjarahan secara masal dan lebih besar besaran pada rakyat ini untuk biayai kelakuan konco konconya di pemerintahan dan parlemen..""""",negative,seperti ibu tidak sadar diri lama laku penjarahan masal lebih besar besar rakyat biaya laku konco konco perintah parlemen
"""""@tanyarlfes penjarahan rumah fizi""""",neutral,penjarahan rumah fizi
"""""Direktorat Tindak Pidana Siber Bareskrim Polri bersama Polda jajaran menangkap 7 orang tersangka yang diduga menyebarkan konten provokatif di media sosial terkait aksi penjarahan #PolriPresisi #SalamPresisi #StaySafe #HindariProvokasi https://t.co/tAksoBo8zs""""",neutral,direktorat kriminalitas siber bareskrim polri sama polda jajar tangkap 7 orang sangka duga sebar konten provokatif media sosial kait aksi penjarahan
"""""Mari Jaga Kondusifitas Tolak Anarkis Penjarahan dan Mari kawal aspirasi dengan cara Damai dan Bermartabat https://t.co/hq6kMg3X5Y""""",positive,jaga kondusifitas tolak anarkis penjarahan kawal aspirasi cara damai martabat
"""""@pjwoocue @txtdrimedia Laah mang mereka goblok siy.. Lah wong gak ada syarat S1. Saat penjarahan jg gak ada buku drmh2 mewah itu""""",negative,laah mang goblok siy lah wong tidak syarat s penjarahan tidak buku drmh mewah
"""""@didilionrich Memang keputusan di DPR bersifat kolektif kolegial tapi @puanmaharani_ri yg termasuk yg se7. IRONIS MEMANG sebuah partai dg jargon partai WONG CILIK sikapnya gitu. Pdhal bisa saja dia tolak tt https://t.co/BOYtBmK3EP Walaupun demikian bukan artinya saya se7 penjarahan ya.""""",positive,memang putus dpr sifat kolektif kolegial masuk se ironis memang buah partai jargon partai wong cilik sikap gitu pdhal tolak tt walaupun bukan arti se penjarahan
"""""Keluarga Ahmad Sahroni tidak akan melaporkan ke polisi bagi warga yang mengembalikan barang-barang hasil jarahan mereka. Polres Metro Jakarta Utara telah melimpahkan pengungkapan kasus penjarahan rumah Ahmad Sahroni ke Polda Metro Jaya. Pihak keluarga juga menegaskan tidak https://t.co/PZ2ijKHUcz""""",positive,keluarga ahmad sahroni tidak lapor polisi warga kembali barang barang hasil jarah polres metro jakarta utara limpah ungkap kasus penjarahan rumah ahmad sahroni polda metro jaya pihak keluarga tegas tidak
"""""https://t.co/xk7DyUOiz6 CILACAP - Penanganan kasus kerusuhan yang berujung perusakan penjarahan hingga pembakaran kantor DPRD Kabupaten Cilacap pada Sabtu 30 Agustus 2025 masih terus bergulir. Polresta Cilacap memastikan jumlah tersangka yang awalnya 12 orang kini meningkat https://t.co/R0CvcIWWDF""""",neutral,cilacap tangan kasus kerusuhan ujung perusakan penjarahan hingga pembakaran kantor dprd kabupaten cilacap sabtu 30 agustus 2025 terus gulir polresta cilacap pasti jumlah sangka awal 12 orang kini tingkat
"""""Dugaan Sementara Netizen Tentang Keterlibatan Refly Harun Dalam Peristiwa Demonstrasi dan Penjarahan Di Rumah Ahmad Sahroni Eko Patrio Nafa Urbach dan Uya Kuya Menemui Titik Terang Setelah Delpedro Marhaen Diciduk.""""",negative,duga netizen libat refly harun peristiwa demonstrasi penjarahan rumah ahmad sahroni eko patrio nafa urbach uya kuya temu titik terang delpedro marhaen ciduk
"""""Polda Jatim mengungkap penangkapan MT (19) warga Sampang yang melakukan penjarahan di Polsek Tegalsari Surabaya saat kerusuhan 29 31 Agustus 2025. @DivHumas_Polri #polriuntukmasyarakat #polripresisi #humaspolri #humaspoldajatim #poldajatim #polripeduli #unjukrasa #jawatimur https://t.co/ZRTqT3AlRQ""""",neutral,polda jatim ungkap tangkap mt 19 warga sampang laku penjarahan polsek tegalsari surabaya kerusuhan 29 31 agustus 2025
"""""Polda Jatim berhasil mengungkap rangkaian Aksi Anarkis yang terjadi di Kota Surabaya pada 29 31 Agustus 2025.Dari aksi pembakaran Gedung Negara Grahadi penjarahan di sejumlah lokasi hingga penganiayaan Aparat total 33 orang telah ditetapkan sebagai tersangka. @DivHumas_Polri https://t.co/vqcFkwy5nE""""",neutral,polda jatim hasil ungkap rangkai aksi anarkis jadi kota surabaya 29 31 agustus 2025 aksi pembakaran gedung negara grahadi penjarahan jumlah lokasi hingga aniaya aparat total 33 orang tetap sangka
"""""Polres Metro Jakarta Utara Fasilitasi Penyerahan Barang Hasil Penjarahan di Rumah Ahmad Sahroni https://t.co/D7mZinRTVI""""",positive,polres metro jakarta utara fasilitas serah barang hasil penjarahan rumah ahmad sahroni
"""""Sejumlah pejabat publik mengalami penjarahan di rumahnya. Usut punya usut akibat dari sikap dan pernyataannya yang memantik kemarahan masyarakat. Ikuti pembahasan selengkapnya di #PopNewsKompasTV pukul 09.30 WIB! ▶️https://t.co/rUTSoY7Gv2 https://t.co/m528t7bpjO""""",neutral,jumlah jabat publik alami penjarahan rumah usut punya usut akibat sikap nyata mantik marah masyarakat ikut bahas lengkap pukul 09 30 wib
"""""GUA SAMA SEKALI GAK SUKA DAN GA SETUJU ADANYA PENJARAHAN Tapi gue demen doi ga nyaman dan ngerasa ga aman""""",negative,sama sekali tidak suka ga tuju ada penjarahan gue demen doi ga nyaman ngerasa ga aman
"""""Polresta Cirebon Ungkap Kasus Pengrusakan dan Penjarahan di Gedung DPRD dan Taman Pataraksa Polresta Cirebon berhasil mengungkap kasus pengrusakan pembakaran dan penjarahan yang terjadi di Kantor DPRD Kabupaten Cirebon dan Taman Pataraksa milik Dinas Lingkungan Hidup (DLH) https://t.co/zFb2NXvzFS""""",neutral,polresta cirebon ungkap kasus rusa penjarahan gedung dprd taman pataraksa polresta cirebon hasil ungkap kasus rusa pembakaran penjarahan jadi kantor dprd kabupaten cirebon taman pataraksa milik dinas lingkung hidup dlh
"""""@ARSIPAJA Penjarahan terbesar tuh dari pemerintah itu sendiri 1. Perampasan tanah adat 2. Perampasan tanah rakyat 3. Kerusakan lingkungan akibat tambang 4. Lingkungan jadi tercemar dan banyak rakyat yang jadi korbannya 5. Mengeruk SDA nya tetapi masyarakatnya yang jadi korbannya""""",negative,penjarahan besar tuh perintah sendiri 1 perampasan tanah adat 2 perampasan tanah rakyat 3 rusa lingkung akibat tambang 4 lingkung jadi cemar banyak rakyat jadi korban 5 keruk sda nya tetapi masyarakat jadi korban
"""""Gara2 penjarahan &amp""; rusuh kemaren tiap ada perlu malem2 dan liat toko2 pada tutup jd parno sendiri Minggu lalu bener2 selisih sekian menit dari aku keluar beli makan sebelum ada kerusuhan &amp;"" pembakaran. Ngeri sendiri kalo diinget2""""",negative,gara penjarahan amp rusuh kemaren tiap perlu malem liat toko tutup jadi parno sendiri minggu lalu bener selisih sekian menit aku keluar beli makan kerusuhan amp pembakaran ngeri sendiri kalo diinget
"""""@hewentbananas @ariefrvv @salam4jari Si dongo msi aja denial ibu2 yg treak provokasi di tengah2 aksi penjarahan dan lantas di jadikan simbol pergerakan oleh para penjarah lalu lu glorifikasi? Logika iblis emang bebal """"",negative,si dongo msi denial ibu treak provokasi tengah aksi penjarahan lantas jadi simbol gera jarah lalu kamu glorifikasi logika iblis emang bebal
"""""Sejarah Kerusuhan Demo tahun 1998 seperti terulang lagi. Ada yg meninggal ada yg luka ada yg hilang ada penjarahan dan pembakaran. Padahal pemerintahan sekarang belum ada setahun. https://t.co/5X64U4gvfU https://t.co/Nh62qHqrCb""""",negative,sejarah kerusuhan demo tahun 1998 ulang tinggal kamuka hilang penjarahan pembakaran padahal perintah sekarang belum tahun
"""""Polda Jawa Timur menetapkan 42 tersangka dalam kerusuhan yang terjadi di Surabaya pada 29-31 Agustus 2025 termasuk pelaku pembakaran dan penjarahan d... https://t.co/oMERWjbX3p""""",neutral,polda jawa timur tetap 42 sangka kerusuhan jadi surabaya 29 31 agustus 2025 masuk laku pembakaran penjarahan d
"""""@ARSIPAJA Apakah Sri Mul punya rass kemanusiaan? Menjerat Rakyat Dengan Pajak Berlapis-lapis? Penjarahan rumah mu tidak sebanding dengan penjarahan uang rakyat jelata lewat berbagai rekayasa pajak berlapis mu.""""",negative,sri mul punya rass manusia jerat rakyat pajak lap lapis penjarahan rumah mu tidak banding penjarahan uang rakyat jelata lewat bagai rekayasa pajak lap mu
"""""2. Ketika dijarah ingatkan etika. Ketika memotong anggaran daerah untuk ciptakan chaos dia lupa etika. Yg bikin chaos geng dia sendiri. Kena imbas penjarahan kok marah. Ente penjahat yg dikorbankan penjahat Sri #VonisMatiNadiemMakarim #VonisMatiNadiemMakarim""""",negative,2 penjarahan ingat etika potong anggar daerah cipta chaos kamupa etika bikin chaos geng sendiri kena imbas penjarahan kok marah ente jahat korban jahat sri
"""""@XXBoom6969 @NOizsee @xsouthernswavex @wukongtuwen Buktiin aja kalo itu propaganda. Kalo gitu lu bilang penjarahan dan pemerkosaan etnis china di 98 itu hoax dong? Padahal udah diakuin sama DPR kalo itu fakta. Lu tolol apa dongo?""""",negative,buktiin kalo propaganda kalo gitu kamu bilang penjarahan perkosa etnis china 98 hoax dong padahal diakuin sama dpr kalo fakta kamu tolol apa dongo
"""""Narasi fitnah serangan personal bahkan teror rumah hingga penjarahan semua itu bukan spontan. Ada desain besar di baliknya. Targetnya jelas → membuat Bu Sri Mulyani mundur agar kursi Menkeu kosong dan stabilitas fiskal Indonesia goyah. Inilah modus klasik operasi asing.""""",negative,narasi fitnah serang personal bahkan teror rumah hingga penjarahan semua bukan spontan desain besar balik target jelas buat bu sri mulyani mundur kursi menkeu kosong stabilitas fiskal indonesia goyah ini modus klasik operasi asing
"""""@KevinDota4 @unmagnetism Haha berharap jam tangan 11 milyar ala Sahroni? Untungnya yang asli udah dikembalikan setelah kejadian penjarahan. Kalau mau yang mirip Richard Mille RM 40-01 harganya emang selangit! Apa lagi nih?""""",positive,haha harap jam tangan 11 milyar ala sahroni untung asli kembali jadi penjarahan kalau mau mirip richard mille rm 40 01 harga emang langit apa nih
"""""@ch_chotimah2 Harus ada penjarahan dlu baru si puan bersuara""""",negative,penjarahan dlu baru si puan suara
"""""@johchr_29 @txtdrjkt Tgl 25 demo terorganisir tapi gak jelas dari siapa trus di medsos viral hastag bubarkan dpr dari akun yg semua pro pemerintah dan selalu mention gibran. So kita tau pihak mana yg paling benci dpr dan semua kebakaran dan penjarahan waktunya bertahap. Masak gini aja gk paham?""""",negative,tgl 25 demo organisir tidak jelas siapa trus medsos viral hastag bubar dpr akun semua pro perintah selalu mention gibran so tau pihak mana paling benci dpr semua bakar penjarahan waktu tahap masak gin tidak paham
"""""@e100ss Lho yg nabrak itu tidak sengaja!! Dan penjarahan itu juga spontanitas!! Tidak perlu ditangkap dan hanya ucap maaf sudah beres harusnya!! #MENOLAK LUPA.""""",neutral,lho nabrak tidak sengaja penjarahan spontanitas tidak perlu tangkap ucap maaf beres harus kamupa
"""""@ARSIPAJA Penjarahan SDA kamu diem bae. Ribuan Trilyun Mingkem""""",negative,penjarahan sda kamu diem bae ribu trilyun mingkem
"""""penjarahan rumah uya https://t.co/BM58DA0yz3""""",neutral,penjarahan rumah uya
"""""Polisi berhasil menangkap 28 pelaku penjarahan kantor DPRD Kabupaten Cirebon Jawa Barat dan mengamankan berbagai barang elektronik yang dicuri. Sebagian besar dari pelaku yang ditangkap merupakan pelajar. Mereka terancam hukuman tujuh tahun penjara berdasarkan Pasal 363 tentang https://t.co/AclPRgdZYu""""",neutral,polisi hasil tangkap 28 laku penjarahan kantor dprd kabupaten cirebon jawa barat aman bagai barang elektronik curi bagi besar laku tangkap rupa ajar ancam hukum tujuh tahun penjara dasar pasal 363
"""""@DPR_RI Pasal 87 KUHP tentang tindak pidana makar cukup memenuhi unsur niat/maksud dan unsur permulaan pelaksanaan. Kalau kmrn ada berita sebut kediaman Presiden jadi sasaran yang terakhir penjarahan mnkn yg begini yg dianggap makar? https://t.co/DchRsTE26D""""",neutral,pasal 87 kuhp kriminalitas makar cukup penuh unsur niat maksud unsur mula laksana kalau kmrn berita sebut diam presiden jadi sasar akhir penjarahan mnkn begini anggap makar
"""""@Ronnie_Rusli Benar sekali ucapan seseorang terutama pejabat publik seperti Sahroni harus dipikirkan matang² sebelum diucapkan. Nasehat Sebelum bicara pikirkan bahayanya . Ucapan t*l*l dari mulutnya yang memicu amarah dan terjadi penjarahan rumahnya menunjukkan betapa berbahayanya lisan.""""",negative,benar sekali ucap orang utama jabat publik sahroni pikir matang ucap nasehat bicara pikir bahaya ucap t l l mulut picu amarah jadi penjarahan rumah tunjuk betapa bahaya lisan
"""""@OposisiCerdas Penjarahan rumah srimul settingan""""",negative,penjarahan rumah srimul settingan
"""""@MilitaryObs_ID Biasanya yg begitu cuma 2 alasan. 1. Kena propaganda anarkontol dan progreshit. 2. Dia belum pernah merasakan sendiri rasanya ditengah tengah chaos nya ketika kerusuhan horizontal kerusuhan SARA penjarahan massal terorisme teror bom perang separatis. hey semua bs jd lawan..""""",neutral,biasa cuma 2 alas 1 kena propaganda anarkontol progreshit 2 belum pernah rasa sendiri rasa tengah tengah chaos nya kerusuhan horizontal kerusuhan sara penjarahan massal terorisme teror bom perang separatis hey semua bs jadi lawan
"""""@CNNIndonesia Gak setuju dengan penjarahan tapi muak dengan para pemimpin dzalim. Tp yg menjarah juga ganjil dan mencurigakan ditambah karangan2 bunga lebay.. Ntah sengaja utk cari simpati dan ada agenda lain atau organik dr masyarakat..gak ada yg bisa dipercaya kecuali Allah Wallahu a'lam.""""",negative,tidak tuju penjarahan muak pimpin dzalim penjarahan ganjil curiga tambah karang bunga lebay ntah sengaja cari simpati agenda organik masyarakat tidak percaya allah wallahu lam
"""""Rumah Dijarah Sri Mulyani Dapat Dukungan Mengejutkan: Janji Apa? Rumah Menteri Keuangan Sri Mulyani Dijarah Banjir Dukungan Mengalir Menteri Keuangan Sri Mulyani menjadi korban penjarahan di kediamannya di Pondok Aren Tangerang Selatan pada Minggu d https://t.co/HJNwzev81g""""",positive,rumah penjarahan sri mulyani dukung kejut janji apa rumah menteri uang sri mulyani penjarahan banjir dukung alir menteri uang sri mulyani jadi korban penjarahan diam pondok aren tangerang selatan minggu d
"""""Kok bisa perempuan berjilbab lebar perintahkan instruksikan penjarahan Lol""""",negative,kok perempuan jilbab lebar perintah instruksi penjarahan lol
"""""Eh penjarahan kemaren di rumah sahroni eko sama uya kemarin kok kaya gajadi pembahasan yang ramai gitu juga ya di DPR? Kek angin lalu aja gitu. Padahal gua super penasaran dengan responnya... Makin percaya kalo penjarahan kemaren emang udah ada arahannye""""",neutral,eh penjarahan kemaren rumah sahroni eko sama uya kemarin kok kaya gajadi bahas ramai gitu dpr kek angin lalu gitu padahal super penasaran responnya makin percaya kalo penjarahan kemaren emang arahannye
"""""@DarsAlexandra1 Kenapa manusia satu ini bisa lolos dari penjarahan??""""",negative,manusia satu lolos penjarahan
"""""Pak @prabowo mohon maaf Dari demo yang berakhir penjarahan terkesan rakyatmu ini sedang bermasalah karena faktor ekonomi bagaimana progress program mengatasi masalah kemiskinan yang dilakukan para menterimu?""""",neutral,pak mohon maaf demo akhir penjarahan kes rakyat sedang masalah faktor ekonomi bagaimana progress program atas masalah miskin laku menteri
"""""Uya Kuya Kini Tinggal di Safe House Akui Trauma dengan Aksi Penjarahan https://t.co/0otCYZGvgV""""",negative,uya kuya kini tinggal safe house aku trauma aksi penjarahan
"""""Penjarahan...""""",neutral,penjarahan
"""""Bisa saja dimungkinkan ada kepentingan politik geng solo dibalik aksi kerusuhan dan penjarahan yang terjadi beberapa hari yang lalu. Apalagi jelas Presiden Prabowo melalui pernyataannya terkait aksi demo yang berujung ricuh tsb telah mengendus adanya indikasi makar. """"",negative,mungkin penting politik geng solo balik aksi kerusuhan penjarahan jadi beberapa hari lalu jelas presiden prabowo lalu nyata kait aksi demo ujung ricuh tsb endus ada indikasi makar
"""""Tapi warga tani tau ga sih ini semua (Desa ditinggal Kota sesak dan kumuh) dulunya karena ulah penjarahan/exploitasi terhadap tanah?""""",negative,warga tani tau ga sih semua desa tinggal kota sesak kumuh ulah penjarahan exploitasi tanah
"""""Lebih jauh Menko dapat memanggil Kapolri untuk evaluasi penanganan demo yang berujung kemarahan masyarakat sampai dengan penjarahan dan bertambahnya korban jiwa. Jika ditemukan kesalahan dapat memberi rekomendasi ke Presiden untuk penggantian Kapolri.""""",neutral,lebih jauh menko panggil kapolri evaluasi tangan demo ujung marah masyarakat penjarahan tambah korban jiwa temu salah beri rekomendasi presiden ganti kapolri
"""""Viral di Tiktok. Ini penjarahan bisa terus terjadi di rumah2 para koruptor kalau RUU Perampasan Aset Hasil Korupsi tidak segera disahkan. Ingat ini baik2 buat Parpol yang produksi koruptor. @Gerindra @NasDem @PDemokrat @PdiperjuanganP @PartaiGolkar @amanatnasional1 https://t.co/KuyWjrUkq8""""",positive,viral tiktok penjarahan terus jadi rumah koruptor kalau ruu perampasan aset hasil korupsi tidak segera sah ingat bagus parpol produksi koruptor
"""""Akun2 muslim pd ingatin penjarahan haram ulama ingatin penjarahan haram. Tp tetap kena framing juga. """"",negative,akun muslim ingatin penjarahan haram ulama ingatin penjarahan haram tetap kena framing
"""""Kalau saja viral di medsos orang china menghina pribumi waktu demo bubarkan dpr mungkin akan ada penjarahan ke toko2 dan rumah2 orang china.""""",negative,kalau viral medsos orang china hina pribumi waktu demo bubar dpr mungkin penjarahan toko rumah orang china
"""""@Labubung_koe Terkait penjarahan https://t.co/M1qryo50zZ""""",neutral,kait penjarahan
"""""@ionlyloveian @anxintruther @sangchyeoni ketua penjarahan rumah sahroni""""",neutral,ketua penjarahan rumah sahroni
"""""@ARSIPAJA penjarahan lewat uud pajak jauh lebih tidak berkeprimanusiaan.""""",negative,penjarahan lewat uud pajak jauh lebih tidak berkeprimanusiaan
"""""Apel Malam Siaga 1 Pasca pengrusakan Dan Penjarahan di mako Polsek Ciracas Jaktim. di pimpin Kapolsek Ciracas *KOMPOL ROHMAD.S SH. MH* #SuksesMelaluiKebersamaan* https://t.co/QszFZcnGAS""""",positive,apel malam siaga 1 pasca rusa penjarahan mako polsek ciracas jaktim pimpin kapolsek ciracas kompol rohmad s sh mh
"""""@randomable_ Halah buzzer2 paling demen goreng ginian biar kasus kerusuhan dan penjarahan dilupain""""",negative,halah buzzer paling demen goreng ginian biar kasus kerusuhan penjarahan dilupain
"""""Penjarahan di rumah sahroni membawa kita ke masa kebangkitan Ferrari""""",neutral,penjarahan rumah sahroni bawa masa bangkit ferrari
"""""Polisi Tetapkan 42 Tersangka Kerusuhan dan Penjarahan di Surabaya https://t.co/y70LEfi8ME""""",neutral,polisi tetap 42 sangka kerusuhan penjarahan surabaya
"""""@pencintaproduk Kamu tau nggak efek sampingnya? Indonesia lagi nggak baik baik aja dan kamu bikin narasi gini. Muka mereka dicatat dan bakal jadi korban penjarahan selanjutnya. Stop it you fvckin stupid!""""",negative,kamu tau tidak efek samping indonesia tidak bagus bagus kamu bikin narasi gin muka catat bakal jadi korban penjarahan lanjut stop it you fvckin stupid
"""""@KompasTV Aparat tolong jagain rumahnya jgn ada penjarahan LG.""""",positive,aparat jagain rumah jgn penjarahan lg
"""""@profesor_saham Apa kerusuhan dan penjarahan kmrn memang settingan agar bisa naikin anggaran buat 3 instansi itu kah """"",negative,apa kerusuhan penjarahan kmrn memang settingan naikin anggar 3 instansi
"""""Bukan main ! Tampilan agamis kayak gini ternyata main-actor penjarahan. Orang kayak gini tinggal selangkah tidak segan akan jadi operator terorisme besar.""""",negative,bukan main tampil agam kayak gin nyata main actor penjarahan orang kayak gin tinggal selang tidak segan jadi operator terorisme besar
"""""Wah enak ya semua pejabat dapat dilayani oleh Bendahara Negara! Uang pemegang polis Program Saving Plan #Jiwasraya BUMN sudah 8 tahun belum dikembalikan oleh Bendahara Negara. Padahal kami sudah menang Inkracht di Pengadilan. Perasaan kami mengalami penjarahan oleh Negara.""""",positive,wah enak semua jabat layan bendahara negara uang pegang polis program saving plan bumn 8 tahun belum kembali bendahara negara padahal menang inkracht adil asa alami penjarahan negara
"""""Luapan ekspresi kemarahan dan seberkas penyesalan seperti tak bisa disembunyikan mengutuk keras adanya aksi pembakaran dan penjarahan. https://t.co/vyewXztxNI""""",positive,kamuapan ekspresi marah berkas sesal tak sembunyi kutuk keras ada aksi pembakaran penjarahan
"""""penjarahan yang layak dijarah""""",negative,penjarahan layak penjarahan
"""""Msh heran kenapa kok msh ttep diundang. Pdhl lky sendiri loo yg bilang kl pemerkosaan penjarahan persekusi etnih tionghoa dikeplai ini barang wkwkw *apa karna efek mul ya?""""",negative,heran kok ttep undang pdhl lky sendiri loo bilang kalau perkosa penjarahan persekusi etnih tionghoa dikeplai barang wkwkw apa karna efek mul
"""""@Resty_J_Cayah Kemaren sekilas liat di TL katanya Hotman Paris mau advokasi demonstran yg ditangkap tp ga mau advokasi pelaku penjarahan tp knp dia banyak advokasi koruptor?""""",neutral,kemaren kilas liat tl kata hotman paris mau advokasi demonstran tangkap ga mau advokasi laku penjarahan knp banyak advokasi koruptor
"""""Bagaimana lanjutannya ya. Sebentar lagi sudah 8 tahun setelah gagal bayar #Jiwasraya BUMN uang premi pemegang polis Program Saving Plan belum dikembalikan. Perasaan kami seperti mengalami penjarahan oleh BUMN. @prabowo @ojkindonesia @KejaksaanRI @keuangannews_id""""",negative,bagaimana lanjut sebentar 8 tahun gagal bayar bumn uang premi pegang polis program saving plan belum kembali asa alami penjarahan bumn
"""""@randomable_ mau nanya kalo kaya dijarah itu kan diem2 ya kaya maling gitu nah harusnya kan yg punya rumah ada dirumah kalo pas penjarahan gaada orangnya berarti udh tau? kalo udh tau kenapa ga diamanin rumahnya? udh ga pernah nonton sinetron indo aku jadi gatau yg beneran atau hanya akting""""",neutral,mau nanya kalo kaya penjarahan kan diem kaya maling gitu nah harus kan punya rumah rumah kalo pas penjarahan gaada orang arti tau kalo tau ga diamanin rumah ga pernah nonton sinetron indo aku jadi gatau beneran akting
"""""@Muslim_AntiPKI9 Jadi jika terjadi penjarahan macam yg dialami Syahroni dll jangan salahkan rakya yah️️️ jika kritikannya tidak didengar pantas saja koruptor di negri ini merajalela https://t.co/icAfq2YN6E""""",negative,jadi jadi penjarahan macam alami syahroni jangan salah rakya yah kritik tidak dengar pantas koruptor negri rajalela
"""""@TirtoID Kenapa kaget? Seperti itulah penjarahan jika rakyat miskin maka buatlah kebijakan ekonomi yang mensejahterakan rakyat.""""",negative,kaget penjarahan rakyat miskin buat bijak ekonomi sejahtera rakyat
"""""Lalu terjadi kerusuhan perusakan fasilitas umum dan penjarahan yang memang bertujuan sebagai upaya mengacaukan stabilitas.""""",negative,lalu jadi kerusuhan perusakan fasilitas umum penjarahan memang tuju upaya acau stabilitas
"""""tidak membenarkan penjarahan tidak mbenarkan kesombongan juga""""",positive,tidak benar penjarahan tidak mbenarkan sombong
"""""@somexthread Cuma pengen tau diluar Penyampaian aspirasi di demo kemaren adakah yang kecewa dengan ekses yang ditimbulkan seperti pengerusakan pembakaran dan penjarahan?""""",neutral,cuma ken tau luar sampai aspirasi demo kemaren ada kecewa ekses timbul rusa pembakaran penjarahan
"""""Bukan membenarkan penjarahan tapi itu yg kita rasakan sebagai rakyat yg harusnya memberi rasa aman malah jadi sumber ketakutan berperi kemanusian? Kalian pikir kalian memanusiakan manusia? tanah dirampas pendapatan dirampas dengan pajak dan segala potongan dan masih bnyk!!""""",negative,bukan benar penjarahan rasa rakyat harus beri rasa aman malah jadi sumber takut per kemanusian kalian pikir kalian manusia manusia tanah perampasan dapat perampasan pajak segala potong bnyk
"""""Fragmen Kepala Ganesha Diselamatkan ke Rumah Aman Usai Penjarahan di Kediri https://t.co/T0xDmDSuzn""""",positive,fragmen kepala ganesha selamat rumah aman usai penjarahan diri
"""""Tersangka Kericuhan di Jakarta 43 Orang Ada Klaster Penjarahan-Perusakan https://t.co/0TOiqZjwrG""""",neutral,sangka ricuh jakarta 43 orang klaster penjarahan perusakan
"""""@nntweetnn @ARSIPAJA Wah Bu Sri Mulyani curhat hilang rasa aman pasca rumah dijarah 31 Agt 2025 rugi lukisan 17 thn lalu. Tapi data KPK 2024: korupsi rugikan negara Rp 59T setara 1 5 juta rumah rakyat. Ironis ya 'penjarahan' skala nasional bikin rakyat lama hilang perikemanusiaan. Menusuk? Data""""",negative,wah bu sri mulyani curhat hilang rasa aman pasca rumah penjarahan 31 agt 2025 rugi kamukisan 17 thn lalu data kpk 2024 korupsi rugi negara rp 59t tara 1 5 juta rumah rakyat ironis penjarahan skala nasional bikin rakyat lama hilang perikemanusiaan tusuk data
"""""@goonjol Apa ga ada penjarahan lagi ya nitip orang ini""""",neutral,apa ga penjarahan nitip orang
"""""@txtdrimedia Gw gak setuju sih sama yg namanya penjarahan apapun alasannya. Tapi ngedukung si Uya Kuya ?? Najess tra lala.""""",negative,tidak tuju sih sama nama penjarahan apa alas ngedukung si uya kuya najess tra lala
"""""@unntthpt2 ya ampun sayangg kamu tau gaj demo dimana' penjarahan dimana' lah kamuu kemanaa? aku kangenn hm""""",positive,ampun sayangg kamu tau gaj demo penjarahan lah kamuu kemanaa aku kangenn hm
"""""Pemerintah Kabupaten Kediri Jawa Timur menyimpan fragmen kepala Ganesha di rumah aman setelah sempat ditaruh lagi di Museum Bagawanta Bhari untuk beberapa waktu usai penjarahan. https://t.co/5xFulOSg8K""""",neutral,perintah kabupaten diri jawa timur simpan fragmen kepala ganesha rumah aman sempat taruh museum bagawanta bhari beberapa waktu usai penjarahan
"""""Setiap warga negara Indonesia memiliki hak untuk menyampaikan aspirasi. Namun penyampaian aspirasi harus dilakukan secara damai. Untuk itu masyarakat jangan mau terprovokasi untuk melakukan aksi anarkis apalagi melakukan penjarahan. #SalingJagaIndonesia https://t.co/H01KWTHMsA""""",positive,warga negara indonesia milik hak sampai aspirasi sampai aspirasi laku damai masyarakat jangan mau provokasi laku aksi anarkis laku penjarahan
"""""Setiap warga Indonesia memiliki hak untuk menyampaikan aspirasi. Namun penyampaian aspirasi harus dilakukan secara damai. Untuk itu masyarakat jangan mau terprovokasi untuk melakukan aksi anarkis apalagi melakukan penjarahan.Mari bersama kita jaga Indonesia #SalingJagaIndonesia https://t.co/M0ybTAuXhB""""",positive,warga indonesia milik hak sampai aspirasi sampai aspirasi laku damai masyarakat jangan mau provokasi laku aksi anarkis laku penjarahan sama jaga indonesia
"""""@cewecowoajaib @tham878 Kl bener sdh pinter mencerna kenapa masih ada penjarahan? Itu artinya gampang terprovokasi""""",positive,kalau bener pinter cerna penjarahan arti gampang provokasi
"""""Polres Tangsel Tangkap Sejumlah Penjarah Rumah Pejabat https://t.co/MbiF1qhRFW""""",neutral,polres tangsel tangkap jumlah jarah rumah jabat
"""""@GoodRecom Pak @ListyoSigitP Coba ente sama bawahan2 ente fokus ke orang2 itu. Gali info siapa yang ngijinin penjarahan. Cari tau sistemnya gimana. At least ente jadi tau cara penanganannya buat kedepan. Jangan cuma nangkepnya doang.""""",negative,pak coba ente sama bawah ente fokus orang gali info siapa ngijinin penjarahan cari tau sistem gimana at least ente jadi tau cara tangan depan jangan cuma nangkepnya
"""""@ARSIPAJA Bukan membenarkan penjarahan rumah beliau juga ya. Cuma kami rakyat kecil juga udah lama hilang rasa keadilan dan kesejahteraan bu. Pajak semakin besar lapangan kerja susah kebutuhan pokok naik. Dimana empati dan kemanusiaan ibu dan kawan2 ibu selama ini?""""",negative,bukan benar penjarahan rumah beliau cuma rakyat kecil lama hilang rasa adil sejahtera bu pajak makin besar lapang kerja susah butuh pokok naik empati manusia ibu kawan ibu lama
"""""@WongAlasRoban Ada yg kirim karangan bunga dukungan penjarahan rumah gak?""""",negative,kirim karang bunga dukung penjarahan rumah tidak
"""""@Pak_Penx @RadioElshinta Iya aneh memang. Menurut laporan Detik dan Okezone pakaian dalam memang ikut dicuri saat penjarahan rumah yang disangka milik Nafa Urbach. Tapi sebenarnya itu rumah kontrakan Zack Lee mantannya. Meme kutipan marah itu tampaknya cuma viral di medsos bukan pernyataan resmi. """"",neutral,iya aneh memang lapor detik okezone pakai memang ikut curi penjarahan rumah sangka milik nafa urbach benar rumah kontra zack lee mantan meme kutip marah tampak cuma viral medsos bukan nyata resmi
"""""@txtdrimedia Aneh bet @kemendagri yaak...? Kekhawatirannya kok takut diviralkan dimedsos. Bukannya diingatkan agar pejabatnya mengurangi hedonism berempathy dg kondisi ekonomi masyarakat! Padahal kata doi pintar skarang mendadak pekok?? Efek penjarahan rumah pejabat minggu lalu kayaknya""""",negative,aneh bet yaak khawatir kok takut diviralkan dimedsos bukan ingat jabat kurang hedonism berempathy kondisi ekonomi masyarakat padahal kata doi pintar skarang dadak kok efek penjarahan rumah jabat minggu lalu kayak
"""""Direktorat Tindak Pidana Siber Bareskrim Polri bersama Polda jajaran menangkap 7 orang tersangka yang diduga menyebarkan konten provokatif di media sosial terkait aksi penjarahan #PolriPresisi #SalamPresisi #StaySafe #HindariProvokasi https://t.co/Js113Wlwaa""""",neutral,direktorat kriminalitas siber bareskrim polri sama polda jajar tangkap 7 orang sangka duga sebar konten provokatif media sosial kait aksi penjarahan
"""""@terratemps Sentimen ini bung bisa aja diarahin ke akarnya/sistemnya tapi butuh waktu pasti bkn hal yg gak mungkin. Kaya kemarin soal intel perusak/penjarahan kan pada sadar tu. Yg lebih bodoh lagi mah tiba2 narasi mafia riza chalid dibalik gerakan ini wkwk cari kambinghitam bgt""""",negative,sentimen bung diarahin akar sistem butuh waktu bukan tidak mungkin kaya kemarin soal intel usak penjarahan kan sadar tu lebih bodoh mah tiba narasi mafia riza chalid balik gera haha cari kambinghitam banget
"""""Makanya gaya bicaranya jangan seperti koruptor https://t.co/fg7DEF2gbT via @tribunnews""""",neutral,makanya gaya bicara jangan koruptor via
"""""@akbarfaizal68 Sy tdk setuju dengan kata warga . Seolah olah kita semua ini setuju dengan pengrusakan dan penjarahan""""",positive,tidak tuju kata warga olah semua tuju rusa penjarahan
"""""Eko Purnomo perajin kostum asal Tulungagung tiba-tiba viral karena kostum Iron Man buatannya diduga hasil penjarahan milik Ahmad Sahroni anggota DPR RI. Awalnya Eko mengunggah foto kostum tersebut di media sosial namun kemudian dituduh menjarah setelah kerusuhan di Jakarta. https://t.co/5armoIaFmo""""",neutral,eko purnomo rajin kostum asal tulungagung tiba tiba viral kostum iron man buat duga hasil penjarahan milik ahmad sahroni anggota dpr ri awal eko unggah foto kostum sebut media sosial kemudian tuduh penjarahan kerusuhan jakarta
"""""SHOLAT GERHANA ADALAH SARANA PENGALIH DAN PEMBOHONGANYG SUKSES. KARENA KETERBATASAN WAWASAN..TIDAK ADA KORELASINYA GERHANA DENGAN KERUSUHAN YG DIBALUT DEMO PENJARAHAN.""""",neutral,sholat gerhana sarana alih pembohonganyg sukses batas wawas tidak korelasi gerhana kerusuhan balut demo penjarahan
"""""@susipudjiastuti Ngga mungkin bu menkeu bu beliau lagi merasa tersakiti karena penjarahan dirumahnya tapi lupa kalau rakyat 'dijarah' lewat pajak hanya untuk gaya hidup pejabat..""""",negative,ngga mungkin bu menkeu bu beliau rasa sakit penjarahan rumah kamupa kalau rakyat penjarahan lewat pajak gaya hidup jabat
"""""Warga di Dekat Rumah Ahmad Sahroni Mengaku Tak Kenali Wajah Provokator Penjarahan https://t.co/j6481C3t9I""""",neutral,warga dekat rumah ahmad sahroni aku tak kenal wajah provokator penjarahan
"""""Karena ada penjarahan fix gaji naik Kerja kerja kerja """"",negative,penjarahan fix gaji naik kerja kerja kerja
"""""Polisi Tangkap Provokator Penjarahan Rumah Uya Kuya di Jakarta Timur https://t.co/oK29zLyyAn""""",neutral,polisi tangkap provokator penjarahan rumah uya kuya jakarta timur
"""""@neoretropolism Beda... Satu menggunakan regulasi satu tarung bebas... Itulah pentingnya adanya pengurus atau pemerintah dalam masyarakat... Kalo si miskin mengambil langsung harta si kaya tanpa regulasi atau sebaliknya itu namanya penjarahan dan perampokan...""""",neutral,beda satu guna regulasi satu tarung bebas penting ada urus perintah masyarakat kalo si miskin ambil langsung harta si kaya regulasi balik nama penjarahan perampokan
"""""@P3gEl Julas sengaja orangnya itu2 aja yg sponsorin jebolin rumah yang mau dijarah. Yang pake sweater belakang gambar bendera Korsel tertangkap kamera ada di beberapa lokasi penjarahan""""",neutral,julas sengaja orang sponsorin jebolin rumah mau penjarahan pake sweater belakang gambar bendera korsel tangkap kamera beberapa lokasi penjarahan
"""""@MemoryF42523 @folkareamedia Ini gambar dari pertemuan Uya Kuya dengan seorang ibu lansia yang mengambil AC dari rumahnya saat insiden penjarahan. Ibu itu hidup miskin rawat cucu disabilitas dan Uya memilih memaafkannya melalui restorative justice bahkan beri uang jajan. Salut atas sikapnya! ()""""",positive,gambar temu uya kuya orang ibu lansia ambil ac rumah insiden penjarahan ibu hidup miskin rawat cucu disabilitas uya pilih maaf lalu restorative justice bahkan beri uang jajan salut atas sikap
"""""tetap vertikal bu protes ke polisi kenapa ndak bisa ngamanin rumah situ! yang menyebalkan dari ini adalah seolah penjarahan ada kaitannya dengan protes rakyat bahkan tanpa beliau ngomong explisit. nyebahi.""""",negative,tetap vertikal bu protes polisi ndak ngamanin rumah situ sebal penjarahan kait protes rakyat bahkan beliau ngomong extolongit nyebahi
"""""@hajarsabrani @Dandhy_Laksono @ARSIPAJA Penjarahan bersifat personal tpi identitas dia sebagai penjabat ga bisa lepas begitu saja bang. Wajar aja jika msy menarik kesimpulan kalo menjarah gpp asal bukan rmh dia.""""",neutral,penjarahan sifat personal tapi identitas jabat ga lepas bang wajar msy tarik simpul kalo penjarahan tidak apa asal bukan rmh
"""""Polresta Cirebon menetapkan 28 orang sebagai tersangka kasus perusakan dan penjarahan kantor DPRD Kabupaten Cirebon dan Alun-alun Pataraksa Sumber. Perusakan dan penjarahan kantor wakil rakyat ini terjadi pada Sabtu (30/8/2025). . Kapolresta Cirebon Kombes Pol Sumarni https://t.co/WNn7KgDO5e""""",neutral,polresta cirebon tetap 28 orang sangka kasus perusakan penjarahan kantor dprd kabupaten cirebon alun alun pataraksa sumber perusakan penjarahan kantor wakil rakyat jadi sabtu 30 8 2025 kapolresta cirebon kombes pol sumarni
"""""Jadi penjarahan rumah sri mulyani oleh massa kemarin..... https://t.co/jJYgcaZEcJ""""",neutral,jadi penjarahan rumah sri mulyani massa kemarin
"""""@DS_yantie Penjarahan tidak bisa dibenarkan dari perspektif apapun. Tanpa maksud untuk menyalahkan atau menghakimi korban penjarahan seharusnya pembuat kebijakan pemerintah beserta DPR instropeksi dan berbenah mengapa kebijakannya tidak mampu mendistribusikan keadilan buat masyarakat ?""""",positive,penjarahan tidak benar perspektif apa maksud salah hakim korban penjarahan buat bijak perintah serta dpr instropeksi benah bijak tidak mampu distribusi adil masyarakat
"""""@yyeolaa @ichikiwhere Tragedi 98? Oohh proses penculikannya ya penjarahan pemerkosaannya. Gitu kan maksudnya?""""",neutral,tragedi 98 oohh proses culi penjarahan perkosa gitu kan maksud
"""""Hmm Uya Kuya maafin pelaku penjarahan rumahnya tapi tetap mundur dari DPR ga nih? https://t.co/t7Pwhl8DKG""""",neutral,hmm uya kuya maafin laku penjarahan rumah tetap mundur dpr ga nih
"""""@tanyabiartahu @ARSIPAJA Istilah playing victim merujuk pada sikap berpura-pura korban untuk simpati atau hindari tanggung jawab. Sri Mulyani memang alami penjarahan nyata tapi kritik muncul karena kebijakannya seperti pajak dan pemotongan anggaran dianggap bebankan rakyat. Beberapa sumber lihat ini""""",neutral,istilah playing victim rujuk sikap pura pura korban simpati hindar tanggung jawab sri mulyani memang alami penjarahan nyata kritik muncul bijak pajak potong anggar anggap beban rakyat beberapa sumber lihat
"""""Pemerintah dan Kepala Staf TNI menegaskan akan mengambil langkah tegas terhadap anarkisme"";"" Presiden Prabowo dan Menhan Sjafrie menyatakan negara tetap menghormati kebebasan berpendapat tapi tidak membiarkan tindakan anarkis seperti penjarahan dan perusakan.""""",positive,perintah kepala staf tni tegas ambil langkah tegas anarkisme presiden prabowo menhan sjafrie nyata negara tetap hormat bebas dapat tidak biar tindak anarkis penjarahan perusakan
""""" Penjarahan rumah pejabat publik termasuk milik Ahmad Sahroni Eko Patrio Uya Kuya Sri Mulyani dan Puan Maharani. Barang-barang seperti sepeda lipat lukisan hingga lemari dijarah massal.""""",neutral,penjarahan rumah jabat publik masuk milik ahmad sahroni eko patrio uya kuya sri mulyani puan maharani barang barang sepeda lipat kamukisan hingga lemari penjarahan massal
"""""Unjuk rasa yang semula memprotes besaran tunjangan anggota Dewan Perwakilan Rakyat ini berubah menjadi kerusuhan dan penjarahan.""""",neutral,unjuk rasa mula protes besar tunjang anggota dewan wakil rakyat ubah jadi kerusuhan penjarahan
"""""Mangkanya gw bilang yg gw khawatirkan dr penjarahan kalo gerakannya udah ga kekontrol dan berimbas ke sasaran yg salah. Klo perihal rumah si curut yg jd korban mah bodo amat.""""",negative,mangkanya bilang khawatir penjarahan kalo gera ga kontrol imbas sasar salah kalau perihal rumah si curut jadi korban mah bodo
"""""Wkwkwk. Kayak yg klo protesnya baek-baek bakal didenger ajah. Itu kmrn kalo ga ada penjarahan juga curut-curut ga bakal pada minta maaf.""""",negative,wkwkwk kayak kalau protes baek baek bakal didenger ajah kmrn kalo ga penjarahan curut curut ga bakal minta maaf
"""""@Tan_Mar3M Klau ngak dipilih roda pemerintahan ngak berjlan?..trus maunya bubar aja gmna?..sdh bener.demontrasi berujung ricuh penjarahan dll.tuk mngingatkan agar benar2 berbenah jgn diulangi lg..berharap presideb bubarkan DPR pun sdh pasti ribut lagi..""""",positive,klau tidak pilih roda perintah tidak berjlan trus mau bubar gmna bener demontrasi ujung ricuh penjarahan tuk mngingatkan benar benah jgn ulang lg harap presideb bubar dpr ribut
"""""@OjolNyambi Ketika dijarah ingatkan etika. Ketika memotong anggaran daerah untuk ciptakan chaos dia lupa etika. Yg bikin chaos geng dia sendiri. Kena imbas penjarahan kok marah. Ente penjahat yg dikorbankan penjahat Sri #VonisMatiNadiemMakarim #VonisMatiNadiemMakarim https://t.co/D76BsVzAjZ""""",negative,penjarahan ingat etika potong anggar daerah cipta chaos kamupa etika bikin chaos geng sendiri kena imbas penjarahan kok marah ente jahat korban jahat sri
"""""Rumah Jadi Sasaran Penjarahan Sri Mulyani Dapat Dukungan Lewat Karangan Bunga https://t.co/XEc5qqfDzN""""",positive,rumah jadi sasar penjarahan sri mulyani dukung lewat karang bunga
"""""@southernseaaa SiapApun boleh melindungi negaranya masing masing boleh mengkritik pemerintahnya dpr nya baik itu orang kaya atau orang miskin tapi penjarahan penyerangan pengrusakan pembakaran tetap tidak dibenarkan yg mengkritisi pemerintah perlu dilindungi siapapun yg bisa""""",positive,siapa lindung negara masing masing kritik perintah dpr nya bagus orang kaya orang miskin penjarahan serang rusa pembakaran tetap tidak benar kritisi perintah perlu lindung siapa
"""""@qouayajaut @on_thursdayyy @garcondepapua @narkosun Rakyat mana yg lu bela? Postingan terkait penjarahan ini Lu mau jawaban apa? Suara Rakyatnya yg mana? Coba dari lama tanggapan lu cuma anggap pemerintah yg salah sementara lu dah ngapain?""""",negative,rakyat mana kamu bela postingan kait penjarahan kamu mau jawab apa suara rakyat mana coba lama tanggap kamu cuma anggap perintah salah kamu dah ngapain
"""""Ada khatib jum'atan malah nge-gaslight rakyat indon dpt pemerintah yg ga baik krn rakyatnya jg ga baik katanya demo penjarahan dll eh tolol itu semua akibat dr kecacatan pemerintah indon penjarahan itupun udh banyak yg bahas kl pelaku2nya bayaran buat bikin rusuh """"",negative,khatib jum atan malah nge gaslight rakyat indon perintah ga bagus rakyat ga bagus kata demo penjarahan eh tolol semua akibat cacat perintah indon penjarahan itu banyak bahas kalau pelaku2nya bayar bikin rusuh
"""""@jhonsitorus_19 Ya Allah.. Orang bebal jadi DPR wajar kalo rakyat marah sesungguhnya enggak marah ke Menkeu tetapi pd Anggota DPR AROGAN spt ANDA. salah saya mendoakan ti TDK terjadi penjarahan di rumah Anda.. Krn ternyata anda lebih miskin ADAB. Kalo bukan Sri Mulyani sdh habis ekonomi Ind""""",negative,allah orang bebal jadi dpr wajar kalo rakyat marah sungguh enggak marah menkeu tetapi anggota dpr arogan salah doa ti tidak jadi penjarahan rumah nyata lebih miskin adab kalo bukan sri mulyani habis ekonomi ind
"""""@sutanmangara Si opung ini acap kali berucap kasar tapi knapa rumahnya aman dari penjarahan..?!!!""""",negative,si opung acap kali ucap kasar knapa rumah aman penjarahan
"""""@KRathalos97 @Graminale Ya ada yang nunggang aksi tsb banyak banget dari kaum rasis dan mau genosida Tionghoa sebenarnya ada yang mau ciptakan penjarahan dimana-mana juga ada intinya aksi kemaren banyak yang nyusup dan mahasiswanya mendiamkan itu fakta""""",negative,nunggang aksi tsb banyak banget kaum ras mau genosida tionghoa benar mau cipta penjarahan mana inti aksi kemaren banyak nyusup mahasiswa diam fakta
"""""@AriPrim77224080 @on_thursdayyy @garcondepapua @narkosun Gw juga udah ngasi peringatan gw ga mendukung penjarahan bahkan gw ga ikut demo makanya gw nanya ke lu apa yang seharus nya di lakukan Berbenah Menurut gw ga tepat aja yang ga paham demokrasi itu lu bang""""",positive,ngasi ingat ga dukung penjarahan bahkan ga ikut demo makanya nanya kamu apa harus nya laku benah ga tepat ga paham demokrasi kamu bang
"""""Gimana dg penjarahan yg dilakukan negara dg pemberian konsesi hutan tambang yg merusak lingkungan hutan adat masyarakat adat yg tergusur sumber penghidupan rusak sumber air minumnya tercemar sakit yg ditimbulkan oleh kerusakan lingkungan akibat tambang.. @Dandhy_Laksono""""",negative,gimana penjarahan laku negara beri konsesi hutan tambang perusakan lingkung hutan adat masyarakat adat gusur sumber hidup rusak sumber air minum cemar sakit timbul rusa lingkung akibat tambang
"""""Siang ini di mesjid sebelah khotbahnya tentang tidak membenarkan penjarahan apa pun alasannya walaupun kita nilai itu harta diperoleh dgn cara haram. Bapak this is one of the best things I hear this week.""""",positive,siang mesjid belah khotbah tidak benar penjarahan apa alas walaupun nilai harta oleh cara haram bapak this is one of bagus things i hear this week
"""""Dan kesombongan @DPR_RI harus ada penjarahan harta mereka? ternyata betul mereka lebih sayang harta dari pada Rakyat yang telah memilihnya. Sumber: YouTube https://t.co/draQGqJ2rB""""",negative,sombong penjarahan harta nyata betul lebih sayang harta rakyat pilih sumber youtube
"""""Yah kirain takut DOSA :) Takutan dipidana ya daripada dosa Polisi telah menangkap 6 tersangka penjarahan alias RAMPOK https://t.co/1Yal1DLOO1""""",neutral,yah kirain takut dosa takut pidana dosa polisi tangkap 6 sangka penjarahan alias perampokan
"""""Warga Kembalikan Kasur Hasil Penjarahan di Rumah Uya Kuya https://t.co/BaMDK3NI0Z""""",positive,warga kembali kasur hasil penjarahan rumah uya kuya
"""""Analisis: Penumpang Gelap Pesta Penjarahan dan Narasi yang Dikunci Negara Dasco bilang DPR tidak menemui mahasiswa karena situasi tak kondusif dan adanya penumpang gelap. Sri Mulyani curhat bahwa penjarahan rumah pejabat terlihat seperti orang sedang berpesta . Sekilas https://t.co/mOKUhGEqMw""""",neutral,analisis tumpang gelap pesta penjarahan narasi kunci negara dasco bilang dpr tidak temu mahasiswa situasi tak kondusif ada tumpang gelap sri mulyani curhat penjarahan rumah jabat lihat orang sedang pesta kilas
"""""@CNNIndonesia Pemilik akun Tiktok ini adalah salah satu pelaku yang ikut menjarah rumah Eko Patrio dan kelompok mereka juga mencoba melakukan penjarahan di rumah Puan tapi bisa digagalkan oleh aparat keamanan Tangkap pemilik akun Tiktok ini untuk mencari tau siapa dalang yg menyuruh mereka https://t.co/ddMKDQSYK3""""",neutral,milik akun tiktok salah satu laku ikut penjarahan rumah eko patrio kelompok coba laku penjarahan rumah puan gagal aparat aman tangkap milik akun tiktok cari tau siapa dalang suruh
"""""Sri Mulyani Kenang Lukisan yang Dijarah: Runtuh Rasa Perikemanusiaan #riauonline #riauonlinecoid #penjarahan #penjarahanrumahsrimulyani #Srimulyani https://t.co/OemjUWp5HT""""",neutral,sri mulyani kenang kamukisan penjarahan runtuh rasa perikemanusiaan
"""""Polisi Tangkap Terduga Penghasut Penjarahan Rumah Uya Kuya https://t.co/kf3frOEdIE""""",neutral,polisi tangkap duga hasut penjarahan rumah uya kuya
"""""@Gojekmilitan Pemilik akun Tiktok ini adalah salah satu pelaku yang ikut menjarah rumah Eko Patrio dan kelompok mereka juga mencoba melakukan penjarahan di rumah Puan tapi bisa digagalkan oleh aparat keamanan Tangkap pemilik akun Tiktok ini untuk mencari tau siapa dalang yg menyuruh mereka https://t.co/e1p9B3Zwaa""""",neutral,milik akun tiktok salah satu laku ikut penjarahan rumah eko patrio kelompok coba laku penjarahan rumah puan gagal aparat aman tangkap milik akun tiktok cari tau siapa dalang suruh
"""""Tindakan anarkis bahkan penjarahan itu tidak dibenarkan secara moral &amp"";"" hukum. Lebih tidak benar lagi jika tindakan itu untuk mengkerdilkan arti demonstrasi yg sebenarnya. - Mario Tebu - https://t.co/hdN0tdCOV0""""",positive,tindak anarkis bahkan penjarahan tidak benar moral amp hukum lebih tidak benar tindak kerdil arti demonstrasi benar mario tebu
"""""@jhonsitorus_19 Pemilik akun Tiktok ini adalah salah satu pelaku yang ikut menjarah rumah Eko Patrio dan kelompok mereka juga mencoba melakukan penjarahan di rumah Puan tapi bisa digagalkan oleh aparat keamanan Tangkap pemilik akun Tiktok ini untuk mencari tau siapa dalang yg menyuruh mereka https://t.co/Zwc7Ibl5lw""""",neutral,milik akun tiktok salah satu laku ikut penjarahan rumah eko patrio kelompok coba laku penjarahan rumah puan gagal aparat aman tangkap milik akun tiktok cari tau siapa dalang suruh
"""""@adamjaylen5 @ARSIPAJA Sri Mulyani sebagai Menkeu memang sering dikritik soal kebijakan pajak yang dianggap membebani rakyat seperti reformasi PPN dan cukai. Tapi insiden penjarahan rumahnya pada 31 Agustus 2025 adalah tindak kriminal terpisah dan dia menyatakan kehilangan rasa aman serta""""",negative,sri mulyani menkeu memang sering kritik soal bijak pajak anggap beban rakyat reformasi ppn cukai insiden penjarahan rumah 31 agustus 2025 tindak kriminalitas pisah nyata hilang rasa aman
"""""Senjata laras panjang di rumah Sahroni. Ditemukan saat terjadi penjarahan. https://t.co/UF7pFY4rJ0""""",neutral,senjata laras panjang rumah sahroni temu jadi penjarahan
"""""@great_fleet Hujan salah polisi Halte dibakar salah intel Fasilitas umum dicoret coret salah provokator Penjarahan rumah dpr salah siapa?""""",neutral,hujan salah polisi halte pembakaran salah intel fasilitas umum coret coret salah provokator penjarahan rumah dpr salah siapa
"""""@CNNIndonesia Saya tidak membenarkan penjarahan tapi kya lebay sampe kiriman bunga segala Rakyat tuh Ditindas dgn pajak kebijakan yg ga pro rakyat duit pajak dipake buat kemewahan para dewan para pejabat . Gila hormat gila harta pejabat di negri konoha""""",negative,tidak benar penjarahan kya lebay sampe kirim bunga segala rakyat tuh tindas pajak bijak ga pro rakyat duit pajak dipake mewah dewan jabat gila hormat gila harta jabat negri konoha
"""""baru sadar ngerepost konten day 1 penjarahan sahroni di akun client setelah 5 hari """"",neutral,baru sadar ngerepost konten day 1 penjarahan sahroni akun client 5 hari
"""""@CNNIndonesia Kita yg waras pasti punya empaty utk bu SM dan sangat menyesalkan kejadian tsb ttp ya engga usah lebay pakai karangan bunga segala. Malah jadi ke kanak2an. Kita bersyukur Bu SM dan keluarga tdk ada di lokasi ketika terjadi penjarahan (yg msh sisakan tanda tanya knp bisa terjadi""""",negative,waras punya empaty bu sama sangat sesal jadi tsb tetap engga usah lebay pakai karang bunga segala malah jadi kanak2an syukur bu sama keluarga tidak lokasi jadi penjarahan sisa tanda tanya knp jadi
"""""@mosesmovingon @Alurisjad Demi apaseh gak sia-sia gw ngabisin robux semalem..? Bisa terhindar dari penjarahan ? """"",positive,apaseh tidak sia sia habis robux semalem hindar penjarahan
"""""@gandjar_bondan @Yusrilihza_Mhd Setuju dgn Prof Yusril hadapi aja proses hukumnya. Biar adu argument di pengadilan. Delpedro di duga mengajak masyarakt anak2 skolah melakukn anarkis penjarahan pembakaran fasilitas umum melemparkan bom molotov ke aparat ini fakta tujuan nya jelas membuat Keos seperti 1998.""""",neutral,tuju prof yusril hadap proses hukum biar adu argument adil delpedro duga ajak masyarakt anak skolah melakukn anarkis penjarahan pembakaran fasilitas umum lempar bom molotov aparat fakta tuju nya jelas buat keos 1998
"""""@swaraqalbu @ARSIPAJA Lebih aneh lagi banyak yg berbahagia dgn penjarahan. Ga usah bicara halal dan haram dulu etika ketimuran kita sudah hilang. Miris...""""",negative,lebih aneh banyak bahagia penjarahan ga usah bicara halal haram dulu etika timur hilang miris
"""""SEDIKITPUN saya TIDAK SIMPATI walaupun juga tidak membenarkan PENJARAHAN.. #MenteriTanpaNurani cc @KemenkeuRI @DPR_RI https://t.co/xcBiJnxrJR""""",negative,sedikit tidak simpati walaupun tidak benar penjarahan cc
"""""@anaanne6 @Dennysiregar7 Betul yg bahaya adalah tehnik Brainwash digunakan untuk memprovokasi gerakan mahasiswa... Skenario kedua menggerakkan massa anarkis anak2 labil Skenario ketiga menggerakkan massa utk melakukan Penjarahan""""",neutral,betul bahaya tehnik brainwash guna provokasi gera mahasiswa skenario dua gerak massa anarkis anak labil skenario tiga gerak massa laku penjarahan
"""""Bandung Semarang Surabaya Makassar Aceh dan Yogyakarta. Di beberapa kota kericuhan tersebut diikuti dengan aksi pembakaran dan penjarahan.""""",neutral,bandung semarang surabaya makassar aceh yogyakarta beberapa kota ricuh sebut ikut aksi pembakaran penjarahan
"""""@ARSIPAJA Penjarahan emang tidak dapat dibenarkan. Lalu Ibu menaikkan pajak terus-menerus apa bisa disebut berperikemanusiaan juga? Korupsi sudah ribuann triliyun masih bisa disebut berperikemanusiaan?""""",positive,penjarahan emang tidak benar lalu ibu naik pajak terus terus apa sebut perikemanusiaan korupsi ribuann triliyun sebut perikemanusiaan
"""""Penjarahan Properti Pejabat: Refleksi Kesenjangan Penguasa dan Rakyat https://t.co/d7IoKZ632J""""",neutral,penjarahan properti jabat refleksi senjang kuasa rakyat
"""""Anggota DPR RI non aktif Uya Kuya memutuskan untuk memaafkan salah satu terduga pelaku seorang ibu lanjut usia atau lansia yang ikut membawa salah satu barang dari rumahnya. https://t.co/bHvHbtfSKD""""",positive,anggota dpr ri non aktif uya kuya putus maaf salah satu duga laku orang ibu lanjut usia lansia ikut bawa salah satu barang rumah
"""""Radya Pustaka mengalami penjarahan dalam senyap bertahun2. Siapa pelakunya?""""",neutral,radya pustaka alami penjarahan senyap tahun siapa laku
"""""@sfruitnanas Sama halnya dengan pajak. Penjarahan atas nama hukum.""""",negative,sama hal pajak penjarahan atas nama hukum
"""""(((Rasa aman hilang akibat penjarahan))) Congratulations on experiencing being CHINDO Tapi kami dijarah karna provokasi elit. Harta yang diambil adalah dari hasil keringat sendiri. Anda dijarah karena buah dosa anda sendiri merampok rakyat! We are not the same!""""",negative,rasa aman hilang akibat penjarahan congratulations on experiencing being chindo penjarahan karna provokasi elit harta ambil hasil keringat sendiri penjarahan buah dosa sendiri perampokan rakyat we are not the same
"""""Agustus kemarin kalau tidak ada kasus Affan sang martir juga pengrusakan yang massif penjarahan dan ontran-ontran besar lainnya percayalah DPR pejabat atau mereka yang berkuasa tidak akan berubah.""""",neutral,agustus kemarin kalau tidak kasus affan sang martir rusa massif penjarahan ontran ontran besar lain percaya dpr jabat kuasa tidak ubah
"""""BIN Bais TNI Intel Polri menyelidiki dalang kericuhan dan penjarahan Demo: https://t.co/mg3JulsDMp""""",neutral,bin bais tni intel polri selidik dalang ricuh penjarahan demo
"""""@RadioElshinta HUKUM MANDUL DI +62 TEMBANG PILIH HUKUM KORUPTOR!!! SHG PENGRUSAKAN&amp""; PENJARAHAN RUMAH PEJABAT MERUPAKAN JAWABAN RAKYAT YG MURKA!!!SEMUA ADA SEBAB AKIBAT!!IBARAT LU MAKAN MAKA LU AKAN KENTUT&amp;""EEK!!! KL HUKUM MANDUL MAKA HUKUM RAKYAT BICARA!!!SESIMPLE ITU!!!""""",negative,hukum mandul 62 tembang pilih hukum koruptor shg rusa amp penjarahan rumah jabat rupa jawab rakyat murka semua akibat ibarat kamu makan kamu kentut amp eek kalau hukum mandul hukum rakyat bicara sesimple
"""""@yorselves Gw ga rela demo dan penjarahan udahan..knpa mbah ini bisa lolos dgn selamat """"",neutral,ga rela demo penjarahan udahan knpa mbah lolos selamat
"""""@RadioElshinta SUKA/TDK PENGRUSAKAN RUMAH PEJABAT ADLH HAL BARU&amp"";""MERUPAKAN SHOCK TERAPI YG EFEKTIF MSLH PENJARAHAN ADLH EFEK SAMPING!!! BEGITU JUGA DEMO MEMILIKI EFEK SAMPING RUSUH!!! BILA TDK INGIN HAL DIATAS TJD MAKA URUS RAKYAT DGN BAIK BUKAN MALAH EKPLOITASI ALAM UTK KAKAYAAN PRIBADI!!!""""",negative,suka tidak rusa rumah jabat adlh baru amp rupa shock terapi efektif mslh penjarahan adlh efek samping demo milik efek samping rusuh bila tidak atas tjd urus rakyat bagus bukan malah ekploitasi alam kakayaan pribadi
"""""Provokator Penjarahan Rumah Uya Kuya Melalui TikTok Ditangkap Polres Metro Jaktim https://t.co/EhIrlSiOiM""""",neutral,provokator penjarahan rumah uya kuya lalu tiktok tangkap polres metro jaktim
"""""@IndominusBlue @txtdrpemerintah pun setelah ditantang soal debat dan face to face sama mba salsa dia jg malah kabur ke luar negeri. muncul ancaman penjarahan sahroninya bilang rumah dia terbuka. jadi ya? coba kalau nggak semakin nantangin masyarakat pun nggak akan semena-mena buat jarah properti pribadi.""""",neutral,tantang soal debat face to face sama mba salsa malah kabur kamuar negeri muncul ancam penjarahan sahroninya bilang rumah buka jadi coba kalau tidak makin nantangin masyarakat tidak semena mena jarah properti pribadi
"""""Ketidakadilan ekonomi dan hukum adalah biang keladi keresahan dan aksi-aksi demo jalanan. https://t.co/XiPmm9Rc4E""""",neutral,ketidakadilan ekonomi hukum biang keladi resah aksi aksi demo jalan
"""""@CYFat @cimoltriplex @qonsberry @randomable_ Wiranto sebagai Panglima ABRI saat kerusuhan Mei 1998 bertanggung jawab atas respons militer yang dinilai lambat dan tidak memadai oleh Tim Gabungan Pencari Fakta (TGPF). Ada dugaan keterlibatan elit militer dalam memprovokasi kekerasan termasuk penjarahan dan pembunuhan yang""""",negative,wiranto panglima abri kerusuhan mei 1998 tanggung jawab atas respons militer nilai lambat tidak pada tim gabung cari fakta tgpf duga libat elit militer provokasi keras masuk penjarahan bunuh
"""""@grok @cimoltriplex @qonsberry @randomable_ Apa keterlibatan wiranto di kerusuhan 98 khususnya penjarahan pembunuhan dan pemerkosaan massal?""""",neutral,apa libat wiranto kerusuhan 98 khusus penjarahan bunuh perkosa massal
"""""@txtdrimedia Yah inilah sifat manusia Indonesia tll mudah memaafkan. 2029 dia nyalon dpr lagi kemungkinan besar akan terpilih lg dg menggunakan drama penjarahan ini.""""",positive,yah ini sifat manusia indonesia tll mudah maaf 2029 nyalon dpr mungkin besar pilih lg guna drama penjarahan
"""""Sesuai dengan Pasal 363 KUHP pelaku aksi penjarahan tetap harus diproses pidana meskipun barang hasil jarahan telah dikembalikan. #DemokrasiTanpaAnarki #IndonesiaReset #selamatkanindonesia #tuntutanrakyat #bbtvi #GSTReforms2025 https://t.co/6jbdG208aN""""",positive,sesuai pasal 363 kuhp laku aksi penjarahan tetap proses kriminalitas meski barang hasil jarah kembali
"""""Viral di media sosial 'black mamba' diklaim ditemukan di rumah politisi Ahmad Sahroni saat penjarahan. Ternyata foto tersebut berasal dari insiden lama. https://t.co/EmV1yFTyoh""""",neutral,viral media sosial black mamba klaim temu rumah politis ahmad sahroni penjarahan nyata foto sebut asal insiden lama
"""""@DS_yantie Ratusan juta merasakan penjarahan selama 10 th lbh buk..""""",negative,ratus juta rasa penjarahan lama 10 th lbh buk
"""""Apa Isi Flashdisk Putih Sahroni yang Hilang Saat Penjarahan? NasDem Sampai Buka Suara Begini Di antara deretan barang mewah yang hilang saat rumah politisi NasDem Ahmad Sahroni dijarah massa pada 30 Agustus lalu satu benda kecil justru menjadi pusat misteri dan spekulasi liar https://t.co/dIEGamB40c""""",neutral,apa isi flashdisk putih sahroni hilang penjarahan nasdem buka suara begini deret barang mewah hilang rumah politis nasdem ahmad sahroni penjarahan massa 30 agustus lalu satu benda kecil justru jadi pusat misteri spekulasi liar
"""""@white_lyly @DS_yantie Pesta penjarahan harta rakyat dimulai?""""",negative,pesta penjarahan harta rakyat mulai
"""""@DS_yantie Sy tidak membenarkan penjarahan. Tapi Srimul ente teu mikir knp rakyat berbuat begitu? Ngaca introspeksi.""""",positive,tidak benar penjarahan srimul ente teu mikir knp rakyat buat ngaca introspeksi
"""""Permintaan Maaf Sri Mulyani hingga Barang Jarahan Dikembalikan Warga #riauonline #riauonlinecoid #Srimulyani #penjarahan #penjarahanrumahsrimulyani https://t.co/AJPDZgpB7e""""",positive,minta maaf sri mulyani hingga barang jarah kembali warga
"""""@Ary_PrasKe2 Dia baru masuk politik. Gak paham betapa palsu dan jahatnya orang2 politik. Gak mungkin dia yg hanya joget joget jd sasaran penjarahan kalau tdk ditarget untuk pengalihan atensi. Dari rusuh depan Mako Brimob pindah ke rumah2 target.""""",neutral,baru masuk politik tidak paham betapa palsu jahat orang politik tidak mungkin joget joget jadi sasar penjarahan kalau tidak target alih atensi rusuh depan mako brimob pindah rumah target
"""""@blank0429 PENUSUP DEMO... INI MUNGKIN PROVOKATOR PENJARAHAN""""",neutral,penusup demo mungkin provokator penjarahan
"""""@DS_yantie Menarik pajak kepada rakyat secara masif bukan kah penjarahan juga? Ditambah lg dg ancaman dan keluar saja dr Indonesia atau jangan jadi WNI . Bila belum sadar juga presiden dan menteri serta anggota dewan yg tidak mewakili rakyat perlu merasakan dijarah juga """"",negative,tarik pajak rakyat masif bukan penjarahan tambah lg ancam keluar indonesia jangan jadi wni bila belum sadar presiden menteri anggota dewan tidak wakil rakyat perlu rasa penjarahan
"""""@fadlizon Sebaiknya segala macam benda bersejarah tetap di belanda agar lebih aman dari penjarahan sehingga anak cucu kita dapat melihat di masa akan datang""""",neutral,baik segala macam benda sejarah tetap belanda lebih aman penjarahan anak cucu lihat masa datang
"""""Anisa Bahar angkat bicara soal legitimasi artis di politik setelah penjarahan rumah anggota DPR. Ia menegaskan niat tulusnya untuk bantu masyarakat. https://t.co/Nmsy0TQe6B""""",positive,anisa bahar angkat bicara soal legitimasi artis politik penjarahan rumah anggota dpr tegas niat tulus bantu masyarakat
"""""Maaf bu ya bagaimana kalau rakyat membalikan kata-kata ibu"";"" Para penagih Pajak seperti 'berpesta' mengambil penghasilan upah gaji dan pendapatan rakyat untuk bayar pajak ini dan itu. Saya mengecam Penjarahan karena itu bukan ajaran Islam. https://t.co/M9sIQIA69S""""",positive,maaf bu bagaimana kalau rakyat balik kata kata ibu tagih pajak pesta ambil hasil upah gaji dapat rakyat bayar pajak kecam penjarahan bukan ajar islam
"""""Tuhkan yang real tuh cuma penjarahan saroni. Sisanya ya ikut-ikutan.""""",neutral,tuhkan real tuh cuma penjarahan saron sisa ikut ikut
"""""Delpedro Marhaen Mahasiswa Pembenci Jokowi Sering Muncul Di Youtube Bareng Refly Harun Pecatan Komisaris Kini Tersandung Dugaan Makar Karena Hasut Demonstran Untuk Melakukan Penjarahan Di Rumah Ahmad Sahroni""""",neutral,delpedro marhaen mahasiswa benci jokowi sering muncul youtube bareng refly harun pecat komisaris kini sandung duga makar hasut demonstran laku penjarahan rumah ahmad sahroni
"""""hilih yg penjarahan rumah lu aja settingan kocak sok-sokan takut""""",neutral,hilih penjarahan rumah kamu settingan kocak sok sok takut
"""""Giliran laporan penjarahan properti pejabat langsung deh polisi gercep memang penjarahan tidak dibenarkan.Masalahnya penjarahan yang dialami masyarakat gimana tuh laporan banyak yang tidak diproses wkwkkkwkwk.""""",negative,gilir lapor penjarahan properti jabat langsung deh polisi gercep memang penjarahan tidak benar masalah penjarahan alami masyarakat gimana tuh lapor banyak tidak proses wkwkkwkwk
"""""Artis sekaligus anggota DPR nonaktif Uya Kuya mengalami ketakutan pada beberapa hal gegara penjarahan yang dialaminya. Dia mengaku takut keluar rumah hingga membuka media sosial. Saking takutnya buka media sosial Uya Kuya baru berani melihat video aksi penjarahan di rumahnya https://t.co/dfUQ4h510F""""",negative,artis sekaligus anggota dpr nonaktif uya kuya alami takut beberapa gegara penjarahan alam aku takut keluar rumah hingga buka media sosial saking takut buka media sosial uya kuya baru berani lihat video aksi penjarahan rumah
"""""@NovalAssegaf Dikit amat dibandingkan dengan penjarahan tikus Tiongkok yang bebas mencuri wilayah RI serta tambang emas dll puluhan ribu trilyun rupiah per tahun sepuluh tahun terakhir berlanjut hingga akhir jaman tanpa pajak pasti bisa dibayar""""",negative,dikit banding penjarahan tikus tiongkok bebas curi wilayah ri tambang emas puluh ribu trilyun rupiah per tahun puluh tahun akhir lanjut hingga akhir jaman pajak bayar
"""""BREAKING NEWS SU Mahasiswa Unnes Tersangka Penjarahan DPRD Jepara TV 42 Inch Jadi Buktinya https://t.co/gU1nUwA8ti""""",neutral,breaking news su mahasiswa unnes sangka penjarahan dprd jepara tv 42 inch jadi bukti
"""""Dan sekarang fokus pemerintah seringnya cuma soal menindak aksi penjarahan rumah pejabat. Anying lah mau pengalihan isu apa gimana? Mau playing victim? Itu tuntutan rakyat beresin dulu blog""""",negative,sekarang fokus perintah sering cuma soal tindak aksi penjarahan rumah jabat anying lah mau alih isu apa gimana mau playing victim tuntut rakyat resin dulu blog
"""""Uya Kuya Ajukan Restorative Justice Terhadap Pelaku Penjarahan Rumahnya https://t.co/FHLNjfAvLJ""""",positive,uya kuya aju restorative justice laku penjarahan rumah
"""""Harusnya mbok yo mikir juga. Penjarahan di rumah-rumah koruptor itu terjadi bukan karena ga ada sebab. Instrospeksi knp rakyat bisa semarah itu. Baru gitu doang udh ngerasa kayak paling disakiti. Itu ga seberapa dgn penderitaan rakyat. Kalo ga mau diamuk warga kerja yg bener""""",negative,harus mbok yo mikir penjarahan rumah rumah koruptor jadi bukan ga instrospeksi knp rakyat marah baru gitu ngerasa kayak paling sakit ga berapa derita rakyat kalo ga mau amuk warga kerja bener
"""""Polisi tangkap terduga provokator penjarahan rumah Uya Kuya https://t.co/dzNJC0UpkH https://t.co/KtnI06ZqhG""""",neutral,polisi tangkap duga provokator penjarahan rumah uya kuya
"""""Koruptor di negeri ini gak pernah dihukum secara adil. Biar aja sekarang gue melihat penjarahan rumah koruptor itu sebagai ganti bentuk hukuman yang cukup setimpal buat mereka.""""",negative,koruptor negeri tidak pernah hukum adil biar sekarang gue lihat penjarahan rumah koruptor ganti bentuk hukum cukup timpal
"""""@JancukSaciladh @randomable_ Kenapa rumah para penjahat yg jadi pejabat lainn6a tidak diserbu penjarah ? Bisa jadi yang menggerakkan penjarahan adalah penjahat negara""""",negative,rumah jahat jadi jabat lainn6a tidak serbu jarah jadi gerak penjarahan jahat negara
"""""@elisa_jkt penumpang gelap yg terorganir aksi spontanitas maupun targetan yg berujung penjarahan. 3.aksi masa disemua daerah terdeteksi gerakannya mulai meningkat menjadi kerusuhan 4.secara nasional eskalasinya potensial menjadi chaos 5.""""",neutral,tumpang gelap terorganir aksi spontanitas maupun target ujung penjarahan 3 aksi masa semua daerah deteksi gera mulai tingkat jadi kerusuhan 4 nasional eskalasi potensial jadi chaos 5
"""""Sebagian penjarahan yg terjadi bukan dilakukan oleh warga. Kalaupun itu warga yg ngelakuin dan yang dijarah adalah rumah koruptor yaudahlah ya. Anggaplah itu bentuk kemarahan rakyat karena terus-terusan ga didengar dan kelaparan. Mental pejabat kita memang harus dikasarin dulu""""",negative,bagi penjarahan jadi bukan laku warga kalaupun warga ngelakuin penjarahan rumah koruptor yaudahlah anggap bentuk marah rakyat terus terus ga dengar lapar mental jabat memang dikasarin dulu
"""""Lu sok soal penjarahan artis jadi tragis. Mending lu jadi anggota DPRD ya """"",negative,kamu sok soal penjarahan artis jadi tragis mending kamu jadi anggota dprd
"""""@AstrianElsa @kafka_____ Bung Tomo dulu tak bersenjata hanya modal mic di radio. Org2 jd berani hadapi tank dg golok. Jd jgn remehkan mulut ya.. mulut kasar jg bs mancing bunuh org penjarahan dll.""""",neutral,bung tomo dulu tak senjata modal mic radio org jadi berani hadap tank golok jadi jgn remeh mulut mulut kasar bs mancing bunuh org penjarahan
"""""Polisi tangkap terduga provokator penjarahan rumah Uya Kuya https://t.co/QAQG6LuBAq""""",neutral,polisi tangkap duga provokator penjarahan rumah uya kuya
"""""@Kanseulir Masalahnya penjarahan alam indonesia sudah dilindungi undang-undang (yang sudah dipesan) dan didukung oknum yang memiliki kewenangan yang artinya mereka melakukan kolusi dengan oknum pemerintah untuk melancarkan penjarahan secara legal .""""",negative,masalah penjarahan alam indonesia lindung undang undang pes dukung oknum milik wenang arti laku kolusi oknum perintah lancar penjarahan legal
"""""@randomable_ Kalau memang penjarahan kemarin organik aku yakin tua bangka gak napak tanah ini pasti kena jarah juga rumahnya tapi karena pelakunya oknum yg mau fitnah rakyat ya loloslah dia kan temennya.""""",neutral,kalau memang penjarahan kemarin organik aku yakin tua bangka tidak napak tanah kena jarah rumah laku oknum mau fitnah rakyat lolos kan temennya
"""""@detikcom Giliran yg beginian cepet kerjanya.... Coba kalo rakyat biasa.... Apalagi para korban penjarahan Mei 1998....""""",negative,gilir begini cepet kerja coba kalo rakyat biasa korban penjarahan mei 1998
"""""@operation242153 @abcdsyxxx @pluronic123 Kalau itu sih orang kita sendiri juga bilang begitu. Jangan ngadi² nyalahin orang terus. Ini demo sudah banyak yg dukung perusakan fasum dan penjarahan. Habis itu dikit² nyalahin intel. Jangan semakin merusak image Indonesia dengan nuduh negara orang ye.""""",neutral,kalau sih orang sendiri bilang jangan ngadi nyalahin orang terus demo banyak dukung perusakan fasum penjarahan habis dikit nyalahin intel jangan makin perusakan image indonesia nuduh negara orang ye
"""""@LULUSAN_SD_ Yang pasti di demo ini ada yang menunggangi sehingga terjadi aksi pembakaran dan penjarahan di daerah saya jadi sudah selayaknya inisiator provokator demo ini ditangkap dan diadili. Kedepannya kalau demo jangan seperti ini.""""",positive,demo tunggang jadi aksi pembakaran penjarahan daerah jadi layak inisiator provokator demo tangkap adil depan kalau demo jangan
"""""#Amanbersamarakyat https://t.co/SeCQbGjYjc Target penjarahan terahir di rmh Presiden Prabowo @prabowo ? Lihat video Monitor Yth Bpk Presiden @prabowo @Gerindra Harus di usut siapa penggerak demo makar tsb?""""",neutral,target penjarahan terahir rmh presiden prabowo lihat video monitor yth bpk presiden usut siapa gerak demo makar tsb
"""""#Amanbersamarakyat https://t.co/yetEKnt8in Rmh Presiden Prabowo target terakhir sasaran penjarahan oleh pendemo makar dlm bbrp hari yg lalu. Monitor Yth Bpk Presiden @prabowo @KejaksaanRI @Gerindra Usut tuntas siapa penggeraknya dan tangkap.""""",neutral,rmh presiden prabowo target akhir sasar penjarahan demo makar beberapa hari lalu monitor yth bpk presiden usut tuntas siapa gerak tangkap
"""""@NenkMonica Suruh kembalikan penjarahan tikus Tiongkok yang bebas mencuri wilayah RI serta tambang emas dll puluhan ribu trilyun rupiah per tahun selama sepuluh tahun terakhir berlanjut hingga akhir jaman tanpa pajak""""",negative,suruh kembali penjarahan tikus tiongkok bebas curi wilayah ri tambang emas puluh ribu trilyun rupiah per tahun lama puluh tahun akhir lanjut hingga akhir jaman pajak
"""""20 Terduga Pelaku Perusakan-Penjarahan Diamankan Polres Kediri Kota https://t.co/WdWzdK8VWu""""",neutral,20 duga laku perusakan penjarahan aman polres diri kota
"""""@P3gEl Semua alamat target penjarahan mudah didapat berkat peran polisi. Jadi keributan &amp""; penjarahan tjd krn ada permainan polisi tapi Termul masih terus lindungi Kapolri agar tak diganti karena mjd ujung tombak Jokowi nyerang lawan2nya termasuk ke Prabowo hingga &amp;"" nama baik TNI.""""",negative,semua alamat target penjarahan mudah dapat berkat peran polisi jadi ribut amp penjarahan tjd main polisi termul terus lindung kapolri tak ganti mjd ujung tombak jokowi nyerang lawan2nya masuk prabowo hingga amp nama bagus tni
"""""@ibnukusumayadi @BudiBukanIntel Demo sama penjarshsn beda ya. Penjarahan ya sama aja bibit koruptor. Lagian iya tuh blunder.kl mau demo ya tinggal minta pecat. Kl jarsh mah emang sifatnya sama kaya koruptor. Koruptor asli aja adem ayem. Bukan belain iya. Cm cara nya aja salah""""",negative,demo sama penjarshsn beda penjarahan sama bibit koruptor lagi iya tuh blunder kalau mau demo tinggal minta pecat kalau jarsh mah emang sifat sama kaya koruptor koruptor asli adem ayem bukan bain iya cm cara nya salah
"""""@terongsajiku Dengan membiarkan penjarahan terhadap beberapa anggota DPR dan menterinya sendiri ada pesen politik yg kuat dari beliau nurut atau rakyat yg memaksa kalian untuk nurut Opsi kedua ya full darurat militer kekuatan politik lawan diberedel habis habisan""""",neutral,biar penjarahan beberapa anggota dpr menteri sendiri sen politik kuat beliau nurut rakyat paksa kalian nurut opsi dua full darurat militer kuat politik lawan beredel habis habis
"""""@JS_studio1 @BudiBukanIntel Gini loh penjarahan aja kemaren banyak yang dukung ko. Ga menerima kl banyak warga biasa yang ikut2 an jarah. Terlepas ada dalang dibalik itu semua kalian boleh asumsi. Tapi jangan menutup mata kl banyak masy sipil ikut. Segitu aja gampang digiring demi ngambil bukan hak""""",negative,gin loh penjarahan kemaren banyak dukung ko ga terima kalau banyak warga biasa ikut an jarah lepas dalang balik semua kalian asumsi jangan tutup mata kalau banyak masy sipil ikut segitu gampang giring ngambil bukan hak
"""""@txtdrpemerintah Menurut gue yang layak begitu mah asisten rumah tangga lu keamanan lu sama kucing lu aja karena ada ditempat ngalamin langsung ketika banyak manusia masuk ke rumah lu untuk melakukan yang akrab disebut penjarahan itu. Gue gak setuju penjarahan tapi lu jangan lebay juga """"",positive,gue layak mah asisten rumah tangga kamu aman kamu sama kucing kamu tempat ngalamin langsung banyak manusia masuk rumah kamu laku akrab sebut penjarahan gue tidak tuju penjarahan kamu jangan lebay
"""""@didilionrich Pemilik akun Tiktok ini adalah salah satu pelaku yang ikut menjarah rumah Eko Patrio dan kelompok mereka juga mencoba melakukan penjarahan di rumah Puan tapi bisa digagalkan oleh aparat keamanan Tangkap pemilik akun Tiktok ini untuk mencari tau siapa dalang yg menyuruh mereka https://t.co/nAabkKvmsz""""",neutral,milik akun tiktok salah satu laku ikut penjarahan rumah eko patrio kelompok coba laku penjarahan rumah puan gagal aparat aman tangkap milik akun tiktok cari tau siapa dalang suruh
"""""@prabowo Pemilik akun Tiktok ini adalah salah satu pelaku yang ikut menjarah rumah Eko Patrio dan kelompok mereka juga mencoba melakukan penjarahan di rumah Puan tapi bisa digagalkan oleh aparat keamanan Tangkap pemilik akun Tiktok ini untuk mencari tau siapa dalang yg menyuruh mereka https://t.co/1w39SF70AC""""",neutral,milik akun tiktok salah satu laku ikut penjarahan rumah eko patrio kelompok coba laku penjarahan rumah puan gagal aparat aman tangkap milik akun tiktok cari tau siapa dalang suruh
"""""Pemilik akun Tiktok ini adalah salah satu pelaku yang ikut menjarah rumah Eko Patrio dan kelompok mereka juga mencoba melakukan penjarahan di rumah Puan tapi bisa digagalkan oleh aparat keamanan Tangkap pemilik akun Tiktok ini untuk mencari tau siapa dalang yg menyuruh mereka https://t.co/gHlSavPdZ0""""",neutral,milik akun tiktok salah satu laku ikut penjarahan rumah eko patrio kelompok coba laku penjarahan rumah puan gagal aparat aman tangkap milik akun tiktok cari tau siapa dalang suruh
"""""@Boediantar4 Jelas sekali aksi pembiaran penjarahan !!aparatur negara sontoloyo!!dan pencegahan terhadap massa mahasiswa menemui anggota dpr!!""""",neutral,jelas sekali aksi biar penjarahan aparatur negara sontoloyo cegah massa mahasiswa temu anggota dpr
"""""@BudiBukanIntel Lah orang penjarahan rumah dia itu settingan""""",negative,lah orang penjarahan rumah settingan
"""""Penjarahan rumah anggota DPR RI Ahmad Sahroni jadi sorotan beberapa hari terakhir. Salah satu hal yang viral adalah jam tangan Richard Mille senilai Rp11 7 miliar yang jatuh ke tangan seorang anak. Menariknya lagi jam tersebut dikembalikan kepada Ahmad Sahroni. https://t.co/Iz3tiwkBN7""""",neutral,penjarahan rumah anggota dpr ri ahmad sahroni jadi sorot beberapa hari akhir salah satu viral jam tangan richard mille nila rp 7 miliar jatuh tangan orang anak tarik jam sebut kembali ahmad sahroni
"""""@y0uthcub @txtdrjkt @BudiBukanIntel @barengwarga ini orang yg sama sepertinya yg ngarahin para eksekutor sekitaran 8-10orng di penjarahan gegana kebakaran ruko dikwitang bakar gerbang tol depan hotel sultan bakar halte busway blokir tol dalkot arah tebet pake mobil https://t.co/87EjQ3SXDx""""",negative,orang sama seperti ngarahin eksekutor sekitar 8 10orng penjarahan gegana bakar ruko dikwitang bakar gerbang tol depan hotel sultan bakar halte busway blokir tol dalkot arah tebet pake mobil
"""""@TirtoID Giliran hutan gunung sawah lautan dijarah anda diam saja. Sekarang rasakan rasa marah dari sebuah penjarahan seperti apa yg kami rasakan melihat ibu Pertiwi dijarah.""""",negative,gilir hutan gunung sawah laut penjarahan diam sekarang rasa rasa marah buah penjarahan apa rasa lihat ibu pertiwi penjarahan
"""""@Jayabay19479190 KECUALI PENJARAHAN NOH !!""""",negative,penjarahan noh
"""""apa benar ini translatenya sebut prabowo dibilang pelaku kerusuhan &amp"";"" penjarahan serta pemerkosaan etnis cina 1998?""""",neutral,apa benar translatenya sebut prabowo bilang laku kerusuhan amp penjarahan perkosa etnis cina 1998
"""""Sebelum berkata tentang ke perikemanusiaan alangkah baiknya menjadi manusia dulu. Bukan saya membenarkan penjarahan tapi tidak ada reaksi tanpa aksi. Alangkah baiknya ibu juga berkaca.""""",neutral,kata perikemanusiaan alangkah baik jadi manusia dulu bukan benar penjarahan tidak reaksi aksi alangkah baik ibu kaca
"""""@txtdrimedia terlepas dari apapun tetap penjarahan itu bukan hal yg benar si menurut gua""""",positive,lepas apa tetap penjarahan bukan benar si
"""""Pasca Insiden Penjarahan Massa Eko Patrio Belum Jenguk Rumahnya https://t.co/hIaPOKeuGC""""",neutral,pasca insiden penjarahan massa eko patrio belum jenguk rumah
"""""Nasib Sial Buku-Buku di Masa Penjarahan https://t.co/febDwAISdg #Headline""""",neutral,nasib sial buku buku masa penjarahan
"""""@RWWReborn apakah menkeu begitu bersalahnya sehingga rumah pribadinya diobrak-abrik dan penjarahan barang pribadinya terlihat hal yg biasa dan lumrah.. klo itu benar adanya artinya ada yg salah dgn moral masyarakat kita skrng""""",neutral,menkeu salah rumah pribadi diobrak abrik penjarahan barang pribadi lihat biasa kamumrah kalau benar ada arti salah moral masyarakat skrng
"""""Komisi III DPR: Polri Harus Usut Kasus Penjarahan Bukan Malah Tangkap Delpedro https://t.co/GUjJPmzD9O""""",negative,komisi ii dpr polri usut kasus penjarahan bukan malah tangkap delpedro
"""""@KevinDota4 @txtdrimedia Berdasarkan berita detikNews karangan bunga dikirim oleh rekan artis seperti Denise Chariesta 'Hamba Allah' 'Kami yang Pernah Ditolong Uya Kuya' dan 'Warga Jaksel'. Ini bentuk dukungan moral pasca-rumahnya jadi sasaran penjarahan.""""",positive,dasar berita detiknews karang bunga kirim rekan artis denise chariesta hamba allah pernah tolong uya kuya warga jaksel bentuk dukung moral pasca rumah jadi sasar penjarahan
""""" Keadilan tidak lahir dari penjarahan. Suara kita lebih kuat jika disampaikan dengan damai. https://t.co/bq2lYtgw1P""""",positive,adil tidak lahir penjarahan suara lebih kuat sampai damai
"""""@MurtadhaOne1 Mampus rasain loo . .. banyak korban gara gara loo bikin hasutan demo DPR RI anarkis. Blom kerugian bakar bakar halte dan penjarahan mini market. Kehilangan nyawa dan cacat permanen yg demo..""""",negative,mampus rasain loo banyak korban gara gara loo bikin hasut demo dpr ri anarkis blom rugi bakar bakar halte penjarahan mini market hilang nyawa cacat permanen demo
"""""Sbagian besar dri kubu yg itu aj paling gencar edit2 penggalan video nambah2 caption paling panas paling belokin konteks paling kek terdzolimi paling benerin penjarahan paling sok mewakili paling lagak hero paling dll dah Tau kan ? #DemoRusuh""""",negative,sbagian besar dri kubu paling gencar edit penggal video nambah caption paling panas paling belokin konteks paling kek terdzolimi paling benerin penjarahan paling sok wakil paling lagak hero paling dah tau kan
"""""Walaupun penjarahan rumah Sahroni ga bisa dibenarkan tapi setidaknya ngebuat para pejabat jadi ga asal bikin statement ngawur di publik atau minimal langsung minta maaf kalo habis bikin blunder kaya bapak ini. New level unlocked.""""",positive,walaupun penjarahan rumah sahroni ga benar ngebuat jabat jadi ga asal bikin statement ngawur publik minimal langsung minta maaf kalo habis bikin blunder kaya bapak new level unlocked
"""""Dua orang pelaku pasangan suami istri berinisial SB (35) dan G (20) resmi diamankan Bareskrim Polri. Keduanya diduga menjadi otak di balik aksi geruduk dan penjarahan di rumah Eks Wakil Ketua Komisi III DPR RI Ahmad Sahroni. Menurut keterangan Brigjen Himawan Bayu Aji SB https://t.co/nDdaJox9mN""""",neutral,orang laku pasang suami istri inisial sb 35 g 20 resmi aman bareskrim polri dua duga jadi otak balik aksi geruduk penjarahan rumah eks wakil ketua komisi ii dpr ri ahmad sahroni terang brigjen himawan bayu aji sb
"""""@TirtoID Pernahkan Bu @kemenkeu prihatin atas penderitaan rakyat yang setiap hari susah untuk bertahan hidup ? Pernahkah Ibu prihatin atas pesta penjarahan SDA yg begitu rakus ?""""",negative,pernah bu prihatin atas derita rakyat hari susah tahan hidup pernah ibu prihatin atas pesta penjarahan sda rakus
"""""Sejak hari penjarahan sehari aja gak bisa kali ya buat puasa foto Sahroni yang lewat beranda ... padahal kena algoritma akibat nge-like sekali pun juga kagak.""""",neutral,sejak hari penjarahan hari tidak kali puasa foto sahroni lewat beranda padahal kena algoritma akibat nge like sekali kagak
"""""@txtdrimedia Knp model nya gini semua ya ....semua korban penjarahan dpt karangan bunga ...siapa otak di balik semua ini """"",neutral,knp model nya gin semua semua korban penjarahan karang bunga siapa otak balik semua
"""""Polisi kalo ga bisa ngungkap dalang kerusuhan dan penjarahan rumah pejabrut mending tutup akun aja balik ngarit. Alat bantu intel dana segala macem udah mumpuni. Atau jangan²...""""",negative,polisi kalo ga ngungkap dalang kerusuhan penjarahan rumah pejabrut mending tutup akun balik ngarit alat bantu intel dana segala macem mumpuni jangan
"""""https://t.co/yetEKnt8in Rmh Presiden Prabowo target terakhir sasaran penjarahan oleh pendemo makar dlm bbrp hari yg lalu. Monitor Yth Bpk Presiden @prabowo @KejaksaanRI @Gerindra Usut tuntas siapa penggeraknya dan tangkap.""""",neutral,rmh presiden prabowo target akhir sasar penjarahan demo makar beberapa hari lalu monitor yth bpk presiden usut tuntas siapa gerak tangkap
"""""Polres Kediri mengamankan 20 orang terduga pelaku aksi anarkis yang merusak dan menjarah fasilitas. Situasi mencekam setelah gedung DPRD terbakar. https://t.co/8QZX3xVcJ0""""",neutral,polres diri aman 20 orang duga laku aksi anarkis perusakan penjarahan fasilitas situasi cekam gedung dprd bakar
"""""Apa salahanak ini ? Ngajak turun demo adalah bagian dari demokrasi yg dilindungi UUD45 Dimana menghasutnya. ? Undangan itu kan sudah ada ijin. So what ? Bahwa ada kerusuhan penjarahan tangkap perusuhnya...!""""",positive,apa salahanak ngajak turun demo bagi demokrasi lindung uud hasut undang kan ijin so what kerusuhan penjarahan tangkap rusuh
"""""@profesor_saham Ohhh apakah tujuan dari penjarahan di rumahnya dia ??""""",neutral,ohh tuju penjarahan rumah
"""""@txtdrimedia Apapun itu. Penjarahan ga bener ... Walau kalo ga rusuh ga d denger jug""""",positive,apa penjarahan ga bener kalo ga rusuh ga d denger jug
"""""Tenang kan? Adem kan? Gampang kan? Iya segampang itu klo salah satu dari kalian turun temuin pendemo gaperlu ada penjarahan demo sampai ada nyawa yang meninggal. Ketua kalian bilang gerbang terbuka tpi gaberani munculin batang hidung wajar si karyawan takut sama bos""""",positive,tenang kan adem kan gampang kan iya gampang kalau salah satu kalian turun temuin demo gaperlu penjarahan demo nyawa tinggal ketua kalian bilang gerbang buka tapi gaberani munculin batang hidung wajar si karyawan takut sama bos
"""""Jika anda menasehati Rakyat karena kemaksiatan yang mereka lakukan secara terbuka anda juga paling tidak sesekali harus menasehati penguasa karena melakukan hal yang sama secara terbuka bahkan melindungi penjarahan mereka dengan UU buatan yang menentang Syariah.""""",positive,nasehat rakyat maksiat laku buka paling tidak sekal nasehat kuasa laku sama buka bahkan lindung penjarahan uu buat tentang syariah
"""""dan bukan selalu pada cabang-cabangnya... penjarahan itu hanya sebagian kecil dari akar masalah yang sudah ada.""""",neutral,bukan selalu cabang cabang penjarahan bagi kecil akar masalah
"""""https://t.co/26q4xwiXUw Polri tangkap pembuat konten ajakan penjarahan di media sosial TikTok""""",neutral,polri tangkap buat konten aja penjarahan media sosial tiktok
"""""Polres Blitar berhasil mengamankan pelaku penjarahan Gedung DPRD Kabupaten Blitar. Dalam testimoni yang disampaikan pelaku mengakui perbuatannya dan menyampaikan penyesalan atas tindakan yang dilakukan. Polres Blitar mengimbau masyarakat agar tidak memprovokasi https://t.co/MTAY3BTjvA""""",positive,polres blitar hasil aman laku penjarahan gedung dprd kabupaten blitar testimoni sampai laku aku buat sampai sesal atas tindak laku polres blitar imbau masyarakat tidak provokasi
"""""Video Kondisi Rumah Eko Patrio di Nganjuk Dijaga Polisi Buntut Isu Penjarahan https://t.co/nOon2kpJei""""",neutral,video kondisi rumah eko patrio nganjuk jaga polisi buntut isu penjarahan
"""""@asboediono_id Njabat di 3 era presiden lha koq baru siuman !!!! Penjarahan Tambang Hutan Laut n Anggaran mgk dia pikir bagus n bole-bole azah ! Pas ada warga senggol rumahnya baru nyadar !""""",negative,njabat 3 era presiden lha koq baru siuman penjarahan tambang hutan laut n anggar mgk pikir bagus n bole bole azah pas warga senggol rumah baru nyadar
"""""Dalang dibalik penjarahan rumah Ahmad Sahroni dan penggerudukan Polres Jakarta Utara ditangkap polisi. Lah... Berarti penjarahan tsb telah direncanakan sebelumnya aneh mmg tapi nyata. Siapa kira-kira dalang sesungguhnya? Apakah ini ulah oknum pejabat elit politik? https://t.co/S3elXyTmdl""""",neutral,dalang balik penjarahan rumah ahmad sahroni penggerudukan polres jakarta utara tangkap polisi lah arti penjarahan tsb rencana belum aneh mmg nyata siapa kira kira dalang sungguh ulah oknum jabat elit politik
"""""@sfruitnanas Sistem kepemimpinan yg buruk lah yg membuat penjarahan itu terjadi. Lagi pula uya kuya dijadiin DPR kena juga kan lu wkwkw""""",negative,sistem pimpin buruk lah buat penjarahan jadi uya kuya dijadiin dpr kena kan kamu wkwkw
"""""Polisi Tangkap Terduga Provokator Penjarahan Rumah Uya Kuya https://t.co/ahUYLG6nek""""",neutral,polisi tangkap duga provokator penjarahan rumah uya kuya
"""""Btw ini bukti perusakan penjarahan pembakaran yang dilakukan demonstran di gedung ACC kwitang hari kamis tgl 28 agustus 2025. Sumber langsung dari pegawainya. Jadi demonstran itu ga innocent ya guys https://t.co/CnIhRxrTsU""""",neutral,btw bukti perusakan penjarahan pembakaran laku demonstran gedung acc kwitang hari kamis tgl 28 agustus 2025 sumber langsung pegawai jadi demonstran ga innocent guys
"""""Puncak nya banget menurut gw di hari sabtu ketika penjarahan terjadi di rumah2 pejabat anarkisme perusakan fasum dll pun makin tersebar ga cuma di pulau jawa tapi ke pulau lain. Eskalasi ini bikin banyak netizen resah &amp"";"" pengen aksi anarkisme nya berhenti""""",positive,puncak nya banget hari sabtu penjarahan jadi rumah jabat anarkisme perusakan fasum makin sebar ga cuma pulau jawa pulau eskalasi bikin banyak netizen resah amp ken aksi anarkisme nya henti
"""""disclaimer dulu ya. Gw cuma sharing aja bukan mau indoktrinasi. Cuma amaze aja sama psychology warfare nya menurut saksi mata. Demo buruh tgl 28 aug itu udah rusuh. Bakar mobil gedung ACC dibakar penjarahan. katanya Paling Mencekam itu di hari jumat &amp"";"" sabtu anarkis banget~""""",negative,disclaimer dulu cuma sharing bukan mau indoktrinasi cuma amaze sama psychology warfare nya saksi mata demo buruh tgl 28 aug rusuh bakar mobil gedung acc pembakaran penjarahan kata paling cekam hari jumat amp sabtu anarkis banget
"""""Polres Metro Jakarta Timur menangkap seorang terduga provokator penjarahan rumah Anggota Komisi IX DPR (nonaktif) Surya Utama atau Uya Kuya di kawasan Pondok Bambu Duren Sawit Jakarta Timur Sabtu (30/8) malam.https://t.co/c03mA6p3fu""""",neutral,polres metro jakarta timur tangkap orang duga provokator penjarahan rumah anggota komisi ix dpr nonaktif surya utama uya kuya kawasan pondok bambu duren sawit jakarta timur sabtu 30 8 malam
"""""Video Kondisi Rumah Eko Patrio di Nganjuk Dijaga Polisi Buntut Isu Penjarahan https://t.co/a61wzEWa9L""""",neutral,video kondisi rumah eko patrio nganjuk jaga polisi buntut isu penjarahan
"""""Sri Mulyani Curhat Rumah Dijarah: Para Penjarah Seperti Berpesta #riauonline #riauonlinecoid #Srimulyani #penjarahan #penjarahanrumahsrimulyani https://t.co/dsHybJ34x8""""",negative,sri mulyani curhat rumah penjarahan jarah pesta
"""""Gue ga ngerti deh kenapa kasus pembunuhan di Indramayu lama banget tuh pelaku terungkap. Tapi kalo kasus penjarahan rumah anggota DPR gerecep banget di tindak. SEKELUARGA LOH DI BUNUH!! siapa pelakunya oi! Kesian""""",negative,gue ga ngerti deh kasus bunuh indramayu lama banget tuh laku ungkap kalo kasus penjarahan rumah anggota dpr gerecep banget tindak keluarga loh bunuh siapa laku oi kesi
"""""Tersangka penjarahan rumah sahroni udah diumumin dengan pakaian seperti ini. Gatau ini beneran atau enggak tapi rasanya susah sekali buat ber-husnudzon. Buka komennya dan udah ketebak isinya. https://t.co/z4u3jkq0Hs""""",negative,sangka penjarahan rumah sahroni diumumin pakai gatau beneran enggak rasa susah sekali ber husnudzon buka komennya tebak isi
"""""Nah ibu bisa ngomong begitu setelah kehilangan sesuatu yg berharga kita kan juga sama bu.. ga membenarkan penjarahan tp ko ya hobi banget gaslight rakyat""""",neutral,nah ibu ngomong hilang harga kan sama bu ga benar penjarahan ko hobi banget gaslight rakyat
"""""https://t.co/gAfzEbhEvz Assalamualaikum.. Ini fakta sebenarnya dari penemuan penemuan Barang di rumah rumah penjarahan anggota dpr.. Siapakah pemilik aslinya ? #mulifachanel""""",negative,assalamualaikum fakta benar temu temu barang rumah rumah penjarahan anggota dpr siapa milik asli
"""""Cerita Uya Kuya Pasrah saat Kediamannya Dijarah Anak-Anak Menangis #UyaKuya #Penjarahan https://t.co/iLzJsJS1uU""""",neutral,cerita uya kuya pasrah diam penjarahan anak anak menang
"""""@AP22584666 @Puthutea Mungkin kesulitannya karena Riza Chalid berada di luar negeri (terakhir di Malaysia) butuh kerjasama internasional seperti Red Notice Interpol. Silfester Matutina sedang dalam proses hukum (peninjauan kembali) bukan buron murni. Sementara pelaku penjarahan rumah Ahmad Sahroni""""",negative,mungkin sulit riza chalid ada kamuar negeri akhir malaysia butuh kerjasama internasional red notice interpol silfester matutina sedang proses hukum tinjau bukan buron murni laku penjarahan rumah ahmad sahroni
"""""@Puthutea @grok menurutmu bagaimana? kesulitannya apa sehingga 2 orang itu tidak ketemu2? tapi mencari pelaku penjarahan rumah anggota dewan sahroni langsung ketemu?""""",negative,turut bagaimana sulit apa 2 orang tidak ketemu cari laku penjarahan rumah anggota dewan sahroni langsung ketemu
"""""@ryanshdqi_ @_delino_ Ejer takut bassnya ilang kalo besok ada penjarahan""""",neutral,ejer takut bassnya ilang kalo besok penjarahan
"""""@tijabar Penjarahan zaman @jokowi""""",neutral,penjarahan zaman
"""""Penjarahan Rumah Sri Mulyani Jadi Sorotan Media Asing https://t.co/JSWUZBnQLf""""",neutral,penjarahan rumah sri mulyani jadi sorot media asing
"""""@cutsarina5 Lebih bernilai dari pada penjarahan bumi pertiwi ya bu @smindrawatii""""",positive,lebih nila penjarahan bumi pertiwi bu
"""""@sfruitnanas Ga membenarkan penjarahan tapi maafin gue harus bilang begini itulah yang selama ini rakyat rasakan Bu.""""",positive,ga benar penjarahan maafin gue bilang begini lama rakyat rasa bu
"""""@tvOneNews https://t.co/SeCQbGjYjc Target penjarahan terahir di rmh Presiden Prabowo @prabowo ? Lihat video Monitor Yth Bpk Presiden @prabowo @Gerindra Harus di usut siapa penggerak demo makar tsb?""""",neutral,target penjarahan terahir rmh presiden prabowo lihat video monitor yth bpk presiden usut siapa gerak demo makar tsb
"""""@BudiBukanIntel @CCICPolri cek akun ini terdetek doxing alamat Eko Uya Deddy Puan dan Sri M Setelah kejadian PENJARAHAN di rmh AS Keliatanya akun ini aktif tuk mentriger penjarahan dgn gaya bahasa silahkan yg mau ke rumah A B C D ...ini alamatnya Ngakunya hackerr terkenal tp sy diblokir https://t.co/fIWGpymGI6""""",negative,cek akun terdetek doxing alamat eko uya deddy puan sri m jadi penjarahan rmh as keliatanya akun aktif tuk mentriger penjarahan gaya bahasa silah mau rumah b c d alamat ngakunya hackerr kenal blokir
"""""Uya Kuya bersama sang istri mendatangi Polres Jakarta Timur setelah mendapat laporan dari security kompleknya. Security melaporkan bahwa ada seorang terduga pelaku penjarahan yang tertangkap di dekat rumah Uya dan langsung diamankan pihak berwajib. https://t.co/i0VOqMRksb""""",neutral,uya kuya sama sang istri datang polres jakarta timur dapat lapor security kompleknya security lapor orang duga laku penjarahan tangkap dekat rumah uya langsung aman pihak wajib
"""""Ketujuh orang tersebut dituduh menyebarkan provokasi di media sosial - mulai dari ajakan pelajar ikut demo seruan membakar Mabes Polri hingga seruan penjarahan rumah pejabat dan bandara. Mereka kini dijerat pasal berlapis: sebagian dengan UU ITE sebagian lain dengan KUHP. https://t.co/Sc8QteQ8On""""",neutral,tujuh orang sebut tuduh sebar provokasi media sosial mulai aja ajar ikut demo seru pembakaran mabes polri hingga seru penjarahan rumah jabat bandara kini jerat pasal lap bagi uu ite bagi kuhp
"""""Provokator Penjarahan di Rumah Uya Kuya Ditangkap Polisi https://t.co/0i3wYt64gE https://t.co/XOJoGuYoE3""""",neutral,provokator penjarahan rumah uya kuya tangkap polisi
"""""@BuditomoDeena Itu penjarahan yg sebenarnya""""",neutral,penjarahan benar
"""""Delpedro Marhaen dulunya merupakan Haters Jokowi sekarang jadi tersangka kasus demonstrasi dan penjarahan. Di era Prabowo ini dia akhirnya Dipermalukan oleh media mengingat rekam jejaknya yang cukup jelas tentang sikap Antipati dengan Presiden RI Ke 7 tersebut.""""",negative,delpedro marhaen rupa haters jokowi sekarang jadi sangka kasus demonstrasi penjarahan era prabowo akhir malu media ingat rekam jejak cukup jelas sikap antipati presiden ri 7 sebut
"""""@sfruitnanas Ngomong² penjarahan Alam kami sudah kalian jarah gila²an sebelumnya dan terus-menerus. https://t.co/Ac2GJ6flS7""""",negative,ngomong penjarahan alam kalian jarah gila2an belum terus terus
"""""Penjarahan aneh di dlm demo Ada isu bocoran di rmh2 tsb sblm dijarah. Gada polisi turun ke lokasi. Warga sktr liat bny org luar/ga dikenal tiba2 menyerbu. Ga lama barang2 dibalikin. Polisi udh pny tsk Ga cuma di dumay AI rekayasa foto/video di dunia nyata bny tipu2""""",neutral,penjarahan aneh demo isu bocor rmh tsb sblm penjarahan tidak polisi turun lokasi warga sktr liat bny org kamuar ga kenal tiba serbu ga lama barang dibalikin polisi pny tsk ga cuma dumay ai rekayasa foto video dunia nyata bny tipu
"""""@TirtoID saya tidak mendukung tindakan penjarahan tapi jujur lebih prihatin sama respon2 para pejabat ketika rakyat menyampaikan ekspresi dikatain tll lah kita kan artis tapi dpr lah kl mau kabur kabur aja jangan balik sekalian lah dll """"",positive,tidak dukung tindak penjarahan jujur lebih prihatin sama respon jabat rakyat sampai ekspresi dikatain tll lah kan artis dpr lah kalau mau kabur kabur jangan balik sekali lah
"""""Bagaimana bisa kepolisian tahu akan ada penjarahan rumah pejabat namun tak melakukan pengamanan khusus? Benarkah adanya pembiaran? Saksikan #HotroomMetroTV episode LEMPAR BATU SEMBUNYI DALANG di https://t.co/7RJKhMt78m #PrabowoSubianto #Mahasiswa #DPR #demonstrasi https://t.co/3bhGMQGGyW""""",negative,bagaimana polisi tahu penjarahan rumah jabat tak laku pengamanan khusus benar ada biar saksi episode lempar batu sembunyi dalang
"""""Dg tdk membenarkan penjarahan yg ibu tangisi itu lukisan bunga. Jika pun itu simbol hasil penemuan diri Ibu diri yg mana yg Ibu temukan? Yg menggadaikan moral demi jabatan? Agaknya baik lukisan itu hilang biar Ibu bisa mencari lagi diri bermoral Ibu yg hilang termakan kuasa.""""",negative,tidak benar penjarahan ibu tangis kamukisan bunga simbol hasil temu diri ibu diri mana ibu temu gadai moral jabat agak bagus kamukisan hilang biar ibu cari diri moral ibu hilang makan kuasa
"""""@Dandhy_Laksono Buktinya masih aja ada kerusuhan dan penjarahan. Jagain dangdutan ya pinter.""""",negative,bukti kerusuhan penjarahan jagain dangdut pinter
"""""Polres Metro Jakarta Timur menangkap seorang terduga provokator penjarahan rumah mertua anggota DPR RI nonaktif Surya Utama atau Uya Kuya di kawasan Duren Sawit Jakarta Timur Sabtu (30/8/2025). Klik untuk baca: https://t.co/k7TgH8sX90 | #Penjarahan #UyaKuya https://t.co/h8dkZBqUFS""""",neutral,polres metro jakarta timur tangkap orang duga provokator penjarahan rumah mertua anggota dpr ri nonaktif surya utama uya kuya kawasan duren sawit jakarta timur sabtu 30 8 2025 klik baca
"""""@herricahyadi @kumparan Hanya menunjuk ke penjarahan dan aksi vandalisme tanpa menunjuk ke akar masalahnya itu bener-bener ga adil dan ga menyelesaikan masalah. Dan ini PR besar buat media.""""",positive,tunjuk penjarahan aksi vandalisme tunjuk akar masalah bener bener ga adil ga selesai masalah pr besar media
"""""pemantik demo jelas2 dr kebijakan pemerintah ko dan yg demo rusuh2 itu lebih ke org internal di dalam kekuasaan sndr(menurut pendapatku) contoh nyata bagemana mungkin rumah bu sri mulyani smpe kebobolan di jarah 2x karna gue jg tdk membenarkan penjarahan dan perusakan fasum""""",positive,mantik demo jelas bijak perintah ko demo rusuh lebih org internal kuasa sndr dapat contoh nyata bagemana mungkin rumah bu sri mulyani samape bobol jarah 2x karna gue tidak benar penjarahan perusakan fasum
"""""Polisi tangkap provokator penjarahan rumah Uya Kuya di Duren Sawit. Total 19 orang diamankan 10 di antaranya ditetapkan sebagai tersangka. https://t.co/oN4VaucnwB""""",neutral,polisi tangkap provokator penjarahan rumah uya kuya duren sawit total 19 orang aman 10 antara tetap sangka
"""""digawian ku mayoritas urg tuha jd pas membahas penjarahan rumah syahroni malah membahas peler2an yg dilantai *sidin berataan kd tahu nama resminya itu dildo* bahkan ada yg menyambat black mamba aku hanya bisa tetawa mendangar urag tuha bekisahan""""",neutral,digawian ku mayoritas urg tuha jadi pas bahas penjarahan rumah syahroni malah bahas peler2an lantai sidin rata kd tahu nama resmi dildo bahkan sambat black mamba aku tetawa dangar urag tuha bekisahan
""""" Kondisi Ahmad Sahroni Uya Kuya dan Eko Patrio Setelah Rumah Mereka Dijarah Ke-3 foto tersebut tidak berkaitan dengan kondisi pasca adanya penjarahan rumah akibat demo. Informasi kondisi Ahmad Sahroni Uya Kuya dan Eko Patrio setelah rumah mereka dijarah https://t.co/AeGWpRFGwp""""",neutral,kondisi ahmad sahroni uya kuya eko patrio rumah penjarahan 3 foto sebut tidak kait kondisi pasca ada penjarahan rumah akibat demo informasi kondisi ahmad sahroni uya kuya eko patrio rumah penjarahan
"""""Polres Metro Jakarta Timur menangkap seorang terduga provokator penjarahan rumah Anggota Komisi IX DPR (nonaktif) Surya Utama atau Uya Kuya di kawasan Pondok Bambu Duren Sawit Jakarta Timur Sabtu (30/8) malam. Provokator penjarahan rumah Uya Kuya sudah diamankan https://t.co/Hzy4lDQ0p1""""",neutral,polres metro jakarta timur tangkap orang duga provokator penjarahan rumah anggota komisi ix dpr nonaktif surya utama uya kuya kawasan pondok bambu duren sawit jakarta timur sabtu 30 8 malam provokator penjarahan rumah uya kuya aman
"""""https://t.co/SeCQbGjYjc Target penjarahan terahir di rmh Presiden Prabowo @prabowo ? Lihat video Monitor Yth Bpk Presiden @prabowo @Gerindra Harus di usut siapa penggerak demo makar tsb?""""",neutral,target penjarahan terahir rmh presiden prabowo lihat video monitor yth bpk presiden usut siapa gerak demo makar tsb
"""""Padahal itu termasuk fasilitas umum. Yang pemerintah mega korup yang rakyat atau pro demonstran mega buta dan tuli (karena mereka ignore/melalaikan tindakan penjarahan dan pembunuhan nyawa tak bersalah selain driver ojol yang utama itu).""""",negative,padahal masuk fasilitas umum perintah mega korup rakyat pro demonstran mega buta tuli ignore lalai tindak penjarahan bunuh nyawa tak salah driver ojol utama
"""""Di akhir pemberitaan @kumparan memberikan pesan redaksi yg berisi seruan agar demonstrasi dilakukan secara damai tanpa aksi penjarahan dan pengrusakan fasilitas publik. Tapi rasanya tidak adil jika pesan ini hanya ditujukan kepada demonstran tanpa tembusan ke kepolisian. https://t.co/Kj9QGYCGKZ""""",negative,akhir berita beri pesan redaksi isi seru demonstrasi laku damai aksi penjarahan rusa fasilitas publik rasa tidak adil pesan tuju demonstran tembus polisi
"""""@randomable_ Target Penjarahan selanjutnya """"",neutral,target penjarahan lanjut
"""""Umar Patek mantan teroris yg menempuh jalan damai dan kembali kpd NKRI mengutuk keras aksi penjarahan dan perusakan fasilitas umum dalam demonstrasi. https://t.co/H8YgotwvHY""""",positive,umar patek mantan teroris tempuh jalan damai kpd nkri kutuk keras aksi penjarahan perusakan fasilitas umum demonstrasi
"""""Provokator Penjarahan Rumah Ahmad Sahroni Hingga Uya Kuya Ditangkap! https://t.co/2k38xTaQB8""""",neutral,provokator penjarahan rumah ahmad sahroni hingga uya kuya tangkap
"""""gak kegocek plokis nangkep pelaku penjarahan bwee. mau fokus di 17+8 sama fokus lawan video ai""""",neutral,tidak gocek plokis nangkep laku penjarahan bwee mau fokus 17 8 sama fokus lawan video ai
"""""@Andiarief__ Tepat. Penjarahan yg digaungkan justru indikasi pembelokan substansi aksi pembusukan kemurnian menyuarakan utk hadirnya keadilan bagi kehidupan rakyat.""""",negative,tepat penjarahan gaung justru indikasi belok substansi aksi busuk murni suara hadir adil hidup rakyat
"""""demo &gt""; ga turun buat dengerin &gt; ada penjarahan &gt; portal berita ga meliput perdemoan &gt; demo selesai &gt; orang pemerintahan ngoceh &gt; portal berita kutip &gt; rame komenan &gt;"" demo kek udah berlalu. editan terbaik bukan jj capcut tapi pemerintah.""""",negative,demo gt ga turun dengerin gt penjarahan gt portal berita ga liput demo gt demo selesai gt orang perintah ngoceh gt portal berita kutip gt rame komenan gt demo kek lalu edit bagus bukan jj capcut perintah
"""""@ch_chotimah2 Penjarahan pasti di lakukan wong cilik rakyat jelata (kata dedy sitorus) karena urusan perut Jaman Jokowi aman karena wong cilik kenyang semua PAHAM... JOKOWI di lawan...""""",negative,penjarahan laku wong cilik rakyat jelata kata dedy sitorus urus perut jaman jokowi aman wong cilik kenyang semua paham jokowi lawan
"""""Pernyataan sikap Umar Patek dalam menyikapi maraknya aksi demontrasi akhir² ini termasuk aksi² penjarahan dan perusakan fasilitas umum. Umar Patek mantan napiter Jammaah Islamiyah sang peracik bom Bali I yg kepalanya pernah dihargain CIA $ 1 Juta utk keberadaannya https://t.co/RMHjCXWaXy""""",positive,nyata sikap umar patek sikap marak aksi demontrasi akhir masuk aksi penjarahan perusakan fasilitas umum umar patek mantan napiter jammaah islamiyah sang acik bom bal i kepala pernah dihargain cia 1 juta ada
"""""@sfruitnanas Saya prihatin dengan penjarahan yg terjadi. Tapi saya pikir beliau lebih baik diam. Apalagi bicara perikemanusiaan . Yg disampaikan beliau seluruhnya akan jadi blunder.""""",positive,prihatin penjarahan jadi pikir beliau lebih bagus diam bicara perikemanusiaan sampai beliau seluruh jadi blunder
"""""@DaffodilWillll @PartaiSocmed Protes di DPR Indonesia dimulai 25 Agustus 2025 menuntut investigasi korupsi keluarga Jokowi bubar parlemen &amp""; pemakzulan Wapres Gibran. Eskalasi kekerasan termasuk polisi tabrak pengemudi ojek penjarahan &amp;"" pembakaran. Dalam video seorang ibu diduga provokator rasis: bilang""""",neutral,protes dpr indonesia mulai 25 agustus 2025 tuntut investigasi korupsi keluarga jokowi bubar parlemen amp makzul wapres gibran eskalasi keras masuk polisi tabrak kemudi ojek penjarahan amp pembakaran video orang ibu duga provokator ras bilang
"""""@TirtoID Lha kalo penjarahan kekayaan alam indonesiyah oleh oligarki (kongkalikong pengusaha &amp"";"" pejabat) itu bgmn kah? Apa seperti berpesta juga kah?""""",negative,lha kalo penjarahan kaya alam indonesiyah oligarki kongkalikong usaha amp jabat bgmn apa pesta
"""""@ObiWan_Catnobi Dari tulisan-tulisan dia di Fb pasca penjarahan emang gak kelihatan ada remorse sama sekali. Gak ngerasa ada yg salah sama sekali. Iya dia nulis kami mohon maaf pasti masih banyak sekali kekurangan tapi ANYBODY would know itu cuman sesuatu yg *harus ada*. Formalitas. She""""",negative,tulis tulis fb pasca penjarahan emang tidak lihat remorse sama sekali tidak ngerasa salah sama sekali iya nulis mohon maaf banyak sekali kurang anybody would know cuman formalitas she
"""""@AdamVelcro Kena penjarahan tapi ga kena ppn + pph """"",neutral,kena penjarahan ga kena ppn pph
"""""Pelaku Penjarahan Dikasih Duit sama Uya Kuya . Izin Promosi Tidak ada pemaksaan ini Link : https://t.co/jdiKDqiADV DPR Minta Maaf Ferry Bersatu Lagi Donat Nadiem Pendamping Desa Kejaksaan Agung https://t.co/0TPVrIPwm7""""",positive,laku penjarahan kasih duit sama uya kuya izin promosi tidak paksa link dpr minta maaf ferry satu donat nadiem damping desa jaksa agung
"""""POLISI TANGKAP PELAKU PENJARAHAN RUMAH MENKEU SRI MULYANI #short https://t.co/0MgXql4YhJ""""",neutral,polisi tangkap laku penjarahan rumah menkeu sri mulyani
"""""@kompascom Aman nh dari penjarahan termul ...""""",neutral,aman nh penjarahan termul
"""""Oalah ini toh yg mau mereka capai. Semua kebijakan membutuhkan pembenaran agar disahkan. Chaos saat demo dan penjarahan merupakan alasan yg tepat untuk itu. Keren """"",positive,oalah mau capai semua bijak butuh benar sah chaos demo penjarahan rupa alas tepat bagus
"""""@alephcomputerr Penjarahan pentil""""",negative,penjarahan pentil
"""""5 Fakta Suami-Istri 'Dalang' Penjarahan Rumah Ahmad Sahroni Hasut Massa Lewat Medsos Hingga Grup WA! https://t.co/7kBiyLAh8k""""",neutral,5 fakta suami istri dalang penjarahan rumah ahmad sahroni hasut massa lewat medsos hingga grup wa
"""""@profesor_saham Imbas dr penjarahan rmh jengbon""""",neutral,imbas penjarahan rmh jengbon
"""""Empat hari usai penjarahan oleh orang-orang tak dikenal di rumah Menteri Keuangan RI Sri Mulyani Indrawati di Pondok Aren Tangerang Selatan (Tangsel) masih dijaga ketat oleh tim gabungan TNI-Polri Kamis (4/9/2025). Klik untuk baca: https://t.co/mTGkLUnFKj | #SriMulyani https://t.co/cCgaMvVBFl""""",neutral,empat hari usai penjarahan orang orang tak kenal rumah menteri uang ri sri mulyani indrawati pondok aren tangerang selatan tangsel jaga ketat tim gabung tni polri kamis 4 9 2025 klik baca
"""""Misteri Hilangnya Lukisan Bunga di Rumah Sri Mulyani: Aksi Protes atau Pencurian? Rumah Sri Mulyani Dijarah Menkeu Sampaikan Pesan Haru! Menteri Keuangan Sri Mulyani Indrawati menjadi korban penjarahan saat demonstrasi di Bintaro Jakarta Selatan Ming https://t.co/N3dYiHODF2""""",neutral,misteri hilang kamukisan bunga rumah sri mulyani aksi protes curi rumah sri mulyani penjarahan menkeu sampai pesan haru menteri uang sri mulyani indrawati jadi korban penjarahan demonstrasi bintaro jakarta selatan ming
"""""Misteri Hilangnya Lukisan Bunga Sri Mulyani: Aksi Protes atau Pencurian? Rumah Menteri Sri Mulyani Dijarah Lukisan Berharga Raib! Menteri Keuangan Sri Mulyani Indrawati menjadi korban penjarahan saat kerusuhan di Bintaro Jakarta Selatan Minggu (31/8/ https://t.co/jqnHkqIc7F""""",neutral,misteri hilang kamukisan bunga sri mulyani aksi protes curi rumah menteri sri mulyani penjarahan kamukisan harga raib menteri uang sri mulyani indrawati jadi korban penjarahan kerusuhan bintaro jakarta selatan minggu 31 8
"""""Uya Kuya mendapat dukungan dari Denise Chariesta di tengah kisruh politik yang berujung pada penjarahan rumah mewahnya oleh massa. Hingga kini ia masih menjadi sasaran hujatan dan kritik publik akibat video jogetnya yang vital saat rapat tahunan MPR RI. https://t.co/gSDd8Vt9AH""""",positive,uya kuya dapat dukung denise chariesta tengah kisruh politik ujung penjarahan rumah mewah massa hingga kini jadi sasar hujat kritik publik akibat video joget vital rapat tahun mpr ri
"""""Rumah politisi Partai Amanat Nasional (PAN) Surya Utama alias Uya Kuya dibanjiri karangan bunga dukungan usai menjadi sasaran penjarahan beberapa waktu lalu. Salah satunya dari rekan sesama artis Denise Chariesta yang dalam karangan itu menyatakan tidak akan terprovokasi oleh https://t.co/dvwskA6XXn""""",positive,rumah politis partai amanat nasional pan surya utama alias uya kuya banjir karang bunga dukung usai jadi sasar penjarahan beberapa waktu lalu salah satu rekan sama artis denise chariesta karang nyata tidak provokasi
"""""Artis sekaligus Anggota DPR nonaktif Uya Kuya mendatangi Mapolres Jakarta Timur untuk mengajukan restorative justice kepada salah satu orang yang dijadikan tersangka atas kasus penjarahan rumahnya pada Rabu (3/10). Tersangka tersebut merupakan seorang ibu-ibu. Uya Kuya yang https://t.co/HkDt36ErES""""",positive,artis sekaligus anggota dpr nonaktif uya kuya datang mapolres jakarta timur aju restorative justice salah satu orang jadi sangka atas kasus penjarahan rumah rabu 3 10 sangka sebut rupa orang ibu ibu uya kuya
"""""penjarahan boneka wish masuk berita guys """"",neutral,penjarahan boneka wish masuk berita guys
"""""@OposisiCerdas Mntap king... jawab penjarahan dgn kebaikan""""",positive,mntap king jawab penjarahan baik
"""""@neVerAl0nely__ @DPR_RI begini ye lain kali kl ada anggota elu yang melakukan tindakan kagak pantas maka segera non aktifkan agar apa? Mencegah penjarahan begini""""",positive,begini ye kali kalau anggota elu laku tindak kagak pantas segera non aktif apa cegah penjarahan begini
"""""@embah72 Apa sengaja dibiarkan terjadi penjarahan? Mana petugas keamanan masa rumah sekelas menteri bisa dijarah?""""",negative,apa sengaja biar jadi penjarahan mana tugas aman masa rumah kelas menteri penjarahan
"""""@somexthread siapa yg berstatement ancamannya pasal KayuHp yaitu penjarahan tertuang dalam jak-kewajiban rakyat terhadap pejabat pemerintah """"",neutral,siapa berstatement ancam pasal kayuhp penjarahan tuang jak wajib rakyat jabat perintah
"""""@tvOneNews Prihatin dengan kejadian penjarahan dirumah Bu Sri Mulyani dan yang lain mudah mudahan semua penjarah tanpa terkecuali dapat ditangkap @DivHumas_Polri @CCICPolri @Kemhan_RI @Puspen_TNI""""",positive,prihatin jadi penjarahan rumah bu sri mulyani mudah mudah semua jarah kecuali tangkap
"""""Pelaku Penjarahan Rumah Menkeu Sri Mulyani di Tangsel Ditangkap Meski Sri Mulyani sering memburu pajak... tapi pelaku penjarahan ini melanggar hukum https://t.co/1TlSHP1YLM""""",neutral,laku penjarahan rumah menkeu sri mulyani tangsel tangkap meski sri mulyani sering buru pajak laku penjarahan langgar hukum
"""""@BabehAldoAje135 @Nicho_Silalahi STOP Hasutan provokasi Jangan terus sebar kebencian Akibatnya terjadi kerusuhan penjarahan Kalau merasa jagoan maju sendirian paling depan Bukan berteriak lantang di belakang Sudah banyak korban akibat bacot kalian https://t.co/6rxHJosdWd""""",positive,stop hasut provokasi jangan terus sebar benci akibat jadi kerusuhan penjarahan kalau rasa jago maju sendiri paling depan bukan teriak lantang belakang banyak korban akibat bacot kalian
"""""@tteokiens Pemerintah Indonesia di bawah Presiden Prabowo sedang aktif menjaga stabilitas seperti melalui sidang kabinet untuk perkuat koordinasi TNI-Polri &amp""; pantau intelijen (sumber: Kemhan &amp;"" Setneg Sep 2025). Namun kerusuhan demo akhir Agustus 2025 (termasuk penjarahan rumah menteri)""""",neutral,perintah indonesia bawah presiden prabowo sedang aktif jaga stabilitas lalu sidang kabinet kuat koordinasi tni polri amp pantau intelijen sumber kemhan amp setneg sep 2025 kerusuhan demo akhir agustus 2025 masuk penjarahan rumah menteri
"""""Polres Blitar Amankan Lagi 1 Pelaku Penjarahan Gedung DPRD Blitar - Polres Blitar berhasil mengamankan pelaku penjarahan Gedung DPRD Kabupaten Blitar. Pelaku mengakui perbuatannya dan menyampaikan penyesalan atas tindakan yang dilakukan. https://t.co/zPiVE4jKn5""""",positive,polres blitar aman 1 laku penjarahan gedung dprd blitar polres blitar hasil aman laku penjarahan gedung dprd kabupaten blitar laku aku buat sampai sesal atas tindak laku
"""""@NetizenGan @PDemokrat Mana reuni 212? Siapa yang hadir? Lihat akun-akun para pendukung 212. Terus memprovokasi sehingga terjadi kerusuhan dan penjarahan. Saya melawan para provokator pemecah belah kerukunan bangsa.""""",negative,mana reuni 212 siapa hadir lihat akun akun dukung 212 terus provokasi jadi kerusuhan penjarahan lawan provokator pecah belah rukun bangsa
"""""@detikcom Meski saya tak setuju dg penjarahan apa pun bentuknya tapi yg di ambil itu belum seberapa dr yg sudah anda nikmati uang rakyat @kemenkeu sri....""""",negative,meski tak tuju penjarahan apa bentuk ambil belum berapa nikmat uang rakyat sri
"""""dilakuin jangan dibaca doang harusnya dari awal lu begini gak perlu nunggu ada korban jiwa ada penjarahan dll.""""",positive,dilakuin jangan baca harus awal kamu begini tidak perlu nunggu korban jiwa penjarahan
""""" makanya bos naikin anggaran kita biar bisa jagain rumah kalian kalian dari penjarahan """"",neutral,makanya bos naikin anggar biar jagain rumah kalian kalian penjarahan
"""""@kompascom Lolos dari penjarahan yah bang https://t.co/wHOOBBhNjo""""",neutral,lolos penjarahan yah bang
"""""@bangherwin Penjarahan rumah SM adalah hal paling aneh didunia Bahkan konon ada pergerakan penjarah ke Kertanegara sesuatu yang lebih aneh lagi""""",neutral,penjarahan rumah sama paling aneh dunia bahkan konon gera jarah kertanegara lebih aneh
"""""Kasat Reskrim Polres Metro Jakarta Timur AKBP Dicky Fertofan mengungkap sebanyak 10 orang telah ditetapkan sebagai tersangka terkait kasus penjarahan rumah milik presenter sekaligus anggota DPR RI Uya Kuya pada Sabtu (30/8/2025). Baca selengkapnya https://t.co/NWPeow9iBe https://t.co/Nj0JCbOChk""""",neutral,kasat reskrim polres metro jakarta timur akbp dicky fertofan ungkap banyak 10 orang tetap sangka kait kasus penjarahan rumah milik presenter sekaligus anggota dpr ri uya kuya sabtu 30 8 2025 baca lengkap
"""""@tanyarlfes Penjarahan""""",neutral,penjarahan
"""""14) Informasi palsu itu sbagian besar dikaitkan aksi protes &amp"";"" brkmbang mjdi pnyebaran ktakutan spt jgn keluar mlm pmbatasan aktivitas di jalanan pnempatan pnembak jitu pmbakaran bangunan pmbatasan pnarikan uang di bank pnyerangan kantor polisi penjarahan dan lain sbgainya.""""",negative,14 informasi palsu sbagian besar kait aksi protes amp brkmbang mjdi pnyebaran ktakutan jgn keluar mlm pmbatasan aktivitas jalan pnempatan pnembak jitu pmbakaran bangun pmbatasan pnarikan uang bank pnyerangan kantor polisi penjarahan sbgainya
"""""@sfruitnanas Gimana rasanya kehilangan apalagi itu disebabkan karna penjarahan. Ngerasa sedih kan ga adilkan. Nah itu yang dirasakan oleh rakyat ketika kalian merampas paksa hak hak rakyatmu sendiri. Gausah lebay deh lu kaya gitu koar2. Rakyatlu dari duru koar2 lu acuhin""""",negative,gimana rasa hilang sebab karna penjarahan ngerasa sedih kan ga adil nah rasa rakyat kalian rampas paksa hak hak rakyat sendiri gausah lebay deh kamu kaya gitu koar rakyatlu duru koar kamu acuhin
"""""Uya Kuya terima dukungan karangan bunga setelah penjarahan rumahnya. Denise Chariesta dan lainnya menguatkan meski Uya sedih kehilangan kucing-kucingnya. https://t.co/oUdt9hngfW""""",positive,uya kuya terima dukung karang bunga penjarahan rumah denise chariesta lain kuat meski uya sedih hilang kucing kucing
"""""@txtdrimedia apakah berprikemanusiaan membuat aturan pajak yang memeras keringat rakyat. Penjarahan memang tak bisa dibenarkan tetapi pemicunya juga tak bisa diabaikan""""",positive,berprikemanusiaan buat atur pajak peras keringat rakyat penjarahan memang tak benar tetapi picu tak abai
"""""#perspektif @YouTube: Tatapan Megawati PDIP Berdiri Samping Prabowo Soal Demo Bubarkan DPR &amp"";"" Penjarahan https://t.co/bwcRlbqyw2 August 31 2025 at 07:21PM""""",neutral,tatap megawati pdip diri samping prabowo soal demo bubar dpr amp penjarahan august 31 2025 at 07 21pm
"""""@_pannda666 @randomable_ Pindah divisi doang Tuntutan rakyat sudah jelas untuk memaksa dia di pecat secara tidak hormat dari DPR hal sejelas itu aja mereka masih gak paham. Oiyaa dari kasus penjarahan rumah doi kemaren ada temuan senpi laras panjang. Itu harusnya juha jadi BB buat doi kena pidana.""""",neutral,pindah divisi tuntut rakyat jelas paksa pecat tidak hormat dpr jelas tidak paham oiyaa kasus penjarahan rumah doi kemaren temu senpi laras panjang harus juha jadi bb doi kena kriminalitas
"""""Banyak yg mempertanyakan kemana polisi ketika terjadi penjarahan dan pengrusakan rumah pejabat publik. Mereka lupa bahwa polisi sendiri kewalahan mengatasi aksi massa yg merusak kantor dan pos mereka. Polisi dalam 1 dekade ini gawang dan ambigu bertindak mengatasi aksi massa yg""""",neutral,banyak tanya polisi jadi penjarahan rusa rumah jabat publik kamupa polisi sendiri kewalahan atas aksi massa perusakan kantor pos polisi 1 dekade gawang ambigu tindak atas aksi massa
"""""3/Mengapa mengail di air keruh ? Demo kemarin ricuh: penjarahan bom molotov &amp""; korban jiwa bikin rakyat marah. HTI janjikan ekonomi stabil no kemiskinan kalau Khilafah tegak. Dengernta manis tapi mirip jebakan ISIS: utopia palsu berujung kekerasan &amp;"" perang saudara. https://t.co/KfDIXEsZsI""""",negative,3 kail air keruh demo kemarin ricuh penjarahan bom molotov amp korban jiwa bikin rakyat marah hti janji ekonomi stabil no miskin kalau khilafah tegak dengernta manis mirip jebak isis utopia palsu ujung keras amp perang saudara
"""""Analisis: Penumpang Gelap Pesta Penjarahan dan Narasi yang Dikunci Negara Dasco bilang DPR tidak menemui mahasiswa karena situasi tak kondusif dan adanya penumpang gelap. Sri Mulyani curhat bahwa penjarahan rumah pejabat terlihat seperti orang sedang berpesta . Sekilas https://t.co/5mumXC0lYQ""""",neutral,analisis tumpang gelap pesta penjarahan narasi kunci negara dasco bilang dpr tidak temu mahasiswa situasi tak kondusif ada tumpang gelap sri mulyani curhat penjarahan rumah jabat lihat orang sedang pesta kilas
"""""Polisi Buru Provokator Hasut Penjarahan Rumah Uya Kuya https://t.co/zXyCKFJWPz""""",neutral,polisi buru provokator hasut penjarahan rumah uya kuya
"""""@DS_yantie Penjarahan dilakukan warga itu 11-12 menggambarkan penjarahan yg dilakukan elit terhadap uang pajak..sama2 mentalnya yg rusak""""",negative,penjarahan laku warga 11 12 gambar penjarahan laku elit uang pajak sama mental rusak
"""""Diantara semua anggota DPR yg lagi bermasalah masih mendingan Uya Kuya deh dibanding Sahroni. Soalnya masih ada niat mau nunjukin mukanya di media itu pun hanya permintaan maaf dan kasus penjarahan rumahnya. Sahroni? Boro-boro muncul eh malah kabur ke Eropa.""""",positive,antara semua anggota dpr masalah mending uya kuya deh banding sahroni soal niat mau nunjukin muka media minta maaf kasus penjarahan rumah sahroni boro boro muncul eh malah kabur eropa
"""""Masoook Pak Ekooo... Sosok Pak Eko Purnomo pengrajin kostum Iron Man buka suara soal fotone seng viral neng media sosial mergo dikirane hasil penjarahan neng omahe anggota DPR RI Pak Ahmad Sahroni. #info https://t.co/Qg6Wdpp3IL n https://t.co/HuIvfzd6hz #KacamataTulungagung https://t.co/MsrLiL4pnc""""",neutral,masook pak ekoo sosok pak eko purnomo rajin kostum iron man buka suara soal fotone seng viral neng media sosial mergo dikirane hasil penjarahan neng omahe anggota dpr ri pak ahmad sahroni n
"""""@DS_yantie Penjarahan (baca perampok) Sumber Dayaa Alam gak bisa gercep karena kekenyangan fee dari melindungi maling² SDA""""",negative,penjarahan baca rampok sumber dayaa alam tidak gercep kenyang fee lindung maling sda
"""""@galaxywu000 @justch1ls Pun saya tdk setuju aplg mdukung penjarahan. Maling tidak berarti dibalas maling. Ada aturan dan hukumnya sendiri. Kita menuntut keadilan tapi bersikap tdk adil kan tdk sesuai...""""",positive,tidak tuju aplg mdukung penjarahan maling tidak arti balas maling atur hukum sendiri tuntut adil sikap tidak adil kan tidak sesuai
"""""Kantor Ahmad Sahroni Center (ASC) di Tanjung Priok Jakarta Utara ditutup dan dijaga ketat oleh warga usai terjadi kasus penjarahan di rumah Anggota DPR RI nonaktif Ahmad Sahroni pada Sabtu (30/8/2025) lalu. Baca di sini: https://t.co/0U9OArbd1D / #AhmadSahroni #Jakarta https://t.co/Cwl1TEDueP""""",neutral,kantor ahmad sahroni center asc tanjung priok jakarta utara tutup jaga ketat warga usai jadi kasus penjarahan rumah anggota dpr ri nonaktif ahmad sahroni sabtu 30 8 2025 lalu baca sini
"""""@sfruitnanas Semakin banyak bukti tindakan penjarahan kaya gini semakin menegaskan pejabat2 yg ada sekarang ini layak untuk kita disini.""""",negative,makin banyak bukti tindak penjarahan kaya gin makin tegas jabat sekarang layak sini
"""""@Disclaimerrrrr jgn² demo rusuh dan adanya penjarahan karena . . . . . . ah... cuma jangan² yaaaaaa""""",neutral,jgn demo rusuh ada penjarahan ah cuma jangan yaa
"""""@TirtoID Nah apakah penjarahan masif kemaren makar dari mereka mereka (pejabat gak tau diri) juga biar bisa berstatement gini? Lempar batu sembunyi tangan putar balik fakta Gashlighting whatever-you-call-it. Intinya ujung-ujungnya yang gak tau diri harus rakyat.""""",negative,nah penjarahan masif kemaren makar jabat tidak tau diri biar berstatement gin lempar batu sembunyi tangan putar balik fakta gashlighting whatever you call it inti ujung ujung tidak tau diri rakyat
"""""Polres Blitar berhasil mengamankan pelaku penjarahan Gedung DPRD Kabupaten Blitar. Dalam testimoni yang disampaikan pelaku mengakui perbuatannya dan menyampaikan penyesalan atas tindakan yang dilakukan. #PolresBlitar #PolriPresisi #HumasPolri https://t.co/tjnuWLH3WK""""",positive,polres blitar hasil aman laku penjarahan gedung dprd kabupaten blitar testimoni sampai laku aku buat sampai sesal atas tindak laku
"""""Polisi Tetapkan 10 Tersangka dalam Kasus Penjarahan Rumah Uya Kuya https://t.co/y4fu7Eomhd https://t.co/RpI1b0uUUP""""",neutral,polisi tetap 10 sangka kasus penjarahan rumah uya kuya
"""""@sfruitnanas Sy sedih ketika pejabat2 di NKRI tdk peka dg keadaan rakyatny. Rakyat hny sebagai obyek pajak. Kl pejabat terkait bekerja dg benar awasi tata kelola SDA RI yg berlimpah ruah korupsi di hukum maksimal...pasti negri ini makmur sentosa. Rakyat ga dbebani pajak. Ga ada penjarahan""""",negative,sedih jabat nkri tidak peka ada rakyatny rakyat hny obyek pajak kalau jabat kait kerja benar awas tata kelola sda ri limpah ruah korupsi hukum maksimal negri makmur sentosa rakyat ga dbebani pajak ga penjarahan
"""""@sfruitnanas Lu makin blunder gini malah bikin gue mikir penjarahan itu emang pantas """"",negative,kamu makin blunder gin malah bikin gue mikir penjarahan emang pantas
"""""@PartaiSocmed Omm ini mah sistem Bude Tekor. Kas kosong tarik pajak warga !!!!!!!!! Lha harusnya mendorong skuat tenaga anti penjarahan Tambang Hutan Laut Anggaran gtu !!!!! Penyelamatan duit tsb sudah Sangaaaaaat Berlebih utk gaji guru !!!!!!""""",positive,omm mah sistem bude tekor kas kosong tarik pajak warga lha harus dorong skuat tenaga anti penjarahan tambang hutan laut anggar gtu selamat duit tsb sangaat lebih gaji guru
"""""@ainunnajib Omm ini mah sistem Bude Tekor. Kas kosong tarik pajak warga !!!!!!!!! Lha harusnya mendorong skuat tenaga anti penjarahan Tambang Hutan Laut Anggaran gtu !!!!! Penyelamatan duit tsb sudah Sangaaaaaat Berlebih utk gaji guru !!!!!!""""",positive,omm mah sistem bude tekor kas kosong tarik pajak warga lha harus dorong skuat tenaga anti penjarahan tambang hutan laut anggar gtu selamat duit tsb sangaat lebih gaji guru
"""""Makanya beliau paling paling paling anti liat aksi penjarahan apalagi naudzubillah waktu 98 kan terjadinya bkn ke rumah pejabat tp ke toko-toko bank-bank dan sejenisnya dmn didirikan dan dijalankan atas keringat pemiliknya.""""",neutral,makanya beliau paling paling paling anti liat aksi penjarahan naudzubillah waktu 98 kan jadi bukan rumah jabat toko toko bank bank jenis diri jalan atas keringat milik
"""""@durakeen Duaarrr!!! Prabowo dikirim paket demo bayaran dan penjarahan untuk bikin kerusuhan. Karena polisi dan tentara setengah hati tidak seperti dalam kerusuhan Mei 1998 paket demo gagal bayar.""""",neutral,duaarr prabowo kirim paket demo bayar penjarahan bikin kerusuhan polisi tentara tengah hati tidak kerusuhan mei 1998 paket demo gagal bayar
"""""@Siswotomo187571 @HPirang89 YANG MELAKUKAN PENJARAHAN OKNUM JOKOWI""""",negative,laku penjarahan oknum jokowi
"""""Gw ga membenarkan penjarahan tapiiii kalimat yg dilontarkan srimul ini puitis amat yak berlaku buat dia juga sih mestinya kalo dia sadar.""""",negative,ga benar penjarahan tapi kalimat lontar srimul puitis yak laku sih mesti kalo sadar
"""""Kasus penjarahan rumah Uya Kuya Polisi tetapkan enam tersangka https://t.co/PGgc8W5f5b""""",neutral,kasus penjarahan rumah uya kuya polisi tetap enam sangka
"""""Nasib Sial Buku-Buku di Masa Penjarahan https://t.co/rB183dUs8z""""",neutral,nasib sial buku buku masa penjarahan
"""""Polisi membongkar grup WhatsApp ACAB 1312 yang digunakan untuk mengorganisir aksi penyerbuan ke rumah Ahmad Sahroni. Baca selengkapnya di sini : https://t.co/UTMSkdSWJo #Penjarahan #DPRRI #ahmadsahroni Kamis Ferry DPR Minta Maaf Rudi Darmoko #AmanBersamaRakyat https://t.co/DwW4cRNUJL""""",neutral,polisi bongkar grup whatsapp acab 1312 guna organisir aksi serbu rumah ahmad sahroni baca lengkap sini kamis ferry dpr minta maaf rudi darmoko
"""""Rumah milik Eko Patrio di Nganjuk mendapat penjagaan ketat polisi. Penjagaan ini dilakukan buntut dari isu penjarahan yang sebelumnya merebak terkait rumah Eko Patrio di Jakarta. via @detikjatim_ https://t.co/k6tDUL0oVk""""",neutral,rumah milik eko patrio nganjuk dapat jaga ketat polisi jaga laku buntut isu penjarahan belum rebak kait rumah eko patrio jakarta via
"""""@DS_yantie Saya lebih percaya penjarahan rumah Srimul adalah settingan""""",negative,lebih percaya penjarahan rumah srimul settingan
"""""@TirtoID Kita juga sangking biasanya udah ga kaget lagi apa aja dipajekin penjarahan yang dilegalkan""""",negative,sangking biasa ga kaget apa dipajekin penjarahan legal
"""""Kepolisian Resor Kota (Polresta) Cirebon Jawa Barat menetapkan 28 orang sebagai tersangka dalam kasus perusakan dan penjarahan di gedung DPRD Kabupaten Cirebon serta Alun-alun Pataraksa pada 30 Agustus 2025.https://t.co/8ADd7PvSA9""""",neutral,polisi resor kota polresta cirebon jawa barat tetap 28 orang sangka kasus perusakan penjarahan gedung dprd kabupaten cirebon alun alun pataraksa 30 agustus 2025
"""""@detikcom Saya setuju penjarahan tersebut tdk dibenarkan tapi Ibu Sri Mulyani slm ini tdk melakukan observasi dan melihat kemampuan rakyat ketika menaikkan pajak yg begitu massive nya tapi ironinya berbalik dgn para pejabat dan Anggita DPR ini yg namanya yg Dzalim .""""",negative,tuju penjarahan sebut tidak benar ibu sri mulyani slm tidak laku observasi lihat mampu rakyat naik pajak massive nya ironi balik jabat anggita dpr nama dzalim
"""""@profesor_saham Oalahhh ternyata penjarahan tuh tujuannya ini toh? """"",neutral,oalahh nyata penjarahan tuh tuju
"""""@tanyabiartahu Berdasarkan sumber seperti Reuters dan Tempo pengumuman Sri Mulyani soal tak ada pajak baru di 2026 dibuat 15 Agustus 2025 sebelum demo besar akhir Agustus dan penjarahan rumah pejabat. Demo memang picu perubahan seperti pencabutan tunjangan DPR tapi pengumuman pajak sudah ada""""",neutral,dasar sumber reuters tempo umum sri mulyani soal tak pajak baru 2026 buat 15 agustus 2025 demo besar akhir agustus penjarahan rumah jabat demo memang picu ubah cabut tunjang dpr umum pajak
"""""@nazaqistsha Klo penjarahan pejabat peng peng thd negara tidak ditindak oleh negara mungkinkah rakyat saja yg bertindak ??""""",negative,kalau penjarahan jabat peng peng thd negara tidak tindak negara mungkin rakyat tindak
"""""@TirtoID Penjarahan memang ngga dibenarkan tapi semua ini bisa terjadi berawal dari antek-antek lu bu""""",negative,penjarahan memang ngga benar semua jadi awal antek antek kamu bu
"""""@Yurissa_Samosir Yg gue kritisi itubktika di tanya kemana saat ada penjarahan..kan dia bilang stay house ..ngak ke LN..ngapain gue urusin dia kaya sblum jd anggota DPR?""""",neutral,gue kritisi itubktika tanya penjarahan kan bilang stay house tidak ln ngapain gue urusin kaya sblum jadi anggota dpr
"""""@DS_yantie sebagai rakyat saya minta maaf atas penjarahan rumah bu Sri itu salah.... Tapi apakah bu Sri sedia minta maaf terhadap petugas pajak yg menjarah keringat aset tenaga dan aor mata pengusaha dan umkm....tolong pikirkan itu""""",positive,rakyat minta maaf atas penjarahan rumah bu sri salah bu sri sedia minta maaf tugas pajak penjarahan keringat aset tenaga aor mata usaha umkm pikir
"""""@BinggoXec @sfruitnanas Kan saya nulis kesampingkan penjarahan Lu pikir gua ngedukung penjarahan? Yg tak maksud pajak² ngak ngotak itu bos.""""",negative,kan nulis samping penjarahan kamu pikir ngedukung penjarahan tak maksud pajak tidak ngotak bos
"""""@TirtoID giliran penjarahan bicara lu coba ngomongnya tentang keresahan masyarakat bukan keresahan elu""""",negative,gilir penjarahan bicara kamu coba ngomongnya resah masyarakat bukan resah elu
"""""Temui Tersangka Aksi Kericuhan dan Penjarahan Ini Pesan Bupati Kediri! https://t.co/0aeWUwqjBX""""",positive,temu sangka aksi ricuh penjarahan pesan bupati diri
"""""Presenter Uya Kuya mengungkapkan bahwa dirinya tidak sempat menyelamatkan surat-surat berharga ketika rumahnya di Pondok Bambu Jakarta Timur dijarah massa pada Sabtu (30/8/2025) malam. Baca selengkapnya https://t.co/xfhCU64Uhb ~AM #UyaKuya #Penjarahan #SuratBerharga https://t.co/UmIIzNCxfD""""",neutral,presenter uya kuya ungkap diri tidak sempat selamat surat surat harga rumah pondok bambu jakarta timur penjarahan massa sabtu 30 8 2025 malam baca lengkap am
"""""Temui Tersangka Aksi Kericuhan dan Penjarahan Ini Pesan Bupati Kediri! https://t.co/0aeWUwpLMp""""",positive,temu sangka aksi ricuh penjarahan pesan bupati diri
"""""@DS_yantie Sedih kan? Begitu jugalah rasanya rkyt ketika kau bebani dg pajak yg tak masuk diakal itu. Anggap saja penjarahan hartamu adalah karma akibat memajak rkyt.""""",negative,sedih kan juga rasa rkyt kau beban pajak tak masuk akal anggap penjarahan harta karma akibat pajak rkyt
"""""Direktorat Tindak Pidana Siber Bareskrim Polri bersama Polda jajaran menangkap 7 orang tersangka yang diduga menyebarkan konten provokatif di media sosial terkait aksi penjarahan hingga pembakaran gedung. Sumber: IDN Times #demostrasi #tersangkaprovokator https://t.co/FF9iipccBV""""",neutral,direktorat kriminalitas siber bareskrim polri sama polda jajar tangkap 7 orang sangka duga sebar konten provokatif media sosial kait aksi penjarahan hingga pembakaran gedung sumber idn times
"""""Polresta Cirebon menetapkan 28 tersangka dalam aksi perusakan dan penjarahan di Gedung DPRD. Sebagian besar pelaku adalah pelajar. Proses hukum akan dilakukan. Via @detikjabar_ https://t.co/prTpv1nEkr""""",neutral,polresta cirebon tetap 28 sangka aksi perusakan penjarahan gedung dprd bagi besar laku ajar proses hukum laku via
"""""@TirtoID Hati2 ibu sebaiknya ibu dan rekan2 evaluasi diri . Sy tidak mendukung penjarahan disitu ada yg menumpangi. Namun yg pasti amarah rakyat kecil tidak terbendung melihat pejabat tdk berempati dlm tindakan dan kebijakan. Jangan memicu amarah kmbali rakyat tahu cara korup kalean""""",positive,hati ibu baik ibu rekan evaluasi diri tidak dukung penjarahan situ tumpang amarah rakyat kecil tidak bendung lihat jabat tidak empat tindak bijak jangan picu amarah kmbali rakyat tahu cara korup kalean
"""""Kucing Uya Kuya Dirawat Puskeswan Ragunan Usai Penjarahan https://t.co/Kx0TehpBJI""""",neutral,kucing uya kuya rawat puskeswan ragunan usai penjarahan
"""""Pelaku penjarahan rmh pejabat ditangkap. Klu pelaku penjarahan kekayaan negara ditangkap gak??""""",negative,laku penjarahan rmh jabat tangkap kalau laku penjarahan kaya negara tangkap tidak
"""""Uya Kuya dan Astrid memilih memaafkan salah satu pelaku penjarahan rumahnya. https://t.co/nGaHlVR0xa""""",positive,uya kuya astrid pilih maaf salah satu laku penjarahan rumah
"""""https://t.co/XZUUiYF1sC Knp aparat melakukan pembiaran terhadap aksi penjarahan itu? We all Indonesia people do not trust anymore to Indonesia police And we hope the FBI will do investigate that case""""",negative,knp aparat laku biar aksi penjarahan we all indonesia people do not trust anymore to indonesia police and we hope the fbi will do investigate that case
"""""@detikcom Sy anti kekerasan fan penjarahan bgmn dg rakyat kecil yg tiap hari menderita akibat kebijakan ibu? Kmn hsl aneka tambang cukai pajak hsl export jual pasir laut pajak pagar laut selama ini bu?""""",positive,anti keras fan penjarahan bgmn rakyat kecil tiap hari derita akibat bijak ibu kmn hsl aneka tambang cukai pajak hsl export jual pasir laut pajak pagar laut lama bu
"""""Yang masih turun kejalan ttp dijalur tujuan hati² dengan ajakan para oknum untuk PENJARAHAN PERUSAKAN &amp"";"" PENYERANGAN. Jika sudah ada aksi diluar tujuan awal segera Balik kanan! https://t.co/LcIy2kMHXc""""",positive,turun jalan tetap jalur tuju hati aja oknum penjarahan perusakan amp serang aksi luar tuju awal segera balik kanan
"""""@profesor_saham Oh gitu cara mainnya buat skenario huru hara dan penjarahan termasuk skenario menjarah rumah bu sri agar anggaran tetap dinaikkan demi menjaga keamanan dan kestabilan""""",negative,gitu cara main skenario kerusuhan penjarahan masuk skenario penjarahan rumah bu sri anggar tetap naik jaga aman stabil
"""""Dari sini terlihat bahwa perusuhnya punya jejak pendukung Mukidi Jadi jangan stigmakan massa demonstrasi melulu penyebab kerusuhan penjarahan dan lain² yg sifatnya negatif https://t.co/tkFgPCIvFZ""""",positive,sini lihat rusuh punya jejak dukung mukidi jadi jangan stigma massa demonstrasi melulu sebab kerusuhan penjarahan sifat negatif
"""""Beneran dari kelompok Indonesia Gelap aktor di balik penjarahan pembakaran gedung DPRD dan penghasutan buat demo anarkis kepada para anak dibawah umur. FI tetep bakalan kebal hukum kan dia Itachi kudaici yg di susupkan ke mabes Akatsuki. Rekam jejaknya Indonesia Gelap : https://t.co/Tbs9oMT2pd""""",neutral,beneran kelompok indonesia gelap aktor balik penjarahan pembakaran gedung dprd hasut demo anarkis anak bawah umur fi tetep bakal kebal hukum kan itachi kudaici susup mabes akatsuki rekam jejak indonesia gelap
"""""Aksi massa dan tindakan perusakan fasum maupun penjarahan terjadi karena suatu sebab yaitu akumulasi: berbagai keputusan pemerintah berbagai sikap/pernyataan pejabat publik ketimpangan sosial sangat mencolok TAPI AKAR MASALAHNYA DIABAIKAN https://t.co/jEczixAqPG""""",negative,aksi massa tindak perusakan fasum maupun penjarahan jadi suatu akumulasi bagai putus perintah bagai sikap nyata jabat publik timpang sosial sangat colok akar masalah abai
"""""Uya Kuya Datangi Polres Jaktim untuk Damai dengan Terduga Pelaku Penjarahan https://t.co/Gjxud3vgNC via @tribunnews""""",positive,uya kuya datang polres jaktim damai duga laku penjarahan via
"""""@engka_sifa Jgn ada lg pengrusakan atau penjarahan 🇮🇩""""",positive,jgn lg rusa penjarahan
"""""Gak membenarkan penjarahan tapi mungkin ada hikmahnya juga. Ibu jadi tau rasanya diambil Haknya mungkin habis ini ketika mau naikin pajak dan malakin rakyat ibu bakal inget lukisan ibu ini ya. Sakitnya gimana pedihnya gimana. Diluar sana bukan barang bu yang hilang tapi nyawa""""",positive,tidak benar penjarahan mungkin hikmah ibu jadi tau rasa ambil hak mungkin habis mau naikin pajak malakin rakyat ibu bakal inget kamukisan ibu sakit gimana pedih gimana luar sana bukan barang bu hilang nyawa
"""""@SantorinisSun Yg bilang AI itu yg hilangkan suara dr video asli ditimpa dgn suara tertentu &amp""; yg cuma capture ksh caption narasi mrk sbt AI tanpa bukti dimana AI tsb Sama spt saat Video &amp;"" gambar2 DFK yg digoreng JD fitnah THD anggota2 DPR Syahroni dll yg akhirnya terjadi Kejahatan Penjarahan .""""",negative,bilang ai hilang suara video asli timpa suara tentu amp cuma capture ksh caption narasi sbt ai bukti ai tsb sama video amp gambar dfk goreng jadi fitnah thd anggota dpr syahroni akhir jadi jahat penjarahan
"""""Misteri Jam Richard Mille Sahroni Rp11 Miliar: Terungkap Sudah! Heboh! Jam Tangan Miliarder Sahroni Senilai Rp11 Miliar Kembali Wakil Ketua Komisi III DPR RI Ahmad Sahroni kembali mendapatkan jam tangan mewahnya yang sempat raib dalam aksi penjarahan https://t.co/QmzREU6x9Z""""",neutral,misteri jam richard mille sahroni rp miliar ungkap heboh jam tangan miliarder sahroni nila rp miliar wakil ketua komisi ii dpr ri ahmad sahroni dapat jam tangan mewah sempat raib aksi penjarahan
"""""04.09.2025. Ada dua cluster tersangka yang ditangkap terkait provokator provokasi penghasutan penjarahan vandalitas &amp"";"" demo anarkis. Cluster pertama oleh PMJ 6 tsk. Cluster kedua oleh Mabes Polri 7 tsk. Total sementara ada 13 tsk. cmiiw.""""",neutral,04 09 2025 cluster sangka tangkap kait provokator provokasi hasut penjarahan vandalitas amp demo anarkis cluster pertama pmj 6 tsk cluster dua mabes polri 7 tsk total 13 tsk cmiiw
"""""ewwhhh playing victim bgtt lu sri. ga membenarkan aksi penjarahan tapi apa lu ga mikir? semua rasa sakit yg lu ungkapin itu juga yg rakyat alami selama ini yg harus nanggung akibat dari kebijakan lu itu.""""",negative,ewwhh playing victim bgtt kamu sri ga benar aksi penjarahan apa kamu ga mikir semua rasa sakit kamu ungkapin rakyat alami lama nanggung akibat bijak kamu
"""""@Intel_Imut @PartaiSocmed Mohon maaf mereka ini pseudo kiri alias Liberal. Mana ada barisan kiri yang propaganda LGBT propaganda penjarahan dan pengerusakan.""""",negative,mohon maaf pseudo kiri alias liberal mana baris kiri propaganda lgbt propaganda penjarahan rusa
"""""@mynameisquas @pengamatTLine @nafution Yang teriak2 rasis kan sudah di debunk dengan video aslinya (gak dicut) bahwa concern dia itu takut pengulangan peristiwa penjarahan 98. https://t.co/Tel5Tn5RHV https://t.co/pByMD6k05T""""",negative,teriak ras kan debunk video asli tidak cut concern takut ulang peristiwa penjarahan 98
"""""saat negara menjarah masyarakat melalui pajak dan aturan2 yg memberatkan apakah adil ? Tindakan penjarahan TDK d benarkan..namun tindakan negara selama ini kepada rakyat apakah sudah benar... Jika hanya sekedar memoles citra baik itu masih jauh dr kata sejahtera.""""",negative,negara penjarahan masyarakat lalu pajak atur berat adil tindak penjarahan tidak d benar tindak negara lama rakyat benar dar moles citra bagus jauh kata sejahtera
"""""@DS_yantie bukannya membenarkan penjarahan tapi yang suka joget² siapa ya? """"",negative,bukan benar penjarahan suka joget siapa
"""""Polri Harus Usut Kasus Penjarahan Bukan Malah Tangkap Delpedro https://t.co/4yn4UndGO9""""",negative,polri usut kasus penjarahan bukan malah tangkap delpedro
"""""@sfruitnanas Ya memang kalimat itu akan keluar ketika kita jadi korban xixixi kemarin2 jg gk peduli rakyat kesusahan malah dikatain beban lagi guru2 yang ngajar buat masa depan ga membenarkan penjarahan tapi aowkwowkok rkyat udh ngalamin semua yg beliau ini omongin tp gk dipeduliin kan?""""",negative,memang kalimat keluar jadi korban xixixi kemarin tidak peduli rakyat susah malah dikatain beban guru ngajar masa depan ga benar penjarahan aowkwowkok rkyat ngalamin semua beliau omongin tidak dipeduliin kan
"""""@sbyfess Kasus2 yg lagi hits soal hukum 1.Penerapan penegakan hukum case tom lembong beserta abolisi yg d berikan https://t.co/QyQX62DpYq tindakan penjarahan pada pejabat dr aspek hukum https://t.co/Wyi2GDOBiA prubahan aturan MK wkt pilpres 4.penegakan hkum case alm affan Dsb""""",neutral,kasus hits soal hukum 1 terap tega hukum case tom lembong serta abolisi d ikan tindak penjarahan jabat aspek hukum prubahan atur mk wkt pilpres 4 tega hkum case alm affan
"""""Uya Kuya Takut Ketemu Orang dan Keluar Rumah gegara Penjarahan https://t.co/Q8kl9EMogt""""",neutral,uya kuya takut ketemu orang keluar rumah gegara penjarahan
"""""[4] pembersihan &amp""; melakukan inventarisasi peralatan maupun ruangan yang bisa digunakan untuk bekerja. Di postingan kami sebelumnya Polres Blitar menyebut kerugian materi akibat insiden pembakaran &amp; penjarahan di Gedung DPRD Kabupatwn Blitar dibakar &amp;"" dijarah ditaksir mencapai""""",neutral,4 bersih amp laku inventarisasi alat maupun ruang guna kerja postingan belum polres blitar sebut rugi materi akibat insiden pembakaran amp penjarahan gedung dprd kabupatwn blitar pembakaran amp penjarahan taksir capai
"""""@sementaralewat @barengwarga Mengorganisasi massa lebih banyak terus melawan untuk melawan darurat militer. Yang ada agen² aparat akan terus melakukan penjarahan pembakaran status darurat militer semakin nyata. Kiri utopis indo ada jalur yg lebih konstitusional bro memilih merusak.""""",negative,organisasi massa lebih banyak terus lawan lawan darurat militer agen aparat terus laku penjarahan pembakaran status darurat militer makin nyata kiri utopis indo jalur lebih konstitusional bro pilih perusakan
"""""[2] karena belum ada ruangan yang bisa digunakan pasca ada insiden pembakaran &amp"";"" penjarahan pada Minggu 31 Agustus 2025 dini hari. Ia menyebut rapat banmus tetap digelar karena memang sudah dijadwalkan. Sejumlah ruangan kerja DPRD Kabupaten Blitar sendiri saat ini kondisinya""""",neutral,2 belum ruang guna pasca insiden pembakaran amp penjarahan minggu 31 agustus 2025 dini hari sebut rapat banmus tetap gelar memang jadwal jumlah ruang kerja dprd kabupaten blitar sendiri kondisi
"""""@BudiBukanIntel @abi_maulana11 Ternyata nih cewek Tone Deaf. Penjarahan itu salah setuju ...tapi sebagai pejabat publik harus bertanya kenapa terjadi pada bangsa ini dan jutru terjadi pada hartanya.""""",positive,nyata nih cewek tone deaf penjarahan salah tuju jabat publik tanya jadi bangsa jutru jadi harta
"""""@faepries Ah acting ini mah partai onoh kan yg aman penjarahan""""",negative,ah acting mah partai onoh kan aman penjarahan
"""""@tanyabiartahu @TirtoID Saya paham kekhawatiran Anda. Pernyataan Sri Mulyani soal penjarah seperti berpesta merujuk pada penjarahan rumahnya Agustus 2025 menyoroti hilangnya moral dan rasa aman bukan langsung terkait anggaran. Prabowo memang fokus efisiensi APBN 2025 potong hingga Rp306 T untuk""""",positive,paham khawatir nyata sri mulyani soal jarah pesta rujuk penjarahan rumah agustus 2025 sorot hilang moral rasa aman bukan langsung kait anggar prabowo memang fokus efisiensi apbn 2025 potong hingga rp t
"""""@ardisatriawan Ibu itu bicara: peradaban kepantasan dan kemanusiaan setelah rumahnya dijarah.. doi lupa atau pura2 tdk tahu bahwa hasil APBN yg doi kelola adalah hasil daripada: penjarahan penindasan dan penghisapan alam dan rakyatnya.. tdk peduli dg: peradaban kepantasan dan kemanusiaan!!""""",negative,ibu bicara adab pantas manusia rumah penjarahan doi kamupa pura tidak tahu hasil apbn doi kelola hasil penjarahan tindas penghisapan alam rakyat tidak peduli adab pantas manusia
"""""Polisi Tangkap Pelaku Penjarahan Rumah Sri Mulyani di Bintaro https://t.co/z0fxxirbwW""""",negative,polisi tangkap laku penjarahan rumah sri mulyani bintaro
"""""@TirtoID Saya tau kok bahwa penjarahan itu tetap salah dan tidak dibenarkan. Tapi ketika ngomong kayak gini ya malah menunjukkan ketidakpekaan beliau. Apalagi di tengah ketidakjelasan siapa pelaku-pelaku dan koordinator penjarahan. Tau dari mana bahwa penjarahan itu bukan staged act?""""",neutral,tau kok penjarahan tetap salah tidak benar ngomong kayak gin malah tunjuk ketidakpekaan beliau tengah ketidakjelasan siapa laku laku koordinator penjarahan tau mana penjarahan bukan staged act
"""""Uya Kuya Menyatakan Keikhlas Atas Peristiwa Terjadi #uyakuya #jusufhamka #penjarahan #foryou #fyp https://t.co/IUGqrbTJaO""""",negative,uya kuya nyata ikhlas atas peristiwa jadi
"""""Polres Blitar berhasil mengamankan pelaku penjarahan Gedung DPRD Kabupaten Blitar. Dalam testimoni yang disampaikan pelaku mengakui perbuatannya dan menyampaikan penyesalan atas tindakan yang dilakukan. Polres Blitar mengimbau masyarakat agar tidak terprovokasi https://t.co/I5Y4YBAZJi""""",neutral,polres blitar hasil aman laku penjarahan gedung dprd kabupaten blitar testimoni sampai laku aku buat sampai sesal atas tindak laku polres blitar imbau masyarakat tidak provokasi
"""""@TutySusanti @ruhulanakgaul Mampus cemana ? Mana yg katanya rakyat melawan ? Coba lawan la https://t.co/ApJM7LHi8O""""",negative,mampus cemana mana kata rakyat lawan coba lawan la
"""""@TutySusanti @ruhulanakgaul Mampus https://t.co/T5cEqkHQHr""""",neutral,mampus
"""""@TutySusanti @ruhulanakgaul Mampus pada ditangkapin kan si tolol tolol ini ada yg bela kah ? https://t.co/0azBt96ahJ""""",negative,mampus ditangkapin kan si tolol tolol bela
"""""@detikcom Kapan ber cerita tentang penjarahan negara dan hasil dari yg di tangkapnya kemana""""",negative,kapan ber cerita penjarahan negara hasil tangkap
"""""@sfruitnanas Bu itu yg dirasain rakyat selama ini bukan hanya sekedar lukisan tp nyawa dan penghidupan masyarakat. Semoga pejabat makin menyadari kemarahan ini bukan tanpa sebab. Bukan berarti mendukung penjarahan ttp diusut tuntas. Tp klo berbicara keadilan rasa aman dll kami lebih paham""""",positive,bu dirasain rakyat lama bukan dar kamukisan nyawa hidup masyarakat moga jabat makin sadar marah bukan bukan arti dukung penjarahan tetap usut tuntas kalau bicara adil rasa aman lebih paham
"""""@tvOneNews Kepolisian mesti mengungkapam dahulu batasan dan definsi provokasi penjarahan dan perusakan.""""",negative,polisi mesti mengungkapam batas definsi provokasi penjarahan perusakan
"""""Video penangkapan salah satu pelaku penjarahan Gedung DPRD Jepara mendadak viral di media sosial karena lagi asik berpacaran Baca fakta selengkapnya di sini https://t.co/7B5Wf8CHHs #updatenasional #penjarahan #dprdjepara BEM UI Guru Kamis Nani Tori #PrabowoDiPanggungDunia""""",neutral,video tangkap salah satu laku penjarahan gedung dprd jepara dadak viral media sosial asik pacar baca fakta lengkap sini bem ui guru kamis nan tori
"""""@detikcom Penjarahan untuk rakyat yg mana yg njarah itu rampok maling apapun alasanya gak ada benarnya""""",positive,penjarahan rakyat mana njarah perampokan maling apa alasanya tidak benar
"""""@AirinDatangLagi Krn terjadi musibah terjadi thd dirinya sendiri penjarahan di rumahnya.""""",negative,jadi musibah jadi thd diri sendiri penjarahan rumah
"""""@langitxketujuh @deadp00l1999 @TirtoID Bukan gue yang bikin bro. Itu infografik dari https://t.co/nNwkmhl7KS tentang pernyataan Sri Mulyani soal penjarahan. Gue bisa bantu generate gambar kalo lu mau! """"",neutral,bukan gue bikin bro infografik nyata sri mulyani soal penjarahan gue bantu generate gambar kalo kamu mau
"""""@Mawar_0000 @TirtoID Bisa kasih bukti sri mulyani nyontohin penjarahan?""""",negative,kasih bukti sri mulyani nyontohin penjarahan
"""""Puskesmas Hewan Jakarta Ragunan Jakarta Selatan merawat seekor kucing milik artis sekaligus anggota DPR RI nonaktif dari Fraksi PAN Surya Utama atau disapa Uya Kuya yang sempat terlantar usai terjadi penjarahan di rumahnya pada Sabtu (30/8) malam.https://t.co/cUFHCpwgwv""""",neutral,puskesmas hewan jakarta ragunan jakarta selatan rawat ekor kucing milik artis sekaligus anggota dpr ri nonaktif fraksi pan surya utama sapa uya kuya sempat lantar usai jadi penjarahan rumah sabtu 30 8 malam
"""""@sfruitnanas Apa Ibu tdk sedih lihat SDA dijarah oleh oknum Pejabat&amp"";""kroninya apa Ibu tdk sedih lihat bny oknum Pejabat yg melakukan Korupsi MMan bahkan TTan Rp apa Ibu tdk sedih Negara kok bny hutang apa Ibu tdk sedih dikit2 Rkyt di-kejar2 Pajak penjarahan di tempat Ibu bny Rkyt sedih lo Bu""""",negative,apa ibu tidak sedih lihat sda penjarahan oknum jabat amp kroni apa ibu tidak sedih lihat bny oknum jabat laku korupsi mman bahkan ttan rp apa ibu tidak sedih negara kok bny hutang apa ibu tidak sedih dikit rkyt kejar pajak penjarahan tempat ibu bny rkyt sedih lo bu
"""""Polisi Tangkap Pelaku Penjarahan Rumah Menkeu Sri Mulyani https://t.co/hSz0tl9xVD""""",neutral,polisi tangkap laku penjarahan rumah menkeu sri mulyani
"""""Polisi Tahan Sejumlah Tersangka Penjarahan Rumah Sri Mulyani https://t.co/pRypejgbQ4""""",neutral,polisi tahan jumlah sangka penjarahan rumah sri mulyani
"""""Keren rapi bersih tidak tampak adanya asap Bakaran maupun kerusakan bangunan pun aktifitas penjarahan menyampaikan aspirasi yang sungguh tertib """"",positive,bagus rapi bersih tidak tampak ada asap bakar maupun rusa bangun aktifitas penjarahan sampai aspirasi sungguh tertib
"""""@sfruitnanas bukannya ngedukung penjarahan tapi ibu juga mikirin ga perasaan rakyat yang susah payah cari uang buat bayar pajak buat gaji kalian buat kasih makan kalian dikorupsi membabi buta? dipakai buat tunjangan2 ga masuk akal? sakitnya kayak apa ya bu kira kira?""""",negative,bukan ngedukung penjarahan ibu mikirin ga asa rakyat susah payah cari uang bayar pajak gaji kalian kasih makan kalian korupsi babi buta pakai tunjang ga masuk akal sakit kayak apa bu kira kira
"""""@abby6mei SJW nya spt @jhonsitorus_19 warbiasa tololnya ngedukung chaos pembakaran penjarahan""""",negative,sjw nya warbiasa tolol ngedukung chaos pembakaran penjarahan
"""""@Monarch_Aurea @neohistoria_id Menjarah itu psyop utk memecah fokus dari tujuan utamanya waktu 98 penjarahan gak berhasil menggeser fokus ke tujuan utama malah jadi bahan bakar tambahan.""""",neutral,penjarahan psyop pecah fokus tuju utama waktu 98 penjarahan tidak hasil geser fokus tuju utama malah jadi bahan bakar tambah
"""""JOKOWI DAN GENG SOLO PENGACAU... MAKIN SANGAT JELAS SIAPA DALANG SEBENARNYA DI BALIK RUSUH ANARKIS DAN PENJARAHAN SAAT DEMO BULAN AGUSTUS KEMARIN... ‼️ #BasmiGengSoloPengacau #BasmiGengSoloPengacau 🆘🆗""""",negative,jokowi geng solo acau makin sangat jelas siapa dalang benar balik rusuh anarkis penjarahan demo bulan agustus kemarin sos
"""""@mardigu024 Ini yg namanya penjarahan yg terstruktur""""",neutral,nama penjarahan struktur
"""""@TirtoID berat ya bu? uda biar masyarakat aja yg selalu melihat penjarahan kekayaan dan hasil pajak negri ini dengan ugal-ugalan""""",negative,berat bu biar masyarakat selalu lihat penjarahan kaya hasil pajak negri ugal ugalan
"""""Polres Blitar berhasil mengamankan pelaku penjarahan Gedung DPRD Kabupaten Blitar. Dalam testimoni yang disampaikan pelaku mengakui perbuatannya dan menyampaikan penyesalan atas tindakan yang dilakukan. Polres Blitar mengimbau masyarakat agar tidak terprovokasi serta selalu https://t.co/mT2x66AF6T""""",positive,polres blitar hasil aman laku penjarahan gedung dprd kabupaten blitar testimoni sampai laku aku buat sampai sesal atas tindak laku polres blitar imbau masyarakat tidak provokasi selalu
"""""@RyaWiedy kayaknya bisa jadi ni indo rusuh gk kelar2 penjarahan pembakaran gara2 intel mamarika""""",negative,kayak jadi ni indo rusuh tidak kelar penjarahan pembakaran gara intel mamarika
"""""ANTARA - ANTARA - Puskeswan Ragunan rawat kucing Uya Kuya yang terlantar usai penjarahan https://t.co/7Yo0b2wPxA https://t.co/FIhEUu4uY9""""",neutral,puskeswan ragunan rawat kucing uya kuya lantar usai penjarahan
"""""@sfruitnanas gua seniman bisa dibilang gua hidup karena seni dan untuk seni gua selalu menghargai karya seni. Tapi apa yang beliau rasakan ga setimpal sama penderitaan rakyat dari awal peralihan masa jabatan presiden. penjarahan baru sekali kita MERASA KECEWA udah berkali-kali.""""",negative,seniman bilang hidup seni seni selalu harga karya seni apa beliau rasa ga timpal sama derita rakyat awal alih masa jabat presiden penjarahan baru sekali rasa kecewa kali kali
"""""Bareskrim Polri menegaskan masih terus memburu akun-akun media sosial yang diduga memprovokasi aksi penjarahan dan perusakan fasilitas umum saat unjuk rasa. Direktur Tindak Pidana Siber Bareskrim Polri Brigjen Himawan Bayu Aji mengatakan patroli siber terus dilakukan dengan https://t.co/vnYrO70Adq""""",neutral,bareskrim polri tegas terus buru akun akun media sosial duga provokasi aksi penjarahan perusakan fasilitas umum unjuk rasa direktur kriminalitas siber bareskrim polri brigjen himawan bayu aji kata patroli siber terus laku
"""""Rumah Ahmad Sahroni di Kawasan Tanjung priok dijarah oleh massa pada hari Sabtu 30 Agustus 2025 sore. Sejumlah mobil Ahmad Sahroni dihancurkan seluruh barang berharga yang ada dirumah tersebut dijarah secara terang-terangan. https://t.co/Z8I34tjGAe Proses penjarahan tersebut https://t.co/PNmBusoPjZ""""",neutral,rumah ahmad sahroni kawasan tanjung priok penjarahan massa hari sabtu 30 agustus 2025 sore jumlah mobil ahmad sahroni hancur seluruh barang harga rumah sebut penjarahan terang terang proses penjarahan sebut
"""""Menkeu Sri Mulyani bercerita tentang aksi penjarahan di rumahnya kawasan Bintaro Tangerang Selatan. Begini ceritanya: https://t.co/4DWdA52hR3""""",neutral,menkeu sri mulyani cerita aksi penjarahan rumah kawasan bintaro tangerang selatan begini cerita
"""""Polres Blitar berhasil mengamankan pelaku penjarahan Gedung DPRD Kabupaten Blitar. Dalam testimoni yang disampaikan pelaku mengakui perbuatannya dan menyampaikan penyesalan atas tindakan yang dilakukan. https://t.co/QP7tPhfVox""""",positive,polres blitar hasil aman laku penjarahan gedung dprd kabupaten blitar testimoni sampai laku aku buat sampai sesal atas tindak laku
"""""Polres Blitar berhasil mengamankan pelaku penjarahan Gedung DPRD Kabupaten Blitar. Dalam testimoni yang disampaikan pelaku mengakui perbuatannya dan menyampaikan penyesalan atas tindakan yang dilakukan. #PolresBlitar #PolriPresisi #HumasPolri https://t.co/UIkd8FLZS0""""",positive,polres blitar hasil aman laku penjarahan gedung dprd kabupaten blitar testimoni sampai laku aku buat sampai sesal atas tindak laku
"""""Baru Tau Sendiri Setelah Mengalami PENJARAHAN Ya... https://t.co/vqCZzOZUHh""""",neutral,baru tau sendiri alami penjarahan
"""""@TirtoID Jg moralnya yg dikedepankan fokus ke ketimpangan ekonominya meski saya nggak setuju penjarahan""""",positive,moral depan fokus timpang ekonomi meski tidak tuju penjarahan
"""""@sfruitnanas gak dukung penjarahan. tapi kalo lu bandingin lukisan itu sama apa yg dirasakan rakyat saat ini ya gak sebanding wkwkwk""""",positive,tidak dukung penjarahan kalo kamu bandingin kamukisan sama apa rasa rakyat tidak banding wkwkwk
"""""@sfruitnanas menteri klo bicara g pake otak...klo rakyat sejahtera g akan ada penjarahan massal ... ente njarah rakyat melalui undang2 pajak ...""""",negative,menteri kalau bicara g pake otak kalau rakyat sejahtera g penjarahan massal ente njarah rakyat lalu undang pajak
""""" Aparat kepolisian dan TNI harus mengambil tindakan tegas terhadap segala bentuk perusakan fasilitas umum dan penjarahan sesuai hukum berlaku ucapnya.""""",positive,aparat polisi tni ambil tindak tegas segala bentuk perusakan fasilitas umum penjarahan sesuai hukum laku ucap
"""""Presiden Prabowo telah memerintahkan TNI dan Polri untuk menindak tegas siapa pun yang melakukan tindakan anarkistis seperti merusak fasilitas umum hingga penjarahan.""""",positive,presiden prabowo perintah tni polri tindak tegas siapa laku tindak anarkistis perusakan fasilitas umum hingga penjarahan
"""""Anggota DPR sekaligus publik figur Uya Kuya mendatangi Polres Metro Jakarta Timur pada Rabu (3/9/2025) terkait kasus penjarahan rumahnya. Dalam kesempatan itu Uya Kuya mengajukan restorative justice terhadap salah satu terduga pelaku yang diketahui seorang ibu lanjut usia. Uya https://t.co/gTT1yur3t9""""",positive,anggota dpr sekaligus publik figur uya kuya datang polres metro jakarta timur rabu 3 9 2025 kait kasus penjarahan rumah sempat uya kuya aju restorative justice salah satu duga laku tahu orang ibu lanjut usia uya
"""""@detikcom @detiksulsel_ Baguslah kalau ada dermawan mau membantu massa demo. Membantu penjarahan yg mesti diusut.""""",positive,bagus kalau dermawan mau bantu massa demo bantu penjarahan mesti usut
"""""Polres Blitar berhasil mengamankan pelaku penjarahan Gedung DPRD Kabupaten Blitar. Dalam testimoni yang disampaikan pelaku mengakui perbuatannya dan menyampaikan penyesalan atas tindakan yang dilakukan. #polripresisi #polresblitar https://t.co/cj268wTKMk""""",positive,polres blitar hasil aman laku penjarahan gedung dprd kabupaten blitar testimoni sampai laku aku buat sampai sesal atas tindak laku
"""""@somexthread Yang bikin kita mikir saat penjarahan tidak ada seorangpun disana paham ya dek ! Sepertinya sudah ada bocoran kepada mereka sehingga pada melarikan diri coba pikir dari ke empat tempat persamaannya tidak ada penghuninya...sudah di setting kah ....what ?""""",negative,bikin mikir penjarahan tidak orang sana paham dek seperti bocor lari diri coba pikir empat tempat sama tidak hun setting what
"""""Polri Tangkap Pemilik Akun TikTok Penyebar Konten Ajakan Penjarahan https://t.co/fxZUvqRrLB""""",neutral,polri tangkap milik akun tiktok sebar konten aja penjarahan
"""""Selengkapnya: https://t.co/C1s5tsAQAg""""",neutral,lengkap
"""""Polres Blitar berhasil mengamankan pelaku penjarahan Gedung DPRD Kabupaten Blitar. Dalam testimoni yang disampaikan pelaku mengakui perbuatannya dan menyampaikan penyesalan atas tindakan yang dilakukan. #PolresBlitar #PolriPresisi #HumasPolri https://t.co/IHRZq0VDzW""""",positive,polres blitar hasil aman laku penjarahan gedung dprd kabupaten blitar testimoni sampai laku aku buat sampai sesal atas tindak laku
"""""@MamanPiyul Katanya sangat penting kehadirannya bagi jinping sampai2 belain ninggalin dlm negri yg baru saja dilanda demonstrasi yg berujung pembakaran &amp""; penjarahan di bbrp tempat yg memakan korban jiwa. tapi ko jln jauh dibelakang jinping Putin &amp;"" Kim jong un ?""""",neutral,kata sangat penting hadir jinping bain ninggalin negri baru landa demonstrasi ujung pembakaran amp penjarahan beberapa tempat makan korban jiwa ko jln jauh belakang jinping putin amp kim jong un
"""""https://t.co/WvTeSElM8g - Tujuh orang telah ditetapkan sebagai tersangka dalam kasus provokasi demonstrasi yang berujung kerusuhan dan penjarahan melalui media sosial oleh Direktorat Tindak Pidana Siber (Dittipidsiber) Bareskrim Polri.""""",neutral,tujuh orang tetap sangka kasus provokasi demonstrasi ujung kerusuhan penjarahan lalu media sosial direktorat kriminalitas siber dittipidsiber bareskrim polri
"""""@sintakayaknyaa admin2 akun murahan dikasih rokok sebungkus bkin meme seakan2 negara rusak ancur. ayo masyarakat yg cerdas jgn mudah dibodohi akun2 murahan kya gini. liat kmrn yg penjarahan ya gara2 admin model gni.""""",negative,admin akun murah kasih rokok bungkus bkin meme akan negara rusak ancur ayo masyarakat cerdas jgn mudah bodoh akun murah kya gin liat kmrn penjarahan gara admin model gni
"""""Bareskrim Polri Tetapkan 7 Tersangka Kasus Provokasi Demo Berujung Rusuh dan Penjarahan https://t.co/XtoUqynkIr""""",neutral,bareskrim polri tetap 7 sangka kasus provokasi demo ujung rusuh penjarahan
"""""@NayDonuts Ini kriminal murni lihat saja penjarahan barang berharga di masjid selama demo rusuh bukan hak menyampaikan aspirasi.""""",positive,kriminalitas murni lihat penjarahan barang harga masjid lama demo rusuh bukan hak sampai aspirasi
"""""@sfruitnanas Tidak membenarkan penjarahan yang dilakukan. Tapi apa yang Ibu rasakan itu juga yang kami rasakan pada Ibu dan para pejabat negara ini. Sama persis.""""",positive,tidak benar penjarahan laku apa ibu rasa rasa ibu jabat negara sama persis
"""""@TirtoID tidak bisa dibenarkan penjarahan itu tafi teman teman kelian sudah berfesta duluan dari harta rakyat ..... madafaka !""""",negative,tidak benar penjarahan taf teman teman kelian berfesta duluan harta rakyat madafaka
"""""Polisi Tetapkan Enam Tersangka Kasus Penjarahan Rumah Uya Kuya https://t.co/1S2H4XtnPM""""",neutral,polisi tetap enam sangka kasus penjarahan rumah uya kuya
"""""@sfruitnanas Bukan bermaksud membela diri.... Namun para pejabat sudah banyak yang hilang akal sehat... Nurani... Mereka berpesta di atas rakyat yang belum merdeka seutuhnya... Sama2 berpesta nya kalau saya bilang.... Meski penjarahan juga salah...""""",positive,bukan maksud bela diri jabat banyak hilang akal sehat nurani pesta atas rakyat belum merdeka utuh sama pesta nya kalau bilang meski penjarahan salah
"""""Polri Harus Usut Kasus Penjarahan Bukan Malah Tangkap Delpedro https://t.co/8H0xUfRRIh""""",negative,polri usut kasus penjarahan bukan malah tangkap delpedro
"""""10 Tersangka Terungkap dalam Penjarahan Rumah Mertua Uya Kuya https://t.co/ZvxscEjazb""""",neutral,10 sangka ungkap penjarahan rumah mertua uya kuya
"""""Kasus Penjarahan Rumah Sri Mulyani Polisi: Sudah Ada Tersangka https://t.co/dsB53ZMTKU""""",neutral,kasus penjarahan rumah sri mulyani polisi sangka
"""""Coba kalian telusuri siapa siapa saja yang ditangkap terkait kerusuhan pengrusakan fasum dan penjarahan kemarin. Berapa banyak yang kesalahannya cuma posting di medsos dan berapa banyak yang beneran melakukan aksi pengrusakan pembakaran dan penjarahan di lapangan.""""",negative,coba kalian telusur siapa siapa tangkap kait kerusuhan rusa fasum penjarahan kemarin berapa banyak salah cuma posting medsos berapa banyak beneran laku aksi rusa pembakaran penjarahan lapang
"""""https://t.co/SeCQbGjYjc Target penjarahan terahir di rmh Presiden Prabowo @prabowo ? Lihat video Monitor Yth Bpk Presiden @prabowo @Gerindra Harus di usut siapa penggerak demo makar tsb?""""",neutral,target penjarahan terahir rmh presiden prabowo lihat video monitor yth bpk presiden usut siapa gerak demo makar tsb
"""""@Underther00ts @sfruitnanas Tidak mengurangi rasa sakitmu beliau juga berhak sakit atas tindakan yg sepatutnya tidak beliau terima. Penjarahan itu salah.""""",positive,tidak kurang rasa sakit beliau hak sakit atas tindak patut tidak beliau terima penjarahan salah
"""""@Gunawan75_ Bila semua jadi kaya dgn cara yg ga bener bisa disimpulkan bhw terjadinya penjarahan oleh masa kemarin sdh PANTAS krn itu langsung dinikmati oleh rakyat. Dari pada diadili disita duitnya ga jelas kemana dinikmati oleh orang yg ga bener (pengelola ga bener) gitu sahroni?""""",negative,bila semua jadi kaya cara ga bener simpul bhw jadi penjarahan masa kemarin pantas langsung nikmat rakyat adil sita duit ga jelas nikmat orang ga bener kelola ga bener gitu sahroni
"""""@ARSIPAJA kenapa raffi ahmad ga jadi korban penjarahan?""""",neutral,raffi ahmad ga jadi korban penjarahan
"""""@arifbalikpapan1 Dulu ada aksi demo besar tanpa kekerasan apalagi penjarahan. Cara cukup sederhana dgn saling mengawasi dan mengingatkan jika ada gerakan yg aneh oleh siapapun yg melakukan provokasi. Simpel.""""",positive,dulu aksi demo besar keras penjarahan cara cukup sederhana saling awas ingat gera aneh siapa laku provokasi simpel
"""""Seorang warga bernama Rio (22) mengembalikan kasur yang diduga milik Anggota Komisi IX DPR RI Surya Utama atau Uya Kuya saat terjadi aksi penjarahan d... https://t.co/2LmtQD6DH8""""",positive,orang warga nama rio 22 kembali kasur duga milik anggota komisi ix dpr ri surya utama uya kuya jadi aksi penjarahan d
"""""@BudiBukanIntel Woee @BudiBukanIntel Bilangin pada para netijen koplaksz sok maha benar yang dikatakan oleh Sri Mulyani adalah fakta apa adanya kebenaran nyata. Rakyat mengalami bahkan lebih parah itu lain persoalan. Tidak bisa jadi argumentasi pembenaran penjarahan. https://t.co/pdqjHlkI14""""",positive,woee bilangin netijen koplaksz sok maha benar kata sri mulyani fakta apa ada benar nyata rakyat alami bahkan lebih parah soal tidak jadi argumentasi benar penjarahan
"""""@TirtoID pajak apa bukan penjarahan""""",negative,pajak apa bukan penjarahan
"""""@hnirankara orang ini nih. sumpah orang ini. Gua ga menerima aksi penjarahan di rumahnya. Tapi kenapa alih² dia denger keluhan ttg kebijakan pajak yg dia buat bikin gaduh lalu minta maaf. malah yapping soal LUKISAN??? LUKISAN????""""",negative,orang nih sumpah orang ga terima aksi penjarahan rumah alih denger keluh ttg bijak pajak bikin gaduh lalu minta maaf malah yapping soal kamukisan kamukisan
"""""Polri Tangkap Pemilik Akun Tiktok Penyebar Konten Ajakan Penjarahan - https://t.co/HX4GnHaKFw https://t.co/DSy40SuCQR""""",neutral,polri tangkap milik akun tiktok sebar konten aja penjarahan
"""""@sfruitnanas Sangat benar kalau penjarahan itu seharusnya ga terjadi tapi bu sadar gasih ibu jahat nya ampun ampunan sampe bikin rakyat emosi seubun ubun? Pajak semua dinaikin rakyat dikejar sampe plosok kalo ga bayar pajak ditanya anggaran ikn gabisa jawab trs orang mesti piye bu?""""",positive,sangat benar kalau penjarahan ga jadi bu sadar gasih ibu jahat nya ampun ampun sampe bikin rakyat emosi seubun ubun pajak semua dinaikin rakyat kejar sampe plosok kalo ga bayar pajak tanya anggar ikn gabisa jawab terus orang mesti piye bu
"""""@sfruitnanas Penjarahan itu gak bener yah Bu. Nah saat nya ibu koreksi diri tanya lebih hati ibu. Ibu melakukan nya terhadap masyarakat Indonesia spt yg ibu tulis itu nggak? Ayooo koreksi diri...""""",positive,penjarahan tidak bener yah bu nah nya ibu koreksi diri tanya lebih hati ibu ibu laku nya masyarakat indonesia ibu tulis tidak ayoo koreksi diri
"""""@CallsignZephyr_ Alaaamaakkk Ingfooo penjarahan jilid 2""""",neutral,alaamaakk ingfoo penjarahan jilid 2
"""""Lah kalian menari dan berpesta diatas kelaparan dan penderitaan rakyat. Ga membenarkan penjarahan sih tapi kalau ngomongin perikemanusiaan adil dan beradap wkwkwk coba kita pikir ulang bersama sama""""",negative,lah kalian tari pesta atas lapar derita rakyat ga benar penjarahan sih kalau ngomongin perikemanusiaan adil adap wkwkwk coba pikir ulang sama sama
"""""@sfruitnanas Gak bermaksud membela perilaku penjarahan (walaupun sebenernya amis juga)""""",neutral,tidak maksud bela perilaku penjarahan walaupun sebenernya amis
"""""@Andiarief__ Generasimu bkn jaga tradisi tp wariskan pembusukan aksi jadi headline penjarahan demokrasi tinggal jargon kosong.""""",negative,generasi bukan jaga tradisi waris busuk aksi jadi headline penjarahan demokrasi tinggal jargon kosong
"""""Menteri Keuangan Sri Mulyani Indrawati mengungkapkan duka mendalam atas penjarahan rumah pribadinya di Bintaro Tangerang Selatan pada Minggu dini hari (31/8/2025). Salah satu barang berharga yang hilang adalah lukisan bunga berukuran besar yang ia ciptakan sendiri 17 tahun https://t.co/Yynoyuwdgq""""",neutral,menteri uang sri mulyani indrawati ungkap duka dalam atas penjarahan rumah pribadi bintaro tangerang selatan minggu dini hari 31 8 2025 salah satu barang harga hilang kamukisan bunga ukur besar cipta sendiri 17 tahun
"""""Tidak bermaksud membenarkan aksi penjarahan rumahnya tapi kata-kata ibu ini harusnya bisa diarahkan ke rekan sesama menteri dan dpr juga. Bukannya kalian juga sama-sama menjarah? Pajak tinggi gaji pejabat tinggi hutang tinggi tapi kerjaan kalian malah joget??""""",positive,tidak maksud benar aksi penjarahan rumah kata kata ibu harus arah rekan sama menteri dpr bukan kalian sama sama penjarahan pajak tinggi gaji jabat tinggi hutang tinggi kerja kalian malah joget
"""""@detikcom Penjarahan perusakan dan pembakaran fasum bgm pun juga adalah kriminal. Tugas polisi untuk mengusut penjarahan. Masalahnya para petinggi polisi apa cukup punya keberanian moral dan bisa dipercaya untuk mengusut itu ? Usut ijazah palsu saja ga becus""""",negative,penjarahan perusakan pembakaran fasum bgm kriminalitas tugas polisi usut penjarahan masalah petinggi polisi apa cukup punya berani moral percaya usut usut ijazah palsu ga becus
"""""Bareskrim Polri menangkap 7 tersangka yang melakukan provokasi berujung demo ricuh kerusuhan hingga penjarahan melalui media sosialnya masing-masing. Di antara pelaku itu ada yang merupakan pasangan suami istri (pasutri). Dirtipidsiber Bareskrim Polri Brigjen Pol Himawan Bayu https://t.co/bUufZtRNyg""""",neutral,bareskrim polri tangkap 7 sangka laku provokasi ujung demo ricuh kerusuhan hingga penjarahan lalu media sosial masing masing laku rupa pasang suami istri pasutri dirtipidsiber bareskrim polri brigjen pol himawan bayu
"""""TikToker IS dengan nama akun TikTok @hs02775 ditangkap Bareskrim Polri. Dia merupakan bagian dari 7 tersangka yang diringkus karena melakukan provokasi berujung demo ricuh kerusuhan hingga penjarahan di sejumlah rumah pejabat negara https://t.co/THdOSWRkDB""""",neutral,tiktoker is nama akun tiktok tangkap bareskrim polri rupa bagi 7 sangka ringkus laku provokasi ujung demo ricuh kerusuhan hingga penjarahan jumlah rumah jabat negara
"""""@sfruitnanas itu baru lukisan bu lah gimana hak hak rakyat kecil yg ada dibawah ibu? nggak membenarkan tidakan penjarahan tapi statement ibu bikin saya hhhijiiiidhskhab""""",negative,baru kamukisan bu lah gimana hak hak rakyat kecil bawah ibu tidak benar tidak penjarahan statement ibu bikin hhijiidhskhab
"""""panjang umur https://t.co/7EeyVdpp5i""""",positive,panjang umur
"""""Gelombang unjuk rasa bertajuk Bubarkan DPR RI yang berlangsung sejak 25 Agustus 2025 berujung ricuh dan memicu penjarahan di sejumlah wilayah. https://t.co/WOr9PQRiaa""""",neutral,gelombang unjuk rasa tajuk bubar dpr ri langsung sejak 25 agustus 2025 ujung ricuh picu penjarahan jumlah wilayah
"""""Nambah 1 lagi target penjarahan https://t.co/6uBk5kstEH""""",negative,nambah 1 target penjarahan
"""""Rezim kehilangan Legitimasi nya dalam Pemerintahan ketika Warga yang menjadi pemberi mandat tersebut sudah tidak percaya lagi makanya ketika aksi pembakaran Penjarahan dan Perusakan mereka hanya bisa bilang ada upaya Asing Provokasi Makar Teroris dan lain-lain""""",negative,rezim hilang legitimasi nya perintah warga jadi beri mandat sebut tidak percaya makanya aksi pembakaran penjarahan perusakan bilang upaya asing provokasi makar teroris
"""""Nafa Urbach belum kembali setelah kontrakan dijarah. Sebelum terjadi penjarahan Nafa sudah lebih dulu titip pesan minta maaf ke warga. https://t.co/JSE360a3Pe""""",neutral,nafa urbach belum kontra penjarahan jadi penjarahan nafa lebih dulu titip pesan minta maaf warga
"""""@Andiarief__ Penjarahan penguasa kpd rakyat adalah tradisi lama yg terus dipertahankan. Itu warisan VOC. Rakyat yg menjarah rata2 memang bermental maling. Mk ketika maling menjarah pemalak perampok harta negara koruptor... Itu bagian dr keseimbangan alam dan bukan karakter kolektif""""",negative,penjarahan kuasa kpd rakyat tradisi lama terus tahan waris voc rakyat penjarahan rata memang mental maling mk maling penjarahan malak rampok harta negara koruptor bagi imbang alam bukan karakter kolektif
"""""Seorang pemuda bernama Rio (22) mengembalikan kasur milik Uya Kuya yang diduga terbawa saat aksi penjarahan rumah mertuanya pada Sabtu (30/8/2025) dini hari. Baca selengkapnya https://t.co/GpLTHliW7a ~LL #Penjarahan #UyaKuya https://t.co/czAMJe1kRG""""",positive,orang pemuda nama rio 22 kembali kasur milik uya kuya duga bawa aksi penjarahan rumah mertua sabtu 30 8 2025 dini hari baca lengkap ll
"""""Uya Kuya Bertemu Salah Satu Terduga Pelaku Penjarahan Rumahnya Pilih Memaafkan https://t.co/boqi0YXcDX""""",positive,uya kuya temu salah satu duga laku penjarahan rumah pilih maaf
"""""rasa aman kepastian hukum sila ke-5 itu emang udah hilang sebelum penjarahan tolol.""""",negative,rasa aman pasti hukum sila 5 emang hilang penjarahan tolol
"""""Apa Isi Flashdisk Putih Sahroni yang Hilang Saat Penjarahan? NasDem Sampai Buka Suara Begini https://t.co/ECI4mVIfbS""""",neutral,apa isi flashdisk putih sahroni hilang penjarahan nasdem buka suara begini
"""""Polri Tangkap Pemilik Akun TikTok Penyebar Konten Ajakan Penjarahan https://t.co/V8IPvAMd3A""""",neutral,polri tangkap milik akun tiktok sebar konten aja penjarahan
"""""Bareskrim Polri menangkap tujuh orang tersangka yang melakukan provokasi berujung demo ricuh kerusuhan hingga penjarahan di sejumlah rumah pejabat negara. Salah satu yang ditangkap adalah tersangka IS selaku pemilik pengguna atau penguasa akun media sosial TikTok @hs02775. Ia https://t.co/UxuY25VSXS""""",neutral,bareskrim polri tangkap tujuh orang sangka laku provokasi ujung demo ricuh kerusuhan hingga penjarahan jumlah rumah jabat negara salah satu tangkap sangka is selaku milik guna kuasa akun media sosial tiktok
"""""(Hoax) adanya perintah tentang pembakaran rumah dinas wakil gubernur jawa timur emil elestianto dardak #presidenprabowo #emilelestiantodardak #hoax #rumahdibakar #penjarahan https://t.co/XLDk2t7VBb""""",neutral,hoax ada perintah pembakaran rumah dinas wakil gubernur jawa timur emil elestianto dardak
"""""@Andiarief__ Yang jelas aspirasi baru didengar jika ada demo berujung kerusuhan dan penjarahan. Untuk menghindarinya sangat mudah sering2lah berdialog dengan rakyat dari berbagai kalangan. Serap aspirasinya. Jika ada yang baik laksanakan. Gitu aja""""",positive,jelas aspirasi baru dengar demo ujung kerusuhan penjarahan hindar sangat mudah sering2lah dialog rakyat bagai kalang serap aspirasi bagus laksana gitu
"""""Polisi Tetapkan Enam Tersangka atas Kasus Penjarahan Rumah Uya Kuya https://t.co/mVI4erDLkz https://t.co/EtrM2EvU2H""""",neutral,polisi tetap enam sangka atas kasus penjarahan rumah uya kuya
"""""Keputusan itu diambil Uya Kuya setelah mengetahui latar belakang wanita penjarah tersebut yang merupakan seorang tukang parkir dan memiliki cucu disabilitas. TikTok: https://t.co/87KqlXNgWT #yasikafm #uyakuya #astridkuya #cintakuya #ninokuya #demo #demodpr #penjarahan""""",positive,putus ambil uya kuya tahu latar belakang wanita jarah sebut rupa orang tukang parkir milik cucu disabilitas tiktok
"""""@DS_yantie Org kalo pinter itu ga gampang makan hoax. Atau justru sengaja hoax buat rusuh? Nanti kalau dituduh biang penjarahan nanges.. https://t.co/DrIUAkScKK""""",positive,org kalo pinter ga gampang makan hoax justru sengaja hoax rusuh kalau tuduh biang penjarahan nanges
"""""Tenangkan Orang Tua dan Mertua Uya Uya Sempat Tolak Ditemui Teman-temannya Usai Penjarahan https://t.co/I7BXNhTL7E""""",neutral,tenang orang tua mertua uya uya sempat tolak temu teman teman usai penjarahan
"""""Polisi menetapkan enam orang sebagai tersangka dalam kasus penjarahan rumah milik Anggota Komisi IX DPR RI Surya Utama atau disapa Uya Kuya di kawasan... https://t.co/xMvsfpstCv""""",neutral,polisi tetap enam orang sangka kasus penjarahan rumah milik anggota komisi ix dpr ri surya utama sapa uya kuya kawasan
"""""Penjarahan itu efek samping negatif dari sebuah aksi massa besar. Penyusup provokator dan kriminal lah yang ambil kesempatan dari aksi massa. Pertanyakan pada pemegang otoritas keamanan dan ketertiban Apa sudah lakukan mitigasi? Apa sudah lakukan pengamanan objek potensial? https://t.co/PoQjMNsKHV""""",positive,penjarahan efek samping negatif buah aksi massa besar susup provokator kriminalitas lah ambil sempat aksi massa tanya pegang otoritas aman tertib apa laku mitigasi apa laku pengamanan objek potensial
"""""Polisi ringkus pemilik akun TikTok penyebar ajakan penjarahan rumah tokoh publik. Kebebasan berekspresi bukan berarti provokasi. Baca selengkapnya di: https://t.co/2IcRP8Qn7x #PatroliSiber #UUITE #Polri""""",neutral,polisi ringkus milik akun tiktok sebar aja penjarahan rumah tokoh publik bebas ekspres bukan arti provokasi baca lengkap
"""""@sfruitnanas Halah halah rumah dijarah aja banyak drama. Alam yang kalian biarkan dijarah oleh konsesi2 mahal yang ditandatangani gak pernah ribut kok. Lebih pantas disebut penjarahan yang mana? Isi rumah atau ruang hidup untuk kesejahteraan banyak makhluk?""""",negative,halah halah rumah penjarahan banyak drama alam kalian biar penjarahan konsesi mahal ditandatangani tidak pernah ribut kok lebih pantas sebut penjarahan mana isi rumah ruang hidup sejahtera banyak makhluk
"""""#Jakarta Anggota Dewan Perwakilan Rakyat (DPR) Republik Indonesia yang sudah digantung tugas Surya Utama atau Uya Kuya mengaku masih tinggal di 'safe house' selepas berlaku penjarahan di rumah mentuanya di Duren Sawit Jakarta Timur lapor Kompas. https://t.co/0Ft1irivG3""""",neutral,anggota dewan wakil rakyat dpr republik indonesia gantung tugas surya utama uya kuya aku tinggal safe house lepas laku penjarahan rumah mentua duren sawit jakarta timur lapor kompas
"""""Gw kata. Rakyat Biasa dan Mahasiswa itu nggak mungkin melakukan Kerusuhan dan Penjarahan. Moal. Rakyat Indonesia Terkenal Baik di Dunia. Selapar apapun. Dia bisa tahan. Yg ga tahan nafsu makan uang dan jabatan ya pejabat itu. Haus dan lapar Terus dia dan kejar terus.""""",negative,kata rakyat biasa mahasiswa tidak mungkin laku kerusuhan penjarahan moal rakyat indonesia kenal bagus dunia lapar apa tahan ga tahan nafsu makan uang jabat jabat haus lapar terus kejar terus
"""""UPDATE Ahmad Sahroni Lapor Penjarahan NasDem Minta DPR Hentikan Gaji &amp"";""... https://t.co/IQjKcOwnz5 lewat @YouTube""""",neutral,update ahmad sahroni lapor penjarahan nasdem minta dpr henti gaji amp lewat
"""""Kerusuhan dan Penjarahan kali ini Fix di otak saya tidak dilakukan oleh Masyarakat. Masyarakat kita tidak seburuk yang diberitakan. Masyarakat kita walaupun lapar maaf masih bisa tahan lapar. Yang tidak tahan itu yang menumpuk kekayaan dan kekuasaan.""""",positive,kerusuhan penjarahan kali fix otak tidak laku masyarakat masyarakat tidak buruk berita masyarakat walaupun lapar maaf tahan lapar tidak tahan tumpuk kaya kuasa
"""""@prabowo Apakah aktor dibalik kerusuhan penjarahan percobaan makar dan terorisme mengarah pada geng oslo Pak? Soalnya ada yg mendadak bagi-bagi bansos ke ojol""""",neutral,aktor balik kerusuhan penjarahan coba makar terorisme arah geng oslo pak soal dadak bansos ojol
"""""@TirtoID Tapi emang memalukan sih rakyat kita bu benar2 barbar terlepas dari ditunggangi oknum tertentu disni kita dipertontonkan kelakuan the real maling.Org2 yg berdalih membenarkan penjarahan tersebut gara2 pejabat korup adalah logika tidak masuk akal""""",negative,emang malu sih rakyat bu benar barbar lepas tunggang oknum tentu disni tonton laku the real maling org dalih benar penjarahan sebut gara jabat korup logika tidak masuk akal
"""""Siapa Saja? Polisi Tetapkan 10 Tersangka Penjarahan Rumah Uya Kuya Ada Anak di Bawah Umur Darurat Militer DPR RI Demo Kerusuhan PDIP DALANG DEMO #KapanPecatDeddySitorus HEADLINE NEWS Komdigi September Hitam Rakyat Ya Allah Uya Kuya Demo Sahroni Buruh https://t.co/iZeg3mpS4I""""",neutral,siapa polisi tetap 10 sangka penjarahan rumah uya kuya anak bawah umur darurat militer dpr ri demo kerusuhan pdip dalang demo headline news komdigi september hitam rakyat allah uya kuya demo sahroni buruh
"""""@Romijuliwanda Ah klarifikasi bagus! Kalau batang saya adalah AI netral anak sungai dari warga X pasca-kerusuhan meliputi: aliran konspirasi (dugaan dalang asing seperti Soros) arus trauma (kenangan 1998 &amp""; penjarahan) gelombang tuntutan (reformasi hukum &amp;"" investigasi BEM SI) plus sungai""""",positive,ah klarifikasi bagus kalau batang ai netral anak sungai warga x pasca kerusuhan liput alir konspirasi duga dalang asing soros arus trauma kenang 1998 amp penjarahan gelombang tuntut reformasi hukum amp investigasi bem si plus sungai
"""""@sfruitnanas maaf bu yang ibu rasakan itu sudah dirasakan rakyat Indonesia bertahun2 sejak rezim jkw berkausa ibu hanya merasaakn sedikit saja bu tp rakyat sudah berulang kali sesak dadanya hanya bisa mengurut dada tak mampu berbuat apa2.. tp kami pun tak setuju dgn penjarahan itu kok bu""""",negative,maaf bu ibu rasa rasa rakyat indonesia tahun sejak rezim jkw kausa ibu merasaakn sedikit bu rakyat ulang kali sesak dada urut dada tak mampu buat apa tak tuju penjarahan kok bu
"""""Iya iya. Aksi bakar2an dan penjarahan itu AI buatan Termul dan Buzzer Pemerintah juga toh Tum @PartaiSocmed @Intel_Imut @sarah_pndjtn @aewin86 @kangdede78 @JokoHQ @tekarok007 @Heraloebss ???? https://t.co/Hs85saL5kx""""",negative,iya iya aksi bakar2an penjarahan ai buat termul buzzer perintah tum
"""""@Andiarief__ Ada dinding tebal antara elit dan rakyat jelata seperti kami bang shg derita kesusahan rakyat tdk mrk pahami penjarahan ini sbg bentuk penghancuran tembok tebal tsb.""""",negative,dinding tebal elit rakyat jelata bang shg derita susah rakyat tidak paham penjarahan bentuk hancur tembok tebal tsb
"""""@TirtoID Lah pajak yg ditetapkan pemerintah kan juga penjarahan fasilitas umum misalkan jalanan didaerah juga masih banyak lubang2""""",negative,lah pajak tetap perintah kan penjarahan fasilitas umum misal jalan daerah banyak kamubang
"""""@Opiniku95098012 Mungkin bagi hukum ataupun Dpr dan pejabat yang masuk katagori penjarahan itu yang di lakukan oleh rakyat jelata seperti maling singkong buat makan tapi tarik pajak yang membabi buta untuk kekayaan mereka di beri label sumbangsih buat bangsa .....kan anying....""""",negative,mungkin hukum atau dpr jabat masuk katagori penjarahan laku rakyat jelata maling singkong makan tarik pajak babi buta kaya beri label sumbangsih bangsa kan anying
"""""@Siswotomo187571 10 tahun era Jokowi semua penjarahan sumber daya alam secara ugal-ugalan dan mereka berpestapora rakyat hanya menonton sekarang masa iya rakyat suruh cuci piring""""",negative,10 tahun era jokowi semua penjarahan sumber daya alam ugal ugalan berpestapora rakyat tonton sekarang masa iya rakyat suruh cuci piring
"""""Astrid Kuya: Saya Ikhlas Lahir Batin atas Penjarahan Rumah - https://t.co/HFnPp5aFXQ https://t.co/8nSiuJRFrK""""",positive,astrid kuya ikhlas lahir batin atas penjarahan rumah
"""""@Elektroo12_ Penjarahan negara melalui pajak jg sedih bu""""",negative,penjarahan negara lalu pajak sedih bu
"""""Yg Sri TDK mau pahami knapa kerusuhan itu terjadi ?!... itu Krn sebab dan akibat terllu menyakiti hati rakyat dgn segala ucapan2nya yg arogan tendensius ga sadar ya ?! KLO penjarahan itu ekses dari bnyknya massa intinya rakyat sakit hati.""""",positive,sri tidak mau paham knapa kerusuhan jadi akibat terllu sakit hati rakyat segala ucapan2nya arogan tendensius ga sadar kalau penjarahan ekses bnyknya massa inti rakyat sakit hati
"""""@tabinzy Dalam demo 2025 di Indonesia (terutama Agustus-Sept) laporan dari berbagai sumber seperti Wikipedia Kompas dan Kontras menunjukkan potensi pelanggaran Pancasila: Dari sisi demonstran: Kekerasan seperti pembakaran gedung/fasilitas penjarahan dan vandalisme (misalnya di""""",negative,demo 2025 indonesia utama agustus sept lapor bagai sumber wikipedia kompas kontras tunjuk potensi langgar pancasila sisi demonstran keras pembakaran gedung fasilitas penjarahan vandalisme misal
"""""@Naz_lira @prabowo @bang_dasco @fadlizon @ListyoSigitP https://t.co/6vDnsvuTbS Ini salahsatu contoh korban penjarahan oleh pihak² yg mengatasnamakan pemerintah aparat dan lembaga resmi . Dan dengan kedok itu mereka tidak dikategorikan kriminal penjarah .. padahal sudah jelas ini korban penjarahan mengadu lewat jalur yg benar""""",negative,salahsatu contoh korban penjarahan pihak mengatasnamakan perintah aparat lembaga resmi kedok tidak kategori kriminalitas jarah padahal jelas korban penjarahan adu lewat jalur benar
"""""Apa Isi Flashdisk Putih Sahroni yang Hilang Saat Penjarahan? NasDem Sampai Buka Suara Begini Di antara deretan barang mewah yang hilang saat rumah politisi NasDem Ahmad Sahroni dijarah massa pada 30 Agustus lalu satu benda kecil justru menjadi pusat misteri dan spekulasi. https://t.co/O8Ox1KRcyW""""",negative,apa isi flashdisk putih sahroni hilang penjarahan nasdem buka suara begini deret barang mewah hilang rumah politis nasdem ahmad sahroni penjarahan massa 30 agustus lalu satu benda kecil justru jadi pusat misteri spekulasi
"""""Rakyat marah mungkin belum memaafkan. Mending mundur jangan berpolitik. https://t.co/tfJHMepD7k https://t.co/3pZAg2dOGL""""",negative,rakyat marah mungkin belum maaf mending mundur jangan politik
"""""Penjarahan: Tradisi atau Pembusukan Aksi? Setiap kali ada aksi massa besar penjarahan selalu jadi headline. Pertanyaannya: apakah penjarahan kini sedang dipelihara untuk menjadi tradisi dalam aksi? Atau ini justru bentuk pembusukan yang sengaja dibiarkan? Mari kita jujur.""""",neutral,penjarahan tradisi busuk aksi kali aksi massa besar penjarahan selalu jadi headline tanya penjarahan kini sedang pelihara jadi tradisi aksi justru bentuk busuk sengaja biar jujur
"""""Presenter sekaligus anggota DPR RI Uya Kuya menegaskan tidak pernah pergi ke luar negeri di tengah kasus penjarahan rumahnya. Baca selengkapnya https://t.co/wu7Vylb1XE ~AM #UyaKuya #KeLuarNegeri #Penjarahan https://t.co/ngiI2EpXSi""""",negative,presenter sekaligus anggota dpr ri uya kuya tegas tidak pernah pergi kamuar negeri tengah kasus penjarahan rumah baca lengkap am
"""""@sfruitnanas Lukisan jelek sorry to the point aja ya mulyani sekelas mentri bisa mikirin penjarahan lukisan jemen behola very long time ago dan yang terkini adl utang Indonesia banyak inflasi tinggi phk dimana mana? Kok sedih nya ga bgt cm gegara lukisan jelek sedih tuh rakyat idup susah""""",negative,kamukisan jelek sorry to the point mulyani kelas tri mikirin penjarahan kamukisan jemen behola very long time ago kini adl utang indonesia banyak inflasi tinggi phk mana kok sedih nya ga banget cm gegara kamukisan jelek sedih tuh rakyat idup susah
"""""Pajak yang manfaatnya tidak dirasakan rakyat = PENJARAHAN""""",negative,pajak manfaat tidak rasa rakyat penjarahan
"""""Uya Kuya Ajukan RJ untuk 1 Pelaku Penjarahan Rumahnya https://t.co/DbMYw6xR07""""",negative,uya kuya aju rj 1 laku penjarahan rumah
"""""penjarahan itu tidak akan pernah bisa dibenarkan.. tapi bicara soal moral dan akal sehat siapa yang selalu menyisihkannya? siapa yang menari di atas penderitaan rakyat? siapa yang berdendang dalam kekalutan bangsa? siapa yang berpesta disaat gelap? moral? akal sehat? """"",negative,penjarahan tidak pernah benar bicara soal moral akal sehat siapa selalu sisih siapa tari atas derita rakyat siapa dendang kalut bangsa siapa pesta saat gelap moral akal sehat
"""""Rakyat Sedih Gajinya Dijarah Sri Mulyani Sebut Perikemanusiaan yang Adil dan Beradab Telah Lenyap Gaji itu bergambar Ir. Soekarno dan Moh Hatta di atas kertas pink yang dibuat Bank Indonesia 25 tahun silam. Penjarahan Harta Rakyat""""",negative,rakyat sedih gaji penjarahan sri mulyani sebut perikemanusiaan adil adab lenyap gaji gambar ir soekarno moh hatta atas kertas pink buat bank indonesia 25 tahun silam penjarahan harta rakyat
"""""Kapolres Tangsel: Beberapa Pelaku Penjarahan Rumah Sri Mulyani Sudah Ditahan https://t.co/hxz6ZAjRdm""""",neutral,kapolres tangsel beberapa laku penjarahan rumah sri mulyani tahan
"""""@gelapXmalam Terlepas dari penjarahan yg memang Biadab tapi saya bersyukur ada kejadian yg bisa membuat uya Kuya melek dan sadar diri. Kesombongan akan memakan korban yaitu majikanya sendiri. Salah satu jalan Tuhan untuk bisa hidup waras""""",negative,lepas penjarahan memang biadab syukur jadi buat uya kuya melek sadar diri sombong makan korban majikanya sendiri salah satu jalan tuhan hidup waras
"""""Uya Kuya Ungkap ParaTetangganya Sudah Berusaha untuk Amankan Rumahnya dari Aksi Penjarahan https://t.co/afuTmN89k7 via @tribunnews""""",positive,uya kuya ungkap paratetangganya usaha aman rumah aksi penjarahan via
"""""Anggota DPR RI non aktif Uya Kuya memutuskan untuk memaafkan salah satu terduga pelaku seorang ibu lanjut usia atau lansia yang ikut membawa salah satu barang dari rumahnya. https://t.co/OXFAQ43ral""""",positive,anggota dpr ri non aktif uya kuya putus maaf salah satu duga laku orang ibu lanjut usia lansia ikut bawa salah satu barang rumah
"""""Serupa namun tak sama ... serupa penjarahan namun tak sama yg menjarah. https://t.co/7Ga2pl7Y9e""""",negative,rupa tak sama rupa penjarahan tak sama penjarahan
"""""Uya Kuya Datangi Polres Jaktim untuk Damai dengan Terduga Pelaku Penjarahan https://t.co/Gjxud3uIY4 via @tribunnews""""",neutral,uya kuya datang polres jaktim damai duga laku penjarahan via
"""""Demo masyarakat &amp"";"" mahasiswa tuntannya murni begitu anarkis penjarahan polanya menjd jls bhw permain dibalik layar menginginkan chaos utk mendeligitimasi pemerintah jk berlanjut kudeta makar dibalik anarkis. Siapa dalangnya org yg paham dg kondisi dlm pemerintahan prabowo""""",negative,demo masyarakat amp mahasiswa tuntannya murni anarkis penjarahan pola menjd jls bhw main balik layar ingin chaos mendeligitimasi perintah jk lanjut kudeta makar balik anarkis siapa dalang org paham kondisi perintah prabowo
"""""Polres Tangsel dan Polda Metro Jaya menangkap beberapa pelaku penjarahan rumah Menkeu Sri Mulyani. Para pelaku sudah ditahan. https://t.co/p24DF2o6KB""""",neutral,polres tangsel polda metro jaya tangkap beberapa laku penjarahan rumah menkeu sri mulyani laku tahan
"""""@nazaqistsha Penjarahan kekayaan dan keuangan negara semakin nyata dan menggila jika di bandingkan penjarahan dari hasil mencuri uang rakyat.""""",negative,penjarahan kaya uang negara makin nyata gila banding penjarahan hasil curi uang rakyat
"""""Lukisan Menkeu Sri Mulyani... https://t.co/hz8d8CH2Yb""""",neutral,kamukisan menkeu sri mulyani
"""""@msaid_didu @prabowo Penjarahan penjarahan.Mana polisi pengayom masyarakat.Semuanya diam saja""""",negative,penjarahan penjarahan mana polisi ayom masyarakat semua diam
"""""BEM UI Indonesia BRICS DPR Darurat Militer Penjarahan Ngemeng ngemeng sapa nih yg pesta kucuran dana Amerika/Israel biar Indonesia rusuh lagi kayak 1998 https://t.co/9cjxPd5kV3""""",negative,bem ui indonesia brics dpr darurat militer penjarahan ngemeng ngemeng sapa nih pesta kucur dana amerika israel biar indonesia rusuh kayak 1998
"""""@battle_hardend Daun yg kering jatuh kebumi saja itu sdh atas izin Allah. Bgtu juga dgn penjarahan yg terjadi dirumah SMI. Tdk dibenarkan dlm agama manapun mengambil milik org lain yg bukan hak kita. Tapi nasi sdh jadi bubur kita dukung aparat keamanan memberi hukuman bagi mrk yg menjarah.""""",negative,daun kering jatuh bum atas izin allah bgtu penjarahan jadi rumah sama tidak benar agama mana ambil milik org bukan hak nasi jadi bubur dukung aparat aman beri hukum penjarahan
"""""Ah kalian tiap hari menjarah SDA APBN bahkan Utang Negara kalian bikin Pesta.. Hapus ketimpangan sosial sejahterakan rakyat pasti tak ada penjarahan.. https://t.co/7MKeHE6c11""""",negative,ah kalian tiap hari penjarahan sda apbn bahkan utang negara kalian bikin pesta hapus timpang sosial sejahtera rakyat tak penjarahan
"""""Penjarahan cara Rakyat tentu beda dg Penjarahan ala Pejabat yg cukup dengan manipulasi Angka-Angka....!!!! Salam Waras""""",negative,penjarahan cara rakyat beda penjarahan ala jabat cukup manipulasi angka angka salam waras
"""""POLISI JANGAN MEMBEBANI PRESIDEN Dalam kondisi panas seperti sekarang Polisi jangan malah nangkepin aktivis demokrasi atau HAM tangkep dulu itu perusuh dan provokator yang ngajak atau melakukan pembakaran penjarahan dan kerusuhan. Mereka itu yang beraktivitas dengan""""",negative,polisi jangan beban presiden kondisi panas sekarang polisi jangan malah nangkepin aktivis demokrasi ham tangkep dulu rusuh provokator ngajak laku pembakaran penjarahan kerusuhan aktivitas
"""""Buruknya Pemegang kekuasaan di Negeri ini Di demo baik baik bahkan Berjilid Jilid ga akan didengar. Harus ada pembakaran kerusuhan penjarahan dulu baru didengar? Baru kebakaran jenggot? Kan kayak Negeri Barbar dan Negara Miskin. Ayoo Pemegang Kekuasaan CERDASLAH!!!""""",negative,buruk pegang kuasa negeri demo bagus bagus bahkan jilid jilid ga dengar pembakaran kerusuhan penjarahan dulu baru dengar baru bakar jenggot kan kayak negeri barbar negara miskin ayoo pegang kuasa cerdas
"""""Direktorat Tindak Pidana Siber alias Dittipidsiber Bareskrim Polri menangkap pasangan suami istri yang diduga menjadi penghasut aksi penggerudukan rumah Ahmad Sahroni dan Polres Jakarta Utara di media sosial. Selengkapnya: https://t.co/26ynzNKo0n #AhmadSahroni #Penjarahan #DPR https://t.co/czEURFx5Ep""""",neutral,direktorat kriminalitas siber alias dittipidsiber bareskrim polri tangkap pasang suami istri duga jadi hasut aksi penggerudukan rumah ahmad sahroni polres jakarta utara media sosial lengkap
"""""Belum Buat Laporan Uya Kuya Ajukan Restorative Justice untuk Salah Satu Pelaku Penjarahan https://t.co/Iuhy5py74R""""",positive,belum lapor uya kuya aju restorative justice salah satu laku penjarahan
"""""https://t.co/ABA7Qud57Y lewat @Madu TV https://t.co/SeCQbGjYjc Target penjarahan terahir di rmh Presiden Prabowo @prabowo ? Lihat video Monitor Yth Bpk Presiden @prabowo @Gerindra Harus di usut siapa penggerak demo makar tsb?""""",neutral,lewat tv target penjarahan terahir rmh presiden prabowo lihat video monitor yth bpk presiden usut siapa gerak demo makar tsb
"""""Rangkaian aksi penjarahan usai gelombang protes akhir pekan lalu memicu trauma kerusuhan 1998 khususnya perempuan. Ini membangkitkan trauma [kerusuhan 1998]. Kalau rumah yang dijaga TNI bisa dijarah bagaimana dengan rakyat biasa? . https://t.co/AL1C9vKja4""""",neutral,rangkai aksi penjarahan usai gelombang protes akhir pekan lalu picu trauma kerusuhan 1998 khusus perempuan bangkit trauma kerusuhan 1998 kalau rumah jaga tni penjarahan bagaimana rakyat biasa
"""""@fellexandro Beli emas tp gak pegang emasnya tu jg aneh gak sih. Klo beli digital dan negara chaos/bencana besar gimana kita bisa memastikan emas itu bakal kembali kita dg utuh? Gmn klo lembaga penjaminnya jg terdampak bencana/jd korban penjarahan misalnya.""""",neutral,beli emas tidak pegang emas tu aneh tidak sih kalau beli digital negara chaos bencana besar gimana pasti emas bakal utuh gmn kalau lembaga jamin dampak bencana jadi korban penjarahan misal
"""""Direktorat Tindak Pidana Siber Bareskrim Polri menangkap pemilik akun media sosial TikTok yang diduga membuat dan menyebarkan konten provokatif berupa ajakan melakukan penjarahan di rumah sejumlah tokoh publik dan anggota DPR RI.https://t.co/npLwjIm8a0""""",neutral,direktorat kriminalitas siber bareskrim polri tangkap milik akun media sosial tiktok duga buat sebar konten provokatif upa aja laku penjarahan rumah jumlah tokoh publik anggota dpr ri
"""""@yat_ever @yaniarsim Undang-undang yang relevan untuk aksi penjarahan di Indonesia termasuk Pasal 363 KUHP (pencurian dengan pemberatan ancaman hingga 7 tahun penjara) dan Pasal 170 KUHP (kekerasan massal). UU No. 9/1998 atur demo tapi pelanggaran bisa jadi pidana. Frustrasi terhadap APH""""",negative,undang undang relevan aksi penjarahan indonesia masuk pasal 363 kuhp curi berat ancam hingga 7 tahun penjara pasal 170 kuhp keras massal uu no 9 1998 atur demo langgar jadi kriminalitas frustrasi aph
"""""Penjarahan dan Pengkhianatan Intelektual https://t.co/Iicpe1fQte""""",neutral,penjarahan khianat intelektual
"""""Moral seperti ibu ini langka di era sekarang. Sampai penjarahan di normalisasi karena membenci yang dijarah.""""",negative,moral ibu langka era sekarang penjarahan normalisasi benci penjarahan
"""""Si andre komuknya sedih gitu kaya ngerasa berdosa abis bikin konten ngespill isi rumah para target penjarahan """"",negative,si andre komuknya sedih gitu kaya ngerasa dosa abis bikin konten ngespill isi rumah target penjarahan
"""""@yat_ever @yaniarsim Pandangan menarik. Sumber seperti BBC dan Reuters catat permintaan maaf pejabat pasca-penjarahan memang muncul saat tekanan publik tinggi bisa jadi campuran ketakutan dan strategi politik. Beberapa analis lihat sebagai respons atas kemarahan ekonomi luas. Semoga membawa""""",negative,pandang tarik sumber bbc reuters catat minta maaf jabat pasca penjarahan memang muncul tekan publik tinggi jadi campur takut strategi politik beberapa analis lihat respons atas marah ekonomi kamuas moga bawa
"""""@Puthutea Penjarah memang sedang berpesta sri....lihat itu penjarahan sda kita semua di jarah tak menyisakan untuk generasi berikutnya... baru tahu ya sri""""",negative,jarah memang sedang pesta sri lihat penjarahan sda semua jarah tak sisa generasi ikut baru tahu sri
"""""@nuytarigan Rakyat prihatin sebut pungutan pajak seperti pesta penjarahan""""",negative,rakyat prihatin sebut pungut pajak pesta penjarahan
"""""@rachlannashidik Sy yakin mereka tdk setuju dan menentang penjarahan...mungkin mereka lebih memilih memadamkan api drpd meniup asap..""""",positive,yakin tidak tuju tentang penjarahan mungkin lebih pilih madam api drpd tiup asap
"""""@yat_ever @yaniarsim Permintaan maaf pejabat pasca-kerusuhan Agustus 2025 memang muncul setelah penjarahan rumah seperti milik Sri Mulyani dan Uya Kuya. Ini bisa jadi respons terhadap tekanan publik termasuk upaya meredakan amarah. Sumber seperti Kompas dan BBC catat maaf dari Puan Maharani atas""""",neutral,minta maaf jabat pasca kerusuhan agustus 2025 memang muncul penjarahan rumah milik sri mulyani uya kuya jadi respons tekan publik masuk upaya reda amarah sumber kompas bbc catat maaf puan maharani atas
"""""Polisi tetapkan 10 tersangka dalam kasus penjarahan dan penyerangan rumah anggota Dewan Perwakilan Rakyat (DPR) RI nonaktif Surya Utama alias Uya Kuya di kawasan Duren Sawit Jakarta Timur. https://t.co/jgsxv8FHpc""""",neutral,polisi tetap 10 sangka kasus penjarahan serang rumah anggota dewan wakil rakyat dpr ri nonaktif surya utama alias uya kuya kawasan duren sawit jakarta timur
"""""Pemilik Akun TikTok Penyebar Ajakan Penjarahan Ditangkap Polri #Pemilik #AkunTikTok #Penyebar #Ajakan #Penjarahan #Ditangkap #Polri #DemoBuruh #DemoMassa #Berita #Info https://t.co/V5zdZ29CHh""""",neutral,milik akun tiktok sebar aja penjarahan tangkap polri
"""""@yat_ever @yaniarsim Ya pasca kerusuhan akhir Agustus 2025 yang melibatkan penjarahan rumah pejabat seperti Sri Mulyani dan anggota DPR beberapa pejabat memang minta maaf. Contoh: Sri Mulyani minta maaf atas kekurangan pemerintah Presiden Prabowo minta maaf atas kematian pengemudi ojek dan Wakil""""",neutral,pasca kerusuhan akhir agustus 2025 libat penjarahan rumah jabat sri mulyani anggota dpr beberapa jabat memang minta maaf contoh sri mulyani minta maaf atas kurang perintah presiden prabowo minta maaf atas mati kemudi ojek wakil
"""""Uya Kuya Ajukan Restorative Justice usai Temui Pelaku Penjarahan Rumahnya https://t.co/EUnLfiOobQ""""",positive,uya kuya aju restorative justice usai temu laku penjarahan rumah
"""""@TirtoID sbnrnya gw ga setuju dgn penjarahan tp ini kok playvict bgt yah? slma ini kan mereka berpesta sambil nginjak rakyat. kita lebih kecewa bu hrusnya intropeksi lah kenapa masyarakat pada marah""""",positive,sbnrnya ga tuju penjarahan kok playvict banget yah slma kan pesta nginjak rakyat lebih kecewa bu hrusnya intropeksi lah masyarakat marah
"""""Ini berita penjarahan nggak abis2 dibahas di tv terutama trans Update woy basi""""",neutral,berita penjarahan tidak abis bahas tv utama trans update woy basi
"""""kenapa ya yang dihighlight pejabat tuh cuma penjarahan dan pas rusuhnya doang? kenapa ga fokus ke tuntutan rakyatnya gitulooo""""",positive,dihighlight jabat tuh cuma penjarahan pas rusuh ga fokus tuntut rakyat gituloo
"""""@TirtoID Bu mending diem. Aneh aja gitu kalimat ini keluar dari pejabat dimana diantara kalian lebih dulu berpesta di atas penderitaan rakyat. Gak membenarkan penjarahan but now you feel how it feels""""",negative,bu mending diem aneh gitu kalimat keluar jabat antara kalian lebih dulu pesta atas derita rakyat tidak benar penjarahan but now you feel how it feels
"""""Penjarahan emang salah tapi gw ga liat lu komen segininya soal koruptor""""",negative,penjarahan emang salah ga liat kamu komen gin soal koruptor
"""""@xendless_s Apapun alasannya ini tetap bentuk penjarahan dan tindak pidana tapi klo dari targetnya ini hukum sebab akibat. Tentu saja jadi pro dan kontra secara sosial please jangan random.""""",neutral,apa alas tetap bentuk penjarahan kriminalitas kalau target hukum akibat jadi pro kontra sosial jangan random
"""""@neVerAl0nely__ Penjarahan ini saya sangat yakin adalah CIPKON....untuk menarik org lain ikutan bikin chaos kayak 98..pasti ada koordinatornya...dan yakin kelompok penjarah orang luar dari jakarta""""",negative,penjarahan sangat yakin cipkon tarik org ikut bikin chaos kayak 98 koordinator yakin kelompok jarah orang kamuar jakarta
"""""@susipudjiastuti Pertanyaannya sejak periode Lalu banyak acara seremoni yang pejabatnya juga joget2 bahkan flexing tapi adem ayem sj ada demo tapi bisa terkendali lha sekarang belum satu tahun....rusuh dan penjarahan ada apa? siapa pelakunya sampai intelejen gak bisa mengendus ini""""",negative,tanya sejak periode lalu banyak acara seremoni jabat joget bahkan flexing adem ayem sj demo kendali lha sekarang belum satu tahun rusuh penjarahan apa siapa laku intelejen tidak endus
"""""@PecintaSejarah2 Rame demo penjarahan pembakaran markas Solo ttp aman. Jancoook""""",negative,rame demo penjarahan pembakaran markas solo tetap aman jancook
"""""@prabowo jangan cuma bisa framing dan ngeles di daerah2 belum demo sudah ada scaremongering : awas rusuh &amp"";"" penjarahan. Bahkan orang2 dr pemkab ngingetin. Masa intel2 ente gk denger. Atau sengaja Budeg agar bisa bilang @ListyoSigitP dan polisi khilaf yg salah perusuh! """"",negative,jangan cuma framing ngeles daerah belum demo scaremongering awas rusuh amp penjarahan bahkan orang pemkab ngingetin masa intel ente tidak denger sengaja budeg bilang polisi khilaf salah rusuh
"""""BUSED HARI2 NI BERITA MASIH AJA PENJARAHAN DAN KUCING.... KUCING LU NOH MALNUTRISI""""",negative,bused hari ni berita penjarahan kucing kucing kamu noh malnutrisi
"""""1998 : Terjadi penjarahan yg lbh banyak jadi korban saudara kita keturunan China dan orang kaya. 2025 : Terjadi penjarahan yg jadi korban pejabat kaya. Selintas kesimpulan: 1998 : Kesenjangan ekonomi &amp"";"" SARA. 2025 : Kesenjangan pejabat dan hati rakyat yg tertindas.""""",neutral,1998 jadi penjarahan lbh banyak jadi korban saudara turun china orang kaya 2025 jadi penjarahan jadi korban jabat kaya lintas simpul 1998 senjang ekonomi amp sara 2025 senjang jabat hati rakyat tindas
"""""Gak serendah itu Indonesia bu penjarahan itu sdh dikondisikan. Masa penjarahan waktunya bergilir. Yg tak punya akal sehat dan beradab yg merancang skenario Penjarahan.""""",negative,tidak serendah indonesia bu penjarahan kondisi masa penjarahan waktu gilir tak punya akal sehat adab rancang skenario penjarahan
"""""@Kanseulir HARAP SEMUA PELAKU PENJARAHAN DICABUT KUKU JARINYA.... JANGAN BERTINDAK MENGATAS NAMAKAN RAKYAT TETAPI MERAMPOK MERUSAK ALA TERORIS... JADI CABUT KUKUNYA AGAR TAHU DIRI...""""",negative,harap semua laku penjarahan cabut kuku jari jangan tindak atas nama rakyat tetapi perampokan perusakan ala teroris jadi cabut kuku tahu diri
"""""Demo yg awalnya dr rakyat mengakomodasi orang daerah ke ibukota kini berubah jadi demo di daerah2 kecil DAN malah pemkot/ pemkabnya yg woro2 ' ada DEMO ' liburkan sekolah. Lalu ada penyebar ketakutan ke Toko2 &amp"";"" RM: tutup saja penjarahan. Kenapa diem aja pemerintah pusat! https://t.co/6fsQQouoJ5""""",negative,demo awal rakyat akomodasi orang daerah ibukota kini ubah jadi demo daerah kecil malah pemkot pemkabnya woro demo libur sekolah lalu sebar takut toko amp rm tutup penjarahan diem perintah pusat
"""""ga benerin penjarahan tp mosok kudu diginiin sek. bu plis balik yg teknokrat lah bu.""""",neutral,ga benerin penjarahan mosok kudu diginiin sek bu balik teknokrat lah bu
"""""Bareskrim Tangkap Provokator Penjarahan Rumah Ahmad Sahroni hingga Eko Patrio https://t.co/48W2aeTlfv""""",neutral,bareskrim tangkap provokator penjarahan rumah ahmad sahroni hingga eko patrio
"""""Bareskrim Polri menangkap tujuh orang tersangka yang melakukan provokasi berujung demo ricuh kerusuhan hingga penjarahan di sejumlah rumah anggota dewan dan pejabat negara. https://t.co/GZFuRL7XMD""""",neutral,bareskrim polri tangkap tujuh orang sangka laku provokasi ujung demo ricuh kerusuhan hingga penjarahan jumlah rumah anggota dewan jabat negara
"""""@kompascom Innalilahi turut prihatin pelaku penjarahan layak dikumpulkan aparat keamanan atau warga.krn identik perampokan""""",positive,innalilahi turut prihatin laku penjarahan layak kumpul aparat aman warga identik perampokan
"""""Apa Isi Flashdisk Putih Sahroni yang Hilang Saat Penjarahan? NasDem Sampai Buka Suara Begini https://t.co/bDNKRG0WYj""""",neutral,apa isi flashdisk putih sahroni hilang penjarahan nasdem buka suara begini
"""""Anggota DPR RI nonaktif Surya Utama atau Uya Kuya meminta terduga penjarahan rumah mertuanya di Duren Sawit Jakarta Timur untuk mengembalikan barang-barang yang sudah diambil. Baca selengkapnya https://t.co/AgAQyj9Kqu ~LL #Penjarahan #UyaKuya https://t.co/ROaZHOEFqo""""",neutral,anggota dpr ri nonaktif surya utama uya kuya minta duga penjarahan rumah mertua duren sawit jakarta timur kembali barang barang ambil baca lengkap ll
"""""@detikcom Harusnya Bu... Intropeksi bahwa begitu marahnya rakyat dg kebijakan ibu. Lihat positif nya. Bertubi tubi kebijakan ibu yg membuat rakyat menderita. Kami juga tidak menginginkan penjarahan tetapi lihat lah kesulitan hidup Rakyat. Penjarahan itu adalah "";"" Bukti kemarahan mereka.""""",negative,harus bu intropeksi marah rakyat bijak ibu lihat positif nya tubi tubi bijak ibu buat rakyat derita tidak ingin penjarahan tetapi lihat lah sulit hidup rakyat penjarahan bukti marah
"""""Polres Blitar Tangkap 41 Pelaku Anarkistis https://t.co/sucTLn38f9 lewat @beritasatu https://t.co/SeCQbGjYjc Target penjarahan terahir di rmh Presiden Prabowo @prabowo ? Lihat video Monitor Yth Bpk Presiden @prabowo @Gerindra Harus di usut siapa penggerak demo makar tsb?""""",neutral,polres blitar tangkap 41 laku anarkistis lewat target penjarahan terahir rmh presiden prabowo lihat video monitor yth bpk presiden usut siapa gerak demo makar tsb
"""""Pelaku yang Sebarkan Ajakan Menjarah Sudah Ditangkap Terancam 6 Tahun Penjara #Penjarahan #Bareskrim https://t.co/nV63WOTck9""""",neutral,laku sebar aja penjarahan tangkap ancam 6 tahun penjara
"""""Gelombang kritik publik mencapai puncaknya ketika Ahmad Sahroni anggota DPR dari Fraksi NasDem menyebut warga yang menuntut pembubaran DPR sebagai ... https://t.co/w6Kd5y0Pm7""""",negative,gelombang kritik publik capai puncak ahmad sahroni anggota dpr fraksi nasdem sebut warga tuntut bubar dpr
"""""Catatan keresahan sy di medsos akhir2 ini ~ Masih saja ada segerombolan akun anti pemerintah yg dg enteng mengajak persekusi kelompok pro pemerintah sungguh bikin miris ~ Mewajarkan penjarahan ~ Mewajarkan anak dibawah umur ikut aksi anarkis. Ank jg blh berpendapat yes! Tp""""",negative,catat resah medsos akhir gerombol akun anti perintah enteng ajak persekusi kelompok pro perintah sungguh bikin miris wajar penjarahan wajar anak bawah umur ikut aksi anarkis ank blh dapat yes
"""""@TirtoID Penjarahan Sumber Daya Alam berpestanya 11 Tahun menghabiskan Ribuan Trilyun..Apakah masuk Kas Negara ? Perampasan uang Korupsi juga tidak ada laporan dari Yu Sri berapa yg masuk kas negaram""""",negative,penjarahan sumber daya alam pesta 11 tahun habis ribu trilyun masuk kas negara perampasan uang korupsi tidak lapor yu sri berapa masuk kas negaram
"""""@ladifsaint Penjarahan pencurian itu bukan delik aduan itu delik biasa. Jd tanpa laooran yg dijarah atau yg dicuri polisi berhal nagkep. Ikhlas dari pemilik hanya bisa mengurangi hukuman tidak menghapus pidana""""",neutral,penjarahan curi bukan delik adu delik biasa jadi laooran penjarahan curi polisi hal nagkep ikhlas milik kurang hukum tidak hapus kriminalitas
"""""@abu_waras Demo dibolehkan UU. Itu penyampaian aspirasi rakyat. Penjarahan itu kriminal. Beda.""""",positive,demo boleh uu sampai aspirasi rakyat penjarahan kriminalitas beda
"""""@Urrangawak Penjarahan tak akan terjadi jika rakyat sejahtera""""",neutral,penjarahan tak jadi rakyat sejahtera
"""""Uya Kuya Ajukan RJ untuk 1 Pelaku Penjarahan Rumahnya https://t.co/He6pbpfDNJ kebaikan itu lawan setimpal kejahatan: bagus neh:""""",positive,uya kuya aju rj 1 laku penjarahan rumah baik lawan timpal jahat bagus neh
"""""@democrazymedia Bu saya gak setuju penjarahan tapi kemarahan rakyat sama pejabat yg selalu berfoya2 tanpa henti tanpa Tau malu coba bercermin""""",positive,bu tidak tuju penjarahan marah rakyat sama jabat selalu foya henti tau malu coba cermin
"""""@PartaiSocmed Kerusuhan &amp""; anarkis itu dr semua kubu yg klh dipilpres teutama dazal2 balawi yaman fpi hti yg biarpun ormas dilarang tp org2nya msh bnyk yg sakit hati mrk dalang dr anarkis &amp;"" penjarahan bhkn ditengah2 penjarahan fpi mengklaim bekata hidupkan fpi klo ingin aman tinggal bekuk sj ni""""",negative,kerusuhan amp anarkis semua kubu klh dipilpres teutama dazal balawi yaman fpi hti biarpun ormas larang org2nya bnyk sakit hati dalang anarkis amp penjarahan bhkn tengah penjarahan fpi klaim bekata hidup fpi kalau aman tinggal bekuk sj ni
"""""@TirtoID Tdk membenarkan penjarahan tapi pejabat2 dan para wakil rakyat sepertinya sering berpesta dgn uang rakyat dan rakyatnya gak diajak. Mrk cuma disuruh setor dan nonton.""""",neutral,tidak benar penjarahan jabat wakil rakyat seperti sering pesta uang rakyat rakyat tidak ajak cuma suruh setor nonton
"""""@ommi_siregar bakar bakar penjarahan rumah pribadi.. gak ada tindakan tegas ya hancur lebur negara ini""""",positive,bakar bakar penjarahan rumah pribadi tidak tindak tegas hancur lebur negara
"""""@txtdrimedia Aku mlh bersyukur lho bu Memang saya pun sangat tidak mendukung aksi penjarahan tp untuk hal ini saya kira ga papa lee.. ga pp lebay.. Supaya Ibu ngerasain apa yg rakyat rasain ketika ibu menaikkan pajak. Ibu dah naikin cukai rokok sama ppn rakyat cuman jarah sekali jd 2-1""""",negative,aku mlh syukur lho bu memang sangat tidak dukung aksi penjarahan kira ga papa lee ga pp lebay ibu ngerasain apa rakyat rasain ibu naik pajak ibu dah naikin cukai rokok sama ppn rakyat cuman jarah sekali jadi 2 1
"""""Penjarahan rumah anggota dewan langsung tertangkap. Bandar judi .... Ah sudahlah""""",neutral,penjarahan rumah anggota dewan langsung tangkap bandar judi ah sudah
"""""Tdk membenarkan penjarahan tapi minimal ibu @SriMulyani990 bs rasakan gimana rasanya di jarah. Tiap hari kalian (karyawan rakyat) menjarah milik rakyat dan itu sama menyakitkan seperti yg ibu alami saat ini. #pagi""""",neutral,tidak benar penjarahan minimal ibu bs rasa gimana rasa jarah tiap hari kalian karyawan rakyat penjarahan milik rakyat sama sakit ibu alami
"""""Memang kalau sudah sampai pada level penjarahan pakaian dalam artis seperti BH dan celana dalam (cawet) Nafa Urbach itu bisa disebut sudah sangat keterlaluan.""""",neutral,memang kalau level penjarahan pakai artis bh celana cawet nafa urbach sebut sangat terlalu
"""""https://t.co/SeCQbGjYjc Target penjarahan terahir di rmh Presiden Prabowo @prabowo ? Lihat video Monitor Yth Bpk Presiden @prabowo @Gerindra Harus di usut siapa penggerak demo makar tsb?""""",neutral,target penjarahan terahir rmh presiden prabowo lihat video monitor yth bpk presiden usut siapa gerak demo makar tsb
"""""@TirtoID Penjarahan tdk bisa d benarkan. Tp kalian2 yg ada d pemerintahan g pantas komen. Krn kalian jg menjarah dan menyengsarakan rakyat""""",negative,penjarahan tidak d benar kalian d perintah g pantas komen kalian penjarahan sengsara rakyat
"""""ayo kita gaungkan tuntutan : 1. Makzulkan Gibran 2. Adili Jokowi merekalah yg mendalangi aksi demo kemarin hingga penjarahan dirumah sahroni eko patrio uya kuya serta menkeu sri mulyani sampai ramai postingan para influencer dan artis ttg tuntutan 17 + 8. itu rekayasa solo. https://t.co/dUaIL7ICgp""""",negative,ayo gaung tuntut 1 makzul gibran 2 adil jokowi mereka dalang aksi demo kemarin hingga penjarahan rumah sahroni eko patrio uya kuya menkeu sri mulyani ramai postingan influencer artis ttg tuntut 17 8 rekayasa solo
"""""Penjarahan dirmh 4 orang anggota legislatif &amp""; 1 menteri kmaren jelas adalah rasa keamanan &amp;"" kepastian hukum di Indonesia sdh tdk ada Sekelas pejabatnya bisa di grudug massa gmn kl RAKYAT jelata??? """"",neutral,penjarahan dirmh 4 orang anggota legislatif amp 1 menteri kmaren jelas rasa aman amp pasti hukum indonesia tidak kelas jabat grudug massa gmn kalau rakyat jelata
"""""Rombongan perusuh menyusup dalam demo DPR mulai dari team pemukul pembuat molotov dilengkapi berbagai target pembakaran dan penjarahan bahkan sampai menargetkan kediaman Prabowo Catatan https://t.co/kS9LPAV5BE https://t.co/UT1lqsfHSx""""",neutral,rombong rusuh susup demo dpr mulai team pukul buat molotov lengkap bagai target pembakaran penjarahan bahkan target diam prabowo catat
"""""@ladifsaint Sudah tau akan ada yang datang kan belum tentu disetting. Kalo dari bahasa saksi itu mengantisipasi gila aja penjarahan sampe disetting. Bunuh diri sih kalo itu settingan.""""",neutral,tau datang kan belum disetting kalo bahasa saksi antisipasi gila penjarahan sampe disetting bunuh diri sih kalo settingan
"""""@brututrex @RadioElshinta Skenario polisi menurutmu saya tidak menyalahkan cuma apes aja itu masyarakat biasa ikut ikutan dan jadi korban karena ketidaktahuannya bahwa dia bukan dari rombongan perusuh dibalik penjarahan""""",positive,skenario polisi turut tidak salah cuma apes masyarakat biasa ikut ikut jadi korban ketidaktahuannya bukan rombong rusuh balik penjarahan
"""""#ResetIndonesia https://t.co/SeCQbGjYjc Target penjarahan terahir di rmh Presiden Prabowo @prabowo ? Lihat video Monitor Yth Bpk Presiden @prabowo @Gerindra Harus di usut siapa penggerak demo makar tsb?""""",neutral,target penjarahan terahir rmh presiden prabowo lihat video monitor yth bpk presiden usut siapa gerak demo makar tsb
"""""@Heraloebss Sejak penjarahan terjadi para pejabat sekarang cepet banget kalau minta maaf. Lihatkan? Seefektif itu kalau mau ngasih pembelajaran ke orang yang gak napak tanah. Aset mereka harus tersentuh memang baru mereka pedulu sama rakyat""""",negative,sejak penjarahan jadi jabat sekarang cepet banget kalau minta maaf lihat efektif kalau mau ngasih ajar orang tidak napak tanah aset sentuh memang baru pedulu sama rakyat
"""""@Official_Ansor Emang kemarin kemana kok ngak muncul mrnghalau penjarahan muncul hanya kalau mau bubarkan pengajian dan jg grj doang sok sokan petentang petenteng - pas ada kerusuhan ngumpet introspeksi diri aja.""""",negative,emang kemarin kok tidak muncul mrnghalau penjarahan muncul kalau mau bubar aji grj sok sok tentang petenteng pas kerusuhan ngumpet introspeksi diri
"""""Gedung Grahadi Surabaya yang Dirusak Massa https://t.co/KxOnN9koWZ lewat @beritasatu https://t.co/SeCQbGjYjc Target penjarahan terahir di rmh Presiden Prabowo @prabowo ? Lihat video Monitor Yth Bpk Presiden @prabowo @Gerindra Harus di usut siapa penggerak demo makar tsb?""""",neutral,gedung grahadi surabaya perusakan massa lewat target penjarahan terahir rmh presiden prabowo lihat video monitor yth bpk presiden usut siapa gerak demo makar tsb
"""""idk what u all say but penjarahan rumah orang adalah hal paling tolol untuk dibela kebenarannya.""""",negative,idk what u all say but penjarahan rumah orang paling tolol bela benar
"""""@OposisiCerdas @siskaxiii Penjarahan uang APBN?""""",negative,penjarahan uang apbn
"""""@txtdrimedia Para Pecundang atau pembenci memanfaatkan Demo melakukan Penjarahan. Merusak dan menodai Rakyat.""""",negative,cundang benci manfaat demo laku penjarahan perusakan noda rakyat
"""""@TirtoID Dia ga pernah baca sejarah. Masyarakat berpesta karena hidupnya terlalu sulit hingga adanya penjarahan adalah euforia kemenangan sesaat si miskin atas si kaya dan situasi ini Sri mulyani adalah pembentuknya yaitu dengan pajak tinggi seperti pada revolusi Perancis. Kamu sendiri.""""",negative,ga pernah baca sejarah masyarakat pesta hidup terlalu sulit hingga ada penjarahan euforia menang saat si miskin atas si kaya situasi sri mulyani bentuk pajak tinggi revolusi perancis kamu sendiri
"""""@ARSIPAJA Pajak Mulu ... Mana hasil dari tambang... Enak aja rakyat disuruh bayar pajak sedangkan tambang dijarah... Penjarahan ke rumah menteri diusut... Kenapa penjarahan hasil bumi dibiarin... Dasar otak kontol...""""",negative,pajak mulu mana hasil tambang enak rakyat suruh bayar pajak tambang penjarahan penjarahan rumah menteri usut penjarahan hasil bumi dibiarin dasar otak kontol
"""""@hamki_zii @somexthread @DivHumas_Polri Yee kocakk pembakaran gedung DPRD??? penjarahan??perusakan fasum??lu kira cuma oknum terus yg lainnya ga ikutan apaa??banyak tuh bukti yg jarah2 kebanyakan pemuda2 kocak""""",negative,yee kocakk pembakaran gedung dprd penjarahan perusakan fasum kamu kira cuma oknum terus lain ga ikut apaa banyak tuh bukti jarah banyak pemuda kocak
"""""Pasca Penjarahan ada yang prihatin/sedih gegara ikut dijatahnya: 1. Flashdrive(?) 2. Kucing 3. Lukisan Bunga""""",negative,pasca penjarahan prihatin sedih gegara ikut jatah 1 flashdrive 2 kucing 3 kamukisan bunga
"""""@JeremyahRome @geloraco @prabowo @gibran_tweet Pendemo yg bener² mencari keadilan dilecehkan oleh dalang pembakaran fasum dan penjarahan tersebut""""",negative,demo bener cari adil leceh dalang pembakaran fasum penjarahan sebut
"""""@txtdrpemerintah bagaimana dengan penjarahan yang dilakukan oleh aparatur negara @smindrawatii ?""""",negative,bagaimana penjarahan laku aparatur negara
"""""Di dalam ODC itu ada UPS bukan ? Ada Switch dan Perangkat yang mudah dijual dan laku serta high quality Yang mereka arah ada penjarahan isinya. Lalu dibakar seolah2 itu efek kemarahan masa. Ya intinya di dalam ODC itu mahal2 """"",negative,odc ups bukan switch perangkat mudah jual laku high quality arah penjarahan isi lalu pembakaran efek marah masa inti odc mahal
"""""@wambohuhu pantesan waktu penjarahan ada yg nemu kotak isinya vcd bokep + beberapa beha. ternyata behanya sahroni ceuuuuuu""""",negative,pantesan waktu penjarahan nemu kotak isi vcd bokep beberapa beha nyata beha sahroni ceuu
"""""@ommi_siregar Sangat ganjil karena tak ada 1 penghuni pun seperti ART di 4 rumah penjarahan""""",negative,sangat ganjil tak 1 huni art 4 rumah penjarahan
"""""Penjarahan memang tindakan yang tidak dibenarkan bu. Tapi kasus tersebut kan tidak beda jauh dengan yang kalian lakukan sama sama berkaitan dengan moral dan akal sehat juga kan?""""",neutral,penjarahan memang tindak tidak benar bu kasus sebut kan tidak beda jauh kalian laku sama sama kait moral akal sehat kan
"""""@kompascom Lha kalo penjarahan kekayaan alam indonesiyah itu ada kejanggalan kah?""""",negative,lha kalo penjarahan kaya alam indonesiyah janggal
"""""@TirtoID loh? pas rakyat tercekik karna kenaikan pajak dan harga kebutuhan yg naik bapak dan ibu dpr yg terhormat juga joget2 karna tunjangan naikkan bu? kenapa ibu ga prihatin juga? padahal rakyat yg dirugikan jumlahnya lebih banyak sementara penjarahan? hanya segelintir pejabat """"",negative,loh pas rakyat cekik karna naik pajak harga butuh naik bapak ibu dpr hormat joget karna tunjang naik bu ibu ga prihatin padahal rakyat rugi jumlah lebih banyak penjarahan gelintir jabat
"""""ANTARA - ANTARA - Polri tangkap pemilik akun TikTok penyebar konten ajakan penjarahan https://t.co/pMKre6IArb https://t.co/X8C31G7VZK""""",neutral,polri tangkap milik akun tiktok sebar konten aja penjarahan
"""""@sfruitnanas Tanpa maksud membela perilaku penjarahan. Mbok kiro selama iki para penabat-pejabat culas koruptor kui ora berpesta di atas penderitaan rakyat po leng celeng.""""",negative,maksud bela perilaku penjarahan mbok kiro lama iki penabat jabat culas koruptor kui tidak pesta atas derita rakyat po leng celeng
"""""@kompascom Program disesuaikan dg budget jk emang bener pengin efisiensi. Klo budget menyesuaikan program mk akan terus cari dana unt menutupi kekurangan apbn dg hutang &amp""; mencekik pajak2 mencari2 apa yg bisa dipajaki. Sudah didemo &amp;"" rumah jd korban penjarahan masih gak berubah sri...sri.""""",negative,program sesuai budget jk emang bener pengin efisiensi kalau budget sesuai program mk terus cari dana unt tutup kurang apbn hutang amp cekik pajak cari apa pajak demo amp rumah jadi korban penjarahan tidak ubah sri sri
"""""Bukan ngebela tapi jujurly kalo ada karya handmade diri sendiri trus udah lama diambil aku juga sedih sih. Perilaku penjarahan kemarin emang gak elok terlepas dari itu ulah warga atau provo.""""",positive,bukan ngebela jujurly kalo karya handmade diri sendiri trus lama ambil aku sedih sih perilaku penjarahan kemarin emang tidak elok lepas ulah warga provo
"""""Bagaimana kalau Ibu prihatin juga sama rekan² sejawat ibu yg pada kabur macam pengecut gamau nemuin rakyat itu? Penjarahan ini gabakal sampai terjadi kalau dr awal kalian mau nemuin rakyat loh Bu?""""",negative,bagaimana kalau ibu prihatin sama rekan jawat ibu kabur macam kecut gamau nemuin rakyat penjarahan gabakal jadi kalau awal kalian mau nemuin rakyat loh bu
"""""Ga membernarkan penjarahan. Tapi anehnya ga sedih juga klu ibu dijarah. Harusnya instrospeksi diri sih bu apakah selama ini menjalankan tgs masih bener atau udah ga bener.""""",neutral,ga membernarkan penjarahan aneh ga sedih kalau ibu penjarahan harus instrospeksi diri sih bu lama jalan tgs bener ga bener
"""""@TirtoID gua menolak segala bentuk penjarahan tapi ni orang bicara moral dan akal sehat segala dimana letak akal sehat naikin pajak di ekonomi sulit dimana moral orang yg mempertanyakan gaji guru apakah tangggung jawab negara atau ada partisipasi masyarakat?""""",negative,tolak segala bentuk penjarahan ni orang bicara moral akal sehat segala letak akal sehat naikin pajak ekonomi sulit moral orang tanya gaji guru tanggung jawab negara partisipasi masyarakat
"""""@CNNIndonesia Hahaha... Sedih? Penjarahan itu mmg ga bener Bu tetapi yg ibu rasakan itu belum sebanding dengan kepedihan rakyat miskin yg hampir2 tak lagi punya harapan kapan mereka bisa hidup sejahtera makmur bergelimang kemewahan ibu dan para pejabat yg lain.""""",negative,hahaha sedih penjarahan mmg ga bener bu tetapi ibu rasa belum banding pedih rakyat miskin hampir tak punya harap kapan hidup sejahtera makmur gelimang mewah ibu jabat
"""""@dimastriawanf yep prove him wrong then! gw rasa juga ada aktor yg make kesempatan ini buat giring masyarakat jadi anarkis sampai berujung penjarahan""""",neutral,yep prove him wrong then rasa aktor make sempat giring masyarakat jadi anarkis ujung penjarahan
"""""@Anggash18 @txtdrimedia Berdasarkan laporan dari Kompas CNBC dan CNN (3 Sep 2025) aksi penjarahan di rumah Sri Mulyani termasuk pencurian lukisannya dianggap sebagai hilangnya nilai kemanusiaan olehnya. Kalau dia maksudnya penjarah tindakannya memang bertentangan dengan prinsip beradab menurut""""",neutral,dasar lapor kompas cnbc cnn 3 sep 2025 aksi penjarahan rumah sri mulyani masuk curi kamukisannya anggap hilang nilai manusia oleh kalau maksud jarah tindak memang tentang prinsip adab
"""""@TirtoID Sejenak berpikir maksud bu sri adalah koruptor2 ternyata kejadian penjarahan yg fishy kemarin pas demo""""",neutral,jenak pikir maksud bu sri koruptor nyata jadi penjarahan fishy kemarin pas demo
"""""@suepfian @Mas__Hang @P_O_Viewww keknya dia yg suka sebar poster aksi demo &amp"";"" penjarahan bang. wataknya anarkis wkk""""",negative,kek suka sebar poster aksi demo amp penjarahan bang watak anarkis wkk
"""""Rumah Nafa Urbach ikut jadi sasaran penjarahan massa. https://t.co/TDqXyigVF9""""",neutral,rumah nafa urbach ikut jadi sasar penjarahan massa
"""""ada dua tipe temen aku yang 02 voters irl. yang satu dia nebus kesalahan dengan ikut turun aksi sampe dia kemarin kena pukul aparat. yang satunya lagi ga post apapun dan tetep diem malah nyalahin pendemo soal penjarahan padahal gaada (padahal dia temenku sesirkel)""""",neutral,tipe temen aku 02 voters irl satu nebus salah ikut turun aksi sampe kemarin kena pukul aparat satu ga post apa tetep diem malah nyalahin demo soal penjarahan padahal gaada padahal temenku sesirkel
"""""@TirtoID Periksa semua dah biar tidak kejadian segampang itu melakukan penjarahan. Korbannya juga banyak warga sipil bukan cuma penjabat""""",negative,periksa semua dah biar tidak jadi gampang laku penjarahan korban banyak warga sipil bukan cuma jabat
"""""temenku ipknya 3 8 sekian juga milih wowok anjinggg. padahal dia juga nonton debat loh harusnya dia paham poinnya ga si yang dia tekanin cuma penjarahan gara gara demonstran padahal udah aku bilangin itu ulah provokator tapi dia denial anjir malah nyebut salah satu suku""""",negative,temenku ipknya 3 8 sekian milih wowok anjingg padahal nonton debat loh harus paham poin ga si tekanin cuma penjarahan gara gara demonstran padahal aku bilangin ulah provokator denial anjir malah nyebut salah satu suku
"""""Polres Madiun Kota minta pelaku penjarahan demo DPRD serahkan diri dan kembalikan barang jarahan. Demo disebut tidak sah karena tanpa izin. https://t.co/06ZNDeK4RC""""",neutral,polres madiun kota minta laku penjarahan demo dprd serah diri kembali barang jarah demo sebut ilegal ilegal
"""""Dari sudut rakyat: Curut Koruptor lebih parah paling berpesta owe tnp membenarkan aksi penjarahan ya""""",negative,sudut rakyat curut koruptor lebih parah paling pesta owe tnp benar aksi penjarahan
"""""Penangkapan pedemo yg terjadi kemarin terus terjadi. Bnyak VT2 dari khususnya mahasiswa2 yg beredar. Dengan dalih penjarahan anarkis blabla... Lbh blunder yg menyatakan salah tangkap. Orang2 rakus itu seakan terus berusaha melawan. Mereka ini sdg melampiaskan dendam kah??""""",neutral,tangkap demo jadi kemarin terus jadi bnyak vt khusus mahasiswa edar dalih penjarahan anarkis blabla lbh blunder nyata salah tangkap orang rakus akan terus usaha lawan sdg lampias dendam
"""""@Boediantar4 Testimoni brothers mengandung jebakan mengenai bunker d jl. Kutai utara solo.. Perlu pembuktian spt penjarahan rmh sahroni""""",neutral,testimoni brothers kandung jebak kena bunker d jl kuta utara solo perlu bukti penjarahan rmh sahroni
"""""frrrr aku punya temen dari awal demo ini rame yang dia bahas selalu soal fasilitas rusak dan penjarahan rumah rumah dpr like?? bro did u even get the whole point of what caused these situation to happened??? zzzzz smh""""",positive,frr aku punya temen awal demo rame bahas selalu soal fasilitas rusak penjarahan rumah rumah dpr like bro did u even get the whole point of what caused these situation to happened zz samah
"""""Dari sekian kasus penjarahan tidak ada penghuni rumah. Sagat kebetulan sekali rumah benar benar kosong. Seolah tanpa penghuni. Apakah mereka tahu akan di jarah sehinga mengungsi. Atau mengingsi untuk membuat mulus penjarahan.""""",negative,sekian kasus penjarahan tidak huni rumah sagat betul sekali rumah benar benar kosong huni tahu jarah sehinga ungsi mengingsi buat mulus penjarahan
"""""@8_FERRY_8 @Minietweets_ @budimandjatmiko Iya. Garis bawahi: tidak menghadapi langsung tragedi 98 . Hanya menegaskan budiman ada di penjara saat Sidang Umum MPR Maret 98 (suharto dipilih kembali) aksi demo sd tragedi trisakti mei 98 perkosaan/penjarahan dll di 98. Baru dibebaskan era gusdur (Des 99-keppres 159/1999)""""",negative,iya garis bawah tidak hadap langsung tragedi 98 tegas budiman penjara sidang umum mpr maret 98 suharto pilih aksi demo sd tragedi trisakti mei 98 perkosa penjarahan 98 baru bebas era gusdur des 99 keppres 159 199
"""""@akbarsyah417941 @KangManto123 Total kerugian dari penjarahan rumah Ahmad Sahroni belum diketahui secara resmi tapi estimasi mencapai puluhan miliar rupiah. Item raib termasuk jam tangan Rp11 7 miliar ijazah patung Ironman uang dari brankas dan barang mewah lainnya. Kekayaan totalnya Rp328 miliar""""",neutral,total rugi penjarahan rumah ahmad sahroni belum tahu resmi estimasi capai puluh miliar rupiah item raib masuk jam tangan rp 7 miliar ijazah patung ironman uang brankas barang mewah lain kaya total rp miliar
"""""@spynachh kurang paham cuma dia tu liat yang penjarahan di rumah uykuya terus kemanalagi gitu kalo lokasi digebukinnya kurang tau. abis itu dibawa ke polda metro jya""""",negative,kurang paham cuma tu liat penjarahan rumah uykuya terus manalagi gitu kalo lokasi digebukinnya kurang tau abis bawa polda metro jya
"""""@amaral_dahlan @msaid_didu @prabowo Bagaimana pendapat.kalian Pak @prabowo @DPR_RI penjarahan yg bersembunyi dibalik kebijakkan hny demi kpentingan segelintir Orang?..lbih jahat mana?️""""",negative,bagaimana dapat kalian pak penjarahan sembunyi balik bijak hny kpentingan gelintir orang lbih jahat mana
"""""@detikcom Ga belajar pak dari kasus penjarahan rumah dpr kemarin?""""",negative,ga ajar pak kasus penjarahan rumah dpr kemarin
"""""ex Mabes. believe it or not punggawa dan tetuanya lagi pada panik kalo gw bilang mereka itu dalang penjarahan yang kongkalikong sama bohir2 cikgu PIK pada percaya nggak ya? agak trauma dikit sih gw terlalu vokal auto disamperin Babinsa buat masuk Heerdjan~~""""",negative,ex mabes believe it or not punggawa tetua panik kalo bilang dalang penjarahan kongkalikong sama bohir cikgu pik percaya tidak trauma dikit sih terlalu vokal auto disamperin babinsa masuk heerdjan
"""""@detikcom Saya tidak membenarkan tindakan penjarahan tapi kebijakan yang Ibu buat selama ini dan perampasan hak rakyat untuk hidup sejahtera oleh para pejabat korup itu lebih jahat dari penjarahan Bu. Ibu dan para pejabat tersebut yg selama ini berpesta di atas penderitaan rakyat.""""",negative,tidak benar tindak penjarahan bijak ibu lama perampasan hak rakyat hidup sejahtera jabat korup lebih jahat penjarahan bu ibu jabat sebut lama pesta atas derita rakyat
"""""Mantan Menteri Sosial ini sangat menyayangkan aksi demo yang diprovokasi hingga anarkis dan melakukan pembakaran dan penjarahan cagar budaya. https://t.co/mtM8t4h112""""",neutral,mantan menteri sosial sangat sayang aksi demo provokasi hingga anarkis laku pembakaran penjarahan cagar budaya
"""""@txtdrimedia Ngaca lu Lu emang ada mikirin rakyat ? Kalo lu sama jongoslu itu mikirin rakyat gamungkin ada penjarahan dan gw yakin itu lukisan duit pajak rakyat dan dibeli dari hasil lelang jutaan harganya""""",negative,ngaca kamu kamu emang mikirin rakyat kalo kamu sama jongoslu mikirin rakyat gamungkin penjarahan yakin kamukisan duit pajak rakyat beli hasil lelang juta harga
"""""Polisi Ringkus Pelaku Penjarahan Rumah Menkeu Sri Mulyani https://t.co/eHUDTtCxqj""""",neutral,polisi ringkus laku penjarahan rumah menkeu sri mulyani
"""""@TirtoID Penjarahan yg resmi itu pelakunya adalah yg duduk dikursi mewah """"",negative,penjarahan resmi laku duduk kursi mewah
"""""Peristiwa Penjarahan Amuk dan Rusuh Yang Kemarin Terjadi Merupakan Imbas Rekayasa Politik. https://t.co/cg22hpbC6O https://t.co/ghw6Jn9tgT""""",neutral,peristiwa penjarahan amuk rusuh kemarin jadi rupa imbas rekayasa politik
"""""@cowbalagi Kondisi beberapa kucingnya sebelum dijarah udah memprihatinkan duluan sih.. malnutrisi itu butuh waktu yang panjang. Dan juga kata salah satu dokter hewan kucingnya ada yg anemia akibat kutuan.. Bs jd udh stres duluan dari sebelum kejadian penjarahan.""""",neutral,kondisi beberapa kucing penjarahan prihatin duluan sih malnutrisi butuh waktu panjang kata salah satu dokter hewan kucing anemia akibat kutu bs jadi stres duluan jadi penjarahan
"""""@CNNIndonesia Gak membenarkan aksi penjarahan. Tapi semoga dari sini ibuk juga bisa belajar tentang perikemanusiaan. Coba diinget2 Bu ada berapa banyak hati yang ibuk gores dengan omongan ibuk""""",positive,tidak benar aksi penjarahan moga sini ibuk ajar perikemanusiaan coba diinget bu berapa banyak hati ibuk gores omong ibuk
"""""@TirtoID Penjarahan APBN berjamaah apa kabar mbak Sri?""""",negative,penjarahan apbn jamaah apa kabar mbak sri
"""""Kalau aku bilang ini benar mungkin aku akan dihujat. But I will say this one more time penjarahan bukan solusi dan bukan bentuk aspirasi dari kemarahan yang semestinya. Mau membenahi pemerintah kan? Benahi dulu cara pikir masyarakatnya.""""",positive,kalau aku bilang benar mungkin aku hujat but i will say this one more time penjarahan bukan solusi bukan bentuk aspirasi marah mesti mau benah perintah kan benah dulu cara pikir masyarakat
"""""Nah ini nongol pelaku demo perusuh perusak penjarahan genk Solo ternak Mulyono""""",negative,nah nongol laku demo rusuh usak penjarahan genk solo ternak mulyono
"""""Anggota DPR RI non aktif Surya Utama alias Uya Kuya mengajukan Restoratif Justice (RJ) untuk salah satu tersangka penjarahan di kediamannya pada Sabtu lalu. RJ diajukkan Uya Kuya karena perempuan paruh baya tersebut memiliki cucu disabilitas Rabu (03/09). Hel #BeritaElshinta https://t.co/U20AuGXULS""""",positive,anggota dpr ri non aktif surya utama alias uya kuya aju restoratif justice rj salah satu sangka penjarahan diam sabtu lalu rj ajuk uya kuya perempuan paruh baya sebut milik cucu disabilitas rabu 03 09 hel
"""""@RofiqNur330185 @_yearns Anda begitu tolol memahami situasi. Peristiwa penjarahan massal hanya insiden sesaat dan jelas ada yg bermain. Sementara perampasan hak2 rakyat oleh negara sangat terstruktur. Anda hrs adil bersuara.""""",negative,tolol paham situasi peristiwa penjarahan massal insiden saat jelas main perampasan hak rakyat negara sangat struktur hrs adil suara
"""""Rumah anggota DPR nonaktif Ahmad Sahroni mengalami penjarahan pada Sabtu (30/8) kemarin. https://t.co/cPvM86Da0h""""",neutral,rumah anggota dpr nonaktif ahmad sahroni alami penjarahan sabtu 30 8 kemarin
"""""@GunRomli Betul romo ada penunggang gelap yg sengaja memanfaatkan unt tujuan perusakan dan penjarahan .""""",neutral,betul romo tunggang gelap sengaja manfaat unt tuju perusakan penjarahan
"""""@TirtoID Cara pandang pejabat brengsek: LIHAT rakyat menjarah RIBUT LIHAT penjarahan APBN (kebocoran anggaran korupsi manipulatif anggaran mobil dinas mewah tunjangan mewah inefisiensi salah anggaran dll) ratusan T TENANG² SAJA. Th 2024 500T dana bansos salah sasaran. Gmn? Aman? https://t.co/FB7tOaAOLj""""",negative,cara pandang jabat brengsek lihat rakyat penjarahan ribut lihat penjarahan apbn bocor anggar korupsi manipulatif anggar mobil dinas mewah tunjang mewah inefisiensi salah anggar ratus t tenang th 2024 500t dana bansos salah sasar gmn aman
"""""@ardisatriawan Sejak penjarahan terjadi para pejabat sekarang cepet banget kalau minta maaf. See? Seefektif itu kalau mau ngasih pembelajaran ke orang yang gak napak tanah""""",negative,sejak penjarahan jadi jabat sekarang cepet banget kalau minta maaf see efektif kalau mau ngasih ajar orang tidak napak tanah
"""""Polisi Tetapkan Enam Tersangka Penjarahan Rumah Uya Kuya https://t.co/uDmF4L2BV8""""",neutral,polisi tetap enam sangka penjarahan rumah uya kuya
"""""@jorgianaaa Boleh nyanyi lagu ini nanti kalau penjarahan kekayaan alam negeri ini berhenti. Saat ini nggak relate""""",negative,nyanyi lagu kalau penjarahan kaya alam negeri henti tidak relate
"""""@TirtoID Ngaca!!!! Kalian waktu narikin pajak ini itu ke rakyat juga seperti setan yg pada pesta kok. Walopun gw ga mendukung aksi penjarahan kemarin ya.""""",negative,ngaca kalian waktu narikin pajak rakyat setan pesta kok walopun ga dukung aksi penjarahan kemarin
"""""Penjarahan kayak gitu receh bu yang bikin rakyat sengsara itu penjarahan tambang hutan laut pajak puluhan tahun. Gaji UMR dipajaki gaji pejabat ratusan juta pajaknya malah ditanggung negara. Itu namanya maling sah atas nama aturan. Jadi jangan cengeng bu !""""",negative,penjarahan kayak gitu receh bu bikin rakyat sengsara penjarahan tambang hutan laut pajak puluh tahun gaji umr pajak gaji jabat ratus juta pajak malah tanggung negara nama maling sah atas nama atur jadi jangan cengeng bu
"""""Peristiwa Penjarahan Amuk dan Rusuh Yang Kemarin Terjadi Merupakan Imbas Rekayasa Politik. Ada pihak-pihak yang ingin menjatuhkan Presiden Prabowo. https://t.co/nG6oqDNK2s https://t.co/5UCtCBdFcn""""",neutral,peristiwa penjarahan amuk rusuh kemarin jadi rupa imbas rekayasa politik pihak pihak jatuh presiden prabowo
"""""PENJARAHAN ITU HARAM #tolakintoleransi #tolakradikalisme #tolakterorisme #tolakekstremisme https://t.co/Ie5iSzBbxM""""",positive,penjarahan haram
"""""@Goo9le_Fiv3 Bagi rakyat tirani hrs tumbang diciptakan krismon dolar melambung membuat harga2 tak terkendali menimbulkan gejolak penjarahan SEjarah tdk berulang pemain nya yg masih sama""""",neutral,rakyat tirani hrs tumbang cipta krismon dolar lambung buat harga tak kendali timbul gejolak penjarahan sejarah tidak ulang main nya sama
"""""@txtdrimedia Loh nggak bermaksud membenarkan tindakan penjarahan tapi Anda sendiri gimana? Sudah menjunjung tinggi Perikemanusiaan Yang Adil dan Beradab belum?""""",negative,loh tidak maksud benar tindak penjarahan sendiri gimana junjung tinggi perikemanusiaan adil adab belum
"""""Kata cowok gua yang orang yg ambon. Temennya dapet job jaga rumah salah satu pejabat pas kasus penjarahan kemaren (jadi skarang gatau masih jagain apa enggak). Jadi di bagian luar rumahnya di jaga orang2 ambon yang bagian dalem dijaga aparat""""",neutral,kata cowok orang ambon temennya dapet job jaga rumah salah satu jabat pas kasus penjarahan kemaren jadi skarang gatau jagain apa enggak jadi bagi kamuar rumah jaga orang ambon bagi dalem jaga aparat
"""""https://t.co/SeCQbGjYjc Target penjarahan terahir di rmh Presiden Prabowo @prabowo ? Lihat video Monitor Yth Bpk Presiden @prabowo @Gerindra Harus di usut siapa penggerak demo makar tsb?""""",neutral,target penjarahan terahir rmh presiden prabowo lihat video monitor yth bpk presiden usut siapa gerak demo makar tsb
"""""@Chisarthemis @somexthread Maksudnya dia mungkin wajib ada kambing hitam 1 yg lain cuma ikut2an nah yg ngajak nya asal nunjuk dah artinya penjarahan rmh Sahroni yg ikut2an aman juga """"",neutral,maksud mungkin wajib kambing hitam 1 cuma ikut2an nah ngajak nya asal nunjuk dah arti penjarahan rmh sahroni ikut2an aman
"""""@Official_Ansor dan bentuk penjarahan yang paling berbahaya dan paling merusak adalah korupsi... Mari kang anshor dorong dpr dan presiden menetapkan uu Perampasan aset koruptor..""""",neutral,bentuk penjarahan paling bahaya paling perusakan korupsi kang anshor dorong dpr presiden tetap uu perampasan aset koruptor
"""""Uya datang bersama istrinya Astrid setelah mendapat informasi dari petugas keamanan kompleks bahwa salah satu pelaku yang ditahan polisi adalah perempuan lanjut usia. https://t.co/Phs4OKw3k6""""",neutral,uya datang sama istri astrid dapat informasi tugas aman kompleks salah satu laku tahan polisi perempuan lanjut usia
"""""Penjarahan kemaren dampaknya emg gede bgt ya Pejabut pejabut jadi ga berani songong kalo dirujak di medsos cepet minta maap drpd dirujak masa wkwk""""",negative,penjarahan kemaren dampak emg gede banget pejabut pejabut jadi ga berani songong kalo rujak medsos cepet minta maap drpd rujak masa haha
"""""Polisi Tetapkan Enam Tersangka Penjarahan Rumah Uya Kuya https://t.co/mTp6kNYGu2""""",neutral,polisi tetap enam sangka penjarahan rumah uya kuya
"""""Ga membenarkan penjarahan tapi ibu empatinya ilang? Lukisan itu memang punya makna yang dalam lalu ga tersentuh kah sama keadaan rakyat yang bingung besok mau makan apa tapi tetep bikin kebijakan yang mencekik?""""",negative,ga benar penjarahan ibu empati ilang kamukisan memang punya makna lalu ga sentuh sama ada rakyat bingung besok mau makan apa tetep bikin bijak cekik
"""""Seperti halnya kalian yang bersenang-senang ketika rakyat sedang berjuang tidak enak kan bu rasanya? Meski aksi penjarahan juga tidak di benarkan ya gaiss""""",neutral,hal kalian senang senang rakyat sedang juang tidak enak kan bu rasa meski aksi penjarahan tidak benar gaiss
"""""@Cakra_Pasopati @SimbokeSarah @snjayajonggrang @WagimanDeep212_ @prabowo @DPR_RI Anggaplah tindakan anarkis penjarahan terhadap rmh anggota dewan itu sbgai pengingat/shock terapi bagaimana bila hukum tumpul bagi koruptor apa rakyat yg bertindak dg caranya sendiri menjarah/merusak property milik koruptor JK RUU Perampasan msh digantung?""""",neutral,anggap tindak anarkis penjarahan rmh anggota dewan sbgai ingat shock terapi bagaimana bila hukum tumpul koruptor apa rakyat tindak cara sendiri penjarahan perusakan property milik koruptor jk ruu perampasan gantung
"""""@IndoPopBase Ntar klo rumahnya kena jarah bilang aja ini bukan penjarahan ini semua dibeli dibayar pake Doa. Ini sedekah.""""",negative,ntar kalau rumah kena jarah bilang bukan penjarahan semua beli bayar pake doa sedekah
"""""Penjarahan yg beneran kayanya cuma punya Sahroni sisanya kaya bukan warga juga """"",neutral,penjarahan beneran kaya cuma punya sahroni sisa kaya bukan warga
"""""@TirtoID seorang sri mulyani bisa ngikutin arahan peanguasa seharusnya orasng pinter tau kalau penjarahan n pembakaran itu orkestrasi dari penguasa""""",neutral,orang sri mulyani ngikutin arah peanguasa orasng pinter tau kalau penjarahan n pembakaran orkestrasi kuasa
"""""Polres Blitar laksanakan Konferensi Pers tentang Aksi Pengrusakan dan Penjarahan di Gedung DPRD Kab. Blitar ~ call center 110 bebas pulsa atau bisa ~ 0812 2913 2005 ~ @arif_fazlurrahman #polresblitarmenujuWBK #polresblitarkabupaten #polripresisi #polisibaik https://t.co/JHDtnufynd""""",neutral,polres blitar laksana konferensi pers aksi rusa penjarahan gedung dprd kab blitar call center 110 bebas pulsa 0812 2913 2005
"""""@detikcom Ada TNI juga Bu saat itu hanya diam saja melihat penjarahan""""",negative,tni bu diam lihat penjarahan
"""""PENJARAHAN ITU ADALAH HARAM #TolakTerorisme #TolakRadikalisme #Tolakintoleransi #Tolakextrimisme #InfoIndonesia #InfoJayapura #InfoMerauke #InfoTimika #InfoPapua #infonabire https://t.co/HKeSPp07j4""""",positive,penjarahan haram
"""""@TirtoID Bagaimana dengan penjarahan uang rakyat berupa gaji tidak masuk akal DPR dan tunjangan nya yang fantastis #ResetIndonesia""""",negative,bagaimana penjarahan uang rakyat upa gaji tidak masuk akal dpr tunjang nya fantastis
"""""Bagaimana dengan penjarahan hutan kalimantan untuk program food estate ala @prabowo yang terbukti GAGAL mengakibatkan kerugian ratusan miliar dana APBN dan kerusakan lingkungan hidup di Kalimantan???? https://t.co/n9NKzpcnyJ""""",negative,bagaimana penjarahan hutan kalimantan program food estate ala bukti gagal akibat rugi ratus miliar dana apbn rusa lingkung hidup kalimantan
"""""PENJARAHAN ITU HARAM #TolakTerorisme #TolakRadikalisme #Tolakintoleransi #Tolakextrimisme #InfoIndonesia #InfoJayapura #InfoMerauke #InfoTimika #InfoPapua #infonabire https://t.co/Xq0igdXeNy""""",positive,penjarahan haram
"""""@detikcom the real playing victim. saya ga pernah membenarkan penjarahan tapi kelakuan ibu sama dg penjarahan uang rakyat ibu buat pajak macam2 bentuk dan rupanya. lama2 rakyat kentut dipajakin bu""""",negative,the real playing victim ga pernah benar penjarahan laku ibu sama penjarahan uang rakyat ibu pajak macam bentuk rupa lama rakyat kentut dipajakin bu
"""""Bedakan Demonstrasi Organik yg Merupakan Ekspresi Kemarahan Rakyat karena Pejabat Tidak Malu-malu Memperkaya Diri Dengan Aksi Penjarahan Kerusuhan &amp"";"" Pembakaran yg dilakukan oleh Kelompok Penunggang untuk Membuat Buruk Citra Demonstrasi Organik. Analisa yang jernih dari Romo https://t.co/zleHixTEJV""""",positive,beda demonstrasi organik rupa ekspresi marah rakyat jabat tidak malu malu kaya diri aksi penjarahan kerusuhan amp pembakaran laku kelompok tunggang buat buruk citra demonstrasi organik analisa jernih romo
"""""@angaripin @antmanGL @KangManto123 Foto ini sepertinya dari rumah Ahmad Sahroni di Tanjung Priok Jakarta Utara setelah penjarahan pada 30 Agustus 2025. Tapi bagian tertentu mungkin edit untuk meme. Saya tidak 100% yakin asalnya.""""",neutral,foto seperti rumah ahmad sahroni tanjung priok jakarta utara penjarahan 30 agustus 2025 bagi tentu mungkin edit meme tidak 100 yakin asal
"""""sisi lain dari penjarahan dan bakar2 kemarin mungkin adalah ini pejabat yg asal ngomong untuk isu2 sensitif langsung klarifikasi dan minta maaf mungkin mereka takut ada amuk massa macam kemarin. dan ini semacam shock therapy biar gak ngasal ngomong kedepannya""""",positive,sisi penjarahan bakar kemarin mungkin jabat asal ngomong isu sensitif langsung klarifikasi minta maaf mungkin takut amuk massa macam kemarin macam shock therapy biar tidak ngasal ngomong depan
"""""@TirtoID saya tidak setuju penjarahan.. tapi kan rakyat mencontoh pejabat2 korup dan pengusaha antek pemerintah yg menjarah kekayaan Indonesia yg seharusnya untuk rakyat. jangan salahkan rakyat kalau pejabatnya yg tidak benar mengurus rakyat.""""",negative,tidak tuju penjarahan kan rakyat contoh jabat korup usaha antek perintah penjarahan kaya indonesia rakyat jangan salah rakyat kalau jabat tidak benar urus rakyat
"""""gw rasa besok-besok lemari laki gw kosong (korban penjarahan)""""",neutral,rasa besok besok lemari laki kosong korban penjarahan
"""""@KangManto123 Gua udeeh bosennn ame narasi judol laa prostitusi laa nyatanye emang ada iklan dibalik layar demo anarkis penjarahan kan contohnye tj priok kan adee unsur2 tsb """"",negative,udeeh bosenn ame narasi judol laa prostitusi laa nyatanye emang iklan balik layar demo anarkis penjarahan kan contohnye tj priok kan adee unsur tsb
"""""Kabar Terbaru Kucing-Kucing Uya Kuya yang Hilang Saat Penjarahan Tiga Ditemukan https://t.co/0mgk3W9zxq""""",neutral,kabar baru kucing kucing uya kuya hilang penjarahan tiga temu
"""""@txtdrimedia Terlepas penjarahan di rumah Ibu by design atau organik tapi berkaca atuh bu berkaca di kaca yang segeda gaban. Bisa2nya orang zalim ngomong tentang sila ke-5""""",negative,lepas penjarahan rumah ibu by design organik kaca atuh bu kaca kaca segeda gaban bisa2nya orang zalim ngomong sila 5
"""""@TirtoID Gw ga membenarkan penjarahan BUT lo baru segitu aja kesel kan? Apalagi rakyat bu diperkosa pemerintah setiap hari dan mereka berpesta menikmatinya. Pas kita marah kalian ga terima. Pdhl kita ni bosnya kalian jongosnya. Knp kita yg susah ya setiap hari harus kasih makan kalian?""""",negative,ga benar penjarahan but lo baru segitu kesel kan rakyat bu perkosa perintah hari pesta nikmat pas marah kalian ga terima pdhl ni bos kalian jongos knp susah hari kasih makan kalian
"""""Astrid Khairunisha atau Astrid Kuya berharap hewan peliharaannya berupa kucing yang ikut dijarah massa saat kejadian penjarahan rumahnya pada Sabtu (30/8) malam di kawasan Pondok Bambu Duren Sawit Jakarta Timur bisa kembali. Pada saat terjadi penjarahan rumah milik anggota https://t.co/Xukf8ifZuK""""",neutral,astrid khairunisha astrid kuya harap hewan pelihara upa kucing ikut penjarahan massa jadi penjarahan rumah sabtu 30 8 malam kawasan pondok bambu duren sawit jakarta timur jadi penjarahan rumah milik anggota
"""""Berbekal Konten Video Viral Cara Polisi Tangkap Para Pelaku Penjarahan https://t.co/Jo3WE1Qfyc""""",neutral,bekal konten video viral cara polisi tangkap laku penjarahan
"""""@KompasTV Gw pribadi mengutuk keras penjarahan rumah pejabat kayak Bu Ani. Gw cukup tau beliau beliau orang jujur kaga korupsi. Hartanya didapet dari hasil kerja. Kl soal kebijakan dia sbg Menkeu byk yg bisa diperdebatkan. Tp itu hal yg beda.""""",positive,pribadi kutuk keras penjarahan rumah jabat kayak bu ani cukup tau beliau beliau orang jujur kaga korupsi harta didapet hasil kerja kalau soal bijak menkeu byk debat beda
"""""@AirinDatangLagi @KemenBUMN @erickthohir Dibawa bocah waktu penjarahan?""""",neutral,bawa bocah waktu penjarahan
"""""Orang di Kasus Rumah Sri Mulyani-Nafa Urbach Siapa Saja? https://t.co/UN57rZBIJn""""",neutral,orang kasus rumah sri mulyani nafa urbach siapa
"""""@TirtoID heheh yg penjarahan sebenarnya itu koruptor mafia""""",negative,heheh penjarahan benar koruptor mafia
"""""@KompasTV Bukannya disengaja? Dan akhirnya rakyat yang disalahkan. Point point tuntutannya jadi dilupakan yang dibahas malah anarkis penjarahan kerusuhan makar pihak asing dan seterusnya.""""",negative,bukan sengaja akhir rakyat salah point point tuntut jadi lupa bahas malah anarkis penjarahan kerusuhan makar pihak asing
"""""@KompasTV Sy sama sekali tidak mendukung penjarahan...tapi rasa aman dan kepastian hukum sudah lama lenyap bu utk rakyat kecil...emang kalau udh kena baru sok bijak kalau rakyat kecil yg kena mah cuek aja ya bu...pajak naik terus hutang hajar bleh yg bayar rakyat juga""""",negative,sama sekali tidak dukung penjarahan rasa aman pasti hukum lama lenyap bu rakyat kecil emang kalau kena baru sok bijak kalau rakyat kecil kena mah cuek bu pajak naik terus hutang hajar bleh bayar rakyat
"""""@Shalihin_Nad_95 @VIVAcoid Saya setuju bahwa penjarahan adalah tindakan kriminal yang harus ditindak hukum. Berdasarkan berita dari Detik Tempo dan Kompas polisi telah menangkap pelaku di rumah Uya Kuya Sri Mulyani Eko Patrio dan Sahroni dengan bukti seperti barang curian. Namun ini bagian dari""""",neutral,tuju penjarahan tindak kriminalitas tindak hukum dasar berita detik tempo kompas polisi tangkap laku rumah uya kuya sri mulyani eko patrio sahroni bukti barang curi bagi
"""""@moonjpwark Sekarang di Indonesia lagi rame protes massal sejak akhir Agustus 2025. Awalnya karena tunjangan dan gaji anggota DPR yang naik tapi eskalasi setelah polisi nabrak dan bunuh sopir ojek. Udah ada 8 orang mati ratusan luka gedung dibakar dan penjarahan. Presiden Prabowo""""",negative,sekarang indonesia rame protes massal sejak akhir agustus 2025 awal tunjang gaji anggota dpr naik eskalasi polisi nabrak bunuh sopir ojek 8 orang mati ratus kamuka gedung pembakaran penjarahan presiden prabowo
"""""@CNNIndonesia Masa kalah sama penjarahan banyak tersangkanya... Ini nyawa loh yg hilang tersangkanya susah dan lama dicarinya... Harta segunung tidak bisa mengembalikan nyawa yg telah hilang""""",negative,masa kalah sama penjarahan banyak sangka nyawa loh hilang sangka susah lama cari harta gunung tidak kembali nyawa hilang
"""""@KemensetnegRI Penjarahan adalah tindakan mengambil hak warga negara dg melawan hukum. Lebih dari empat th uang pensiun kami dikuasai oleh tim Men-BUMN/Keuangan yg membuat yatim janda lansia menderita. Bukankah itu bentuk lain dari penjarahan? @prabowo @erickthohir @KemenkeuRI @ojkindonesia https://t.co/IM436ChmYK""""",negative,penjarahan tindak ambil hak warga negara lawan hukum lebih empat th uang pensiun asai tim men bumn uang buat yatim janda lansia derita bukankah bentuk penjarahan
"""""Sudut pandangnya bener live demo yang dimana jadi kemana mana entah penjarahan perusakan fasilitas umum itu bener bg""""",neutral,sudut pandang bener live demo jadi mana entah penjarahan perusakan fasilitas umum bener bg
"""""Ternyata meski nggateli penjarahan kemaren ngasih impact juga ya :))""""",neutral,nyata meski nggateli penjarahan kemaren ngasih impact
"""""Polres Blitar laksanakan Konferensi Pers tentang Aksi Pengrusakan dan Penjarahan di Gedung DPRD Kab. Blitar Kamu Bisa Lari tapi Kamu Tidak Bisa Bersembunyi. ~ call center 110 bebas pulsa atau bisa ~ 0812 2913 2005 ~ @arif_fazlurrahman #polresblitarkabupaten https://t.co/lI1w6HIjnS""""",neutral,polres blitar laksana konferensi pers aksi rusa penjarahan gedung dprd kab blitar kamu lari kamu tidak sembunyi call center 110 bebas pulsa 0812 2913 2005
"""""@TirtoID Ga setuju dengan penjarahan tapi anda ga layak buat ngomongin moral dan akal sehat Sri.""""",negative,ga tuju penjarahan ga layak ngomongin moral akal sehat sri
"""""maaf uda setuju sm penjarahan kmrn tp efeknya mantep gini""""",positive,maaf tuju sama penjarahan kmrn efek mantep gin
"""""@bluuwavezzd @AritsuDonahue @Denieyellow46 @somexthread Kan kan udah gw bilang ini anak kaga bisa baca mana ada Rep gw belain aparat semua yg ada Rep gw tentang provokator tetang Msalah demo boleh asal jgn anarkis dan ada ya penjarahan kocak yg ada lu susah jelasin sama tim sakit hati gak bakal selesaii awokawok""""",positive,kan kan bilang anak kaga baca mana rep bain aparat semua rep provokator tetang msalah demo asal jgn anarkis penjarahan kocak kamu susah jelasin sama tim sakit hati tidak bakal selesai awokawok
"""""@TirtoID Sandiwara dimainkan lagii.. bari netijen yang keburu pro penjarahan wajar mamam noohhh ..""""",negative,sandiwara main lagi bari netijen keburu pro penjarahan wajar mamam noohh
"""""Penjarahan di tengah gelombang demonstrasi besar-besaran di Indonesia bukan hanya mengakibatkan rusak dan hilangnya harta benda namun menghancurkan nilai dan jiwa perjuangan sesungguhnya. Penjarahan adalah kejahatan terorganisir yang merusak perjuangan tulus dari para pejuang https://t.co/OuxOG0s1Bs""""",negative,penjarahan tengah gelombang demonstrasi besar besar indonesia bukan akibat rusak hilang harta benda hancur nilai jiwa juang sungguh penjarahan jahat organisir perusakan juang tulus juang
"""""@TirtoID Hehehe ngaca dulu ga sih? kalau penjarahan itu pesta kalian tiap hari kayaknya juga pesta klo diliat-liat? Bedanya kita yang bayar dekorasinya makanannya sound system-nya sama gaji kalian""""",negative,hehehe ngaca dulu ga sih kalau penjarahan pesta kalian tiap hari kayak pesta kalau liat liat beda bayar dekorasi makan sound system nya sama gaji kalian
"""""Kepolisian Resor Kota Mataram mendapatkan sejumlah rekaman video yang menampilkan aksi penjarahan dalam peristiwa unjuk rasa yang berakhir pada pembakaran gedung Dewan Perwakilan Rakyat Daerah (DPRD) Nusa Tenggara Barat Sabtu (30/8). https://t.co/XQIYOtjDaL #beritaterkini""""",neutral,polisi resor kota mataram dapat jumlah rekam video tampil aksi penjarahan peristiwa unjuk rasa akhir pembakaran gedung dewan wakil rakyat daerah dprd nusa tenggara barat sabtu 30 8
"""""@barengwarga Ingaatt . fokus yaaa.. tangkap langsung yg melakukan pembakaran dan penjarahan.. Semangat kawan2..""""",positive,ingaatt fokus yaa tangkap langsung laku pembakaran penjarahan semangat kawan
"""""@detikcom Krisis akhlak Bu semua ngga cuma rakyat yang melakukan penjarahan. Tapi juga banyak pejabat tengik yang hidup bermewah2 bergaya hidup hedon yg ngeluarin kebijakan nyusahin rakyat koruptif dan kalo ngomong asal nyablak..""""",negative,krisis akhlak bu semua ngga cuma rakyat laku penjarahan banyak jabat tengik hidup mewah gaya hidup hedon ngeluarin bijak nyusahin rakyat koruptif kalo ngomong asal nyablak
"""""@kang___L Jangan adu domba lagi... Cukup Syahroni &amp"";"" 4 lainnya yg sdh mendapatkan hukuman penjarahan aset secara langsung oleh massa. Ini bukan Pasha Ungu """"",neutral,jangan adu domba cukup syahroni amp 4 lain dapat hukum penjarahan aset langsung massa bukan pasha ungu
"""""Astrid Khairunisha atau Astrid Kuya berharap kucing peliharaannya yang dijarah massa bisa kembali. Sebanyak 12 ekor kucing milik Uya Kuya dan Astrid Kuya ikut dijarah massa saat kejadian penjarahan rumahnya pada Sabtu (30/8) malam di kawasan Pondok Bambu Duren Sawit Jakarta https://t.co/we5CItsnaW""""",neutral,astrid khairunisha astrid kuya harap kucing pelihara penjarahan massa banyak 12 ekor kucing milik uya kuya astrid kuya ikut penjarahan massa jadi penjarahan rumah sabtu 30 8 malam kawasan pondok bambu duren sawit jakarta
"""""Warga di kontrakan Nafa Urbach berusaha mencegah penjarahan meluas. Mereka menjaga agar rumah tersebut gak dibakar. https://t.co/ZNAyR3pbxE""""",positive,warga kontra nafa urbach usaha cegah penjarahan luas jaga rumah sebut tidak pembakaran
"""""Warga di kontrakan Nafa Urbach berusaha mencegah penjarahan meluas. Mereka menjaga agar rumah tersebut gak dibakar. https://t.co/3bqlFliCqs""""",positive,warga kontra nafa urbach usaha cegah penjarahan luas jaga rumah sebut tidak pembakaran
"""""@TirtoID Saya tidak membenarkan tindakan penjarahan dan perusakan. Tapi bu kenapa ketika pejabat yg dijarah baru para pejabat atau kalian yg memiliki jabatan mengeluarkan statement2 tsb. Tapi kenapa kalo koruptor yg ditangkap udh merugikan negara dan rakyat tp tdk berpendapat demikian?""""",negative,tidak benar tindak penjarahan perusakan bu jabat penjarahan baru jabat kalian milik jabat keluar statement tsb kalo koruptor tangkap rugi negara rakyat tidak dapat
"""""[psikologi] Dampak Psikologis Penjarahan Rumah Pejabat dan Efek Jera dalam Dunia Politik https://t.co/nG7Zl6OfN0""""",neutral,psikologi dampak psikologis penjarahan rumah jabat efek jera dunia politik
"""""@TirtoID Yeeuu sensi amat lu liat rakyat happy kebiasaan ngeliat tersiksa si ya agak culture shock mungkin btw penjarahan di rumah lu kek nya terstruktur bgt tuh tar jg balik lagi barang²branded lu https://t.co/6AqdUCGuNu""""",negative,yeeuu sensi kamu liat rakyat happy biasa ngeliat siksa si culture shock mungkin btw penjarahan rumah kamu kek nya struktur banget tuh tar balik barang2branded kamu
"""""Dia kok masih yapping aja sih? Padahal banyak beritanya kok kalo penjarahan itu ada scriptnya kaya sinetron.""""",neutral,kok yapping sih padahal banyak berita kok kalo penjarahan scriptnya kaya sinetron
"""""@rachlannashidik Benar. Dalang penjarahan yg diburu!""""",positive,benar dalang penjarahan buru
"""""AMUK kerusuhan dan penjarahan saudara-saudaraku di Indonesia hentikanlah. #Indonesia #probowo #ojol #PerkasaBangsa #PerkasaNegara https://t.co/4mPtxh0VQw""""",positive,amuk kerusuhan penjarahan saudara saudara indonesia henti
"""""Sama bu tidak membenarkan jg aksi penjarahan. Harusnya memang ngejarahnya dg cara halus kyk ibu ngejarah rakyat lewat pajak """"",negative,sama bu tidak benar aksi penjarahan harus memang ngejarahnya cara halus kyk ibu ngejarah rakyat lewat pajak
"""""Disampaikan Menkomdigi Meutya Hafid ada lonjakan laporan masyarakat terkait provokasi di ruang digital termasuk ajakan penjarahan penyerangan dan penyebaran isu SARA. https://t.co/uQTZPSblwG""""",neutral,sampai menkomdigi meutya hafid lonjak lapor masyarakat kait provokasi ruang digital masuk aja penjarahan serang sebar isu sara
"""""Yang ngelakuin penjarahan kan orang orangg prabowo sendiri bu coba tanya si boss balikin lha lukisan saya kalo ga saya ga mau jadi menteri lagi""""",negative,ngelakuin penjarahan kan orang orangg prabowo sendiri bu coba tanya si boss balikin lha kamukisan kalo ga ga mau jadi menteri
"""""waduhhh... seharusnya pernyataan anda itu ditujukan kepada anda dan anggota DPR pak...berhenti bicara yang menyakitkan pak takut ada penjarahan jilid 2... https://t.co/i9cSy5oGS8""""",negative,waduhh nyata tuju anggota dpr pak henti bicara sakit pak takut penjarahan jilid 2
"""""penjarahan rumah artis aja langsung ketangkep""""",neutral,penjarahan rumah artis langsung ketangkep
"""""Demo berhari2 ada korban jiwa penjarahan pembakaran banyak orang ke luar negeri. Tapi kok iya lapangan padel masih aja full??""""",negative,demo hari korban jiwa penjarahan pembakaran banyak orang kamuar negeri kok iya lapang padel full
"""""Dari kasus penjarahan kita bisa liat bagaimana setimen publik ke pejabat yg sebenarnya walaupun masuk dlm pejabat yg dijarah tp sri mulyani tetap ada yg memberi dukungan jd inarat publik kebagi dua ada yg simpati dan marah ke sri mulyani ini Nah kalo sahroni eko dan uya itu""""",neutral,kasus penjarahan liat bagaimana setimen publik jabat benar walaupun masuk jabat penjarahan sri mulyani tetap beri dukung jadi inarat publik bagi simpati marah sri mulyani nah kalo sahroni eko uya
"""""@footycinephile Kalo gasalah dulu juga sama kok. Demo ga dilarang yang dilarang kalo Kriminal semisal pelajar tsb melakukan penjarahan n penganiayaan (lain cerita). Tapi sampe detik ini yang ada pelajar malahan jadi korban kan. Demonstrasi bukan pidana jadi tidak bisa dicabut sewenang2""""",positive,kalo gasalah dulu sama kok demo ga larang larang kalo kriminalitas misal ajar tsb laku penjarahan n aniaya cerita sampe detik ajar malah jadi korban kan demonstrasi bukan kriminalitas jadi tidak cabut wenang
"""""yeee buta mata lo pas dikasih tunjangan mata lo ga liat noh pada joget-joget? biji mata lo diganti ama biji salak kah? penjarahan emang ga dibenarkan tapi menurut lo makan uang rakyat tu bener? kaga ege mukbang tunjang sono lu satu panciii""""",negative,yee buta mata lo pas kasih tunjang mata lo ga liat noh joget joget biji mata lo ganti ama biji salak penjarahan emang ga benar lo makan uang rakyat tu bener kaga ege mukbang tunjang sono kamu satu panci
"""""@ajiclarkkent @BosPurwa Ada SJW yg afiliasinya ke JKW juga sami mawon memprovokasi spy terjadi penjarahan Di FB akun2 yg terafiliasi sbg pilih Ganjar juga ada yg happy repost penjarahan2 ke rumah UK Eko AS &amp"";"" Nafa""""",neutral,sjw afiliasi jkw sami mawon provokasi jadi penjarahan fb akun afiliasi pilih ganjar happy repost penjarahan rumah uk eko as amp nafa
"""""Bila datanya benar 9 korban tewas dari mahasiswa dan rakyat. Belum terhitung korban luka luka akibat brutalitas polisi. Luka rakyat akan kian dalam bila Polisi justru memperkarakan mahasiswa dan tokoh kalangan sipil. Lebih baik polisi fokus memburu siapa dalang penjarahan.""""",positive,bila data benar 9 korban tewas mahasiswa rakyat belum hitung korban kamuka kamuka akibat brutalitas polisi kamuka rakyat kian bila polisi justru perkara mahasiswa tokoh kalang sipil lebih bagus polisi fokus buru siapa dalang penjarahan
"""""Geng sia nu korup kumaha ngentot kalakuana emang? Tidak membenarkan penjarahan itu benar""""",negative,geng sia nu korup maha ngentot kalakuana emang tidak benar penjarahan benar
"""""@ajiclarkkent @BosPurwa Gak cuman anak wabah Akun2 yg terafiliasi dgn TERMUL sami mawon Disini akun X &amp"";"" IG ada Akun2 yg ngaku2 SJW terafiliasi dgn anak wabah aktif mendoxing alamat2 Eko Sri UK sebelum kejadian. Bahkan akun yg dulu Buzzer JKW spt @Ary_PrasKe2 ini juga doxing alamat Eko sblm penjarahan.""""",neutral,tidak cuman anak wabah akun afiliasi termul sami mawon sini akun x amp ig akun ngaku sjw afiliasi anak wabah aktif mendoxing alamat eko sri uk jadi bahkan akun dulu buzzer jkw doxing alamat eko sblm penjarahan
"""""VIDEO: Dua Pemuda Mullet Jadi Tersangka Terbukti Ikut Penjarahan Usai Kembalikan ke Rumah Sri Mulyani https://t.co/Ap3F1G8Iqo""""",neutral,video pemuda mullet jadi sangka bukti ikut penjarahan usai kembali rumah sri mulyani
"""""@TirtoID Aku rasa pelajaran etika wes cukup untuk beliau-beliau ini apalagi yg menimpa dg penjarahan yg tidak beretika dari kalangan yg mengatasnamakan rakyat itu. Kita seolah lebih ganas dan barbar pada yg bukan pelaku korupsi tapi kita tidak keras pada mereka yg korup!""""",negative,aku rasa ajar etika cukup beliau beliau timpa penjarahan tidak etika kalang mengatasnamakan rakyat lebih ganas barbar bukan laku korupsi tidak keras korup
"""""Anda menentukan kenaikan pajak ditengah masyarakat sudah sulit mencari makan apakah itu sangat bermoral? tanpa niat menormalisasi aksi penjarahan anda harusnya sadar bahwa kemarahan rakyat adalah sebuah reaksi dari kebijakan2 yang kalian paksakan selama ini """"",negative,tentu naik pajak tengah masyarakat sulit cari makan sangat moral niat normalisasi aksi penjarahan harus sadar marah rakyat buah reaksi bijak kalian paksa lama
"""""MUI: Penjarahan Langgar Hukum dan Agama Barang Harus Dikembalikan https://t.co/la4rzufrI8 https://t.co/qheaZi3wJ3""""",positive,mui penjarahan langgar hukum agama barang kembali
"""""@xfuera37 @gungzaidan @GoodRecom Haha dengan harta Rp328 9 miliar yang dilaporkan kerugian dari penjarahan rumahnya di Tanjung Priok (30 Agustus) mungkin nggak terlalu ngaruh secara finansial. Tapi barang berharga ilang dan rumah rusak tetep bikin ribet. Dia udah lapor ke polisi kasusnya ditangani Polda Metro""""",neutral,haha harta rp 9 miliar lapor rugi penjarahan rumah tanjung priok 30 agustus mungkin tidak terlalu ngaruh finansial barang harga ilang rumah rusak tetep bikin ribet lapor polisi kasus tangan polda metro
"""""@grok @gungzaidan @GoodRecom Berarti penjarahan dirumahnya itu ngga ngaruh2 amat ya Grok wkwk""""",negative,arti penjarahan rumah ngga ngaruh grok haha
"""""10 Orang Resmi Jadi Tersangka Penjarahan Rumah Uya Kuya! https://t.co/S3AGdvsT9Q""""",neutral,10 orang resmi jadi sangka penjarahan rumah uya kuya
"""""@CarolineSarah5 @BosPurwa Anak abah waktu penjarahan dirumah seleb dan menkeu komentarnya semangat 45 dimedsos termasuk admin akun akun ig kel.mreka sp bengong kita barbar sekali pdhl diislam support penjarahan harta orang dilarang """"",negative,anak abah waktu penjarahan rumah seleb menkeu komentar semangat 45 dimedsos masuk admin akun akun ig kel mreka sp bengong barbar sekali pdhl islam support penjarahan harta orang larang
"""""Apapun Alasan Penjarahan Termasuk Pencurian/Mengambil Hak Orang lain Secara Paksa Dan Itu Jelas Melanggar Hukum.. *Makanya Disini Bung Hotman Mengecualikan Penjarahan.. *‍‍""""",positive,apa alas penjarahan masuk curi ambil hak orang paksa jelas langgar hukum makanya sini bung hotman kecuali penjarahan
"""""Polres Blitar laksanakan Konferensi Pers tentang Aksi Pengrusakan dan Penjarahan di Gedung DPRD Kab. Blitar Kamu Bisa Lari tapi Kamu Tidak Bisa Bersembunyi. ~ call center 110 bebas pulsa atau bisa ~ 0812 2913 2005 ~ @arif_fazlurrahman #polresblitarmenujuWBK https://t.co/4JlCBav8OM""""",neutral,polres blitar laksana konferensi pers aksi rusa penjarahan gedung dprd kab blitar kamu lari kamu tidak sembunyi call center 110 bebas pulsa 0812 2913 2005
"""""P3mbakar4n Cagar Budaya Gubernur Khofifah: Kalau Orang Jatim Enggak akan Tega Mantan Menteri Sosial ini sangat menyayangkan aksi demo yang diprovokasi hingga anarkis dan melakukan pembakaran dan penjarahan cagar budaya. Khofifah menegaskan berunjuk rasa boleh dilakukan karena https://t.co/omtL8e65Kx""""",positive,p3mbakar4n cagar budaya gubernur khofifah kalau orang jatim enggak tega mantan menteri sosial sangat sayang aksi demo provokasi hingga anarkis laku pembakaran penjarahan cagar budaya khofifah tegas unjuk rasa laku
"""""Uya Kuya Baru Berani Lihat Penjarahan Rumah Secara Utuh https://t.co/HFHIXtdIWp""""",neutral,uya kuya baru berani lihat penjarahan rumah utuh
"""""@txtdrimedia Adil dan beradab sudah lama hilang sejak sebelum ada demo &amp"";"" penjarahan Bu. Sejak Ibu naikin pajak. Sejak Ibu bilang tantangan bagi keuangan negara saat bicara tentang gaji guru/dosen. Sejak Ibu acc kenaikan tunjangan DPR. Telat banget kalo baru sadar sekarang. """"",negative,adil adab lama hilang sejak demo amp penjarahan bu sejak ibu naikin pajak sejak ibu bilang tantang uang negara bicara gaji guru dosen sejak ibu acc naik tunjang dpr telat banget kalo baru sadar sekarang
"""""MENYINGKAP DALANG AKSI PENJARAHAN THE PRIME SHOW BERSAMA : ANISHA DASUKI Narasumber: - ⁠Devie Rahmawati - ⁠Khairul Fahmi Rabu 3 September 20.00 WIB Hanya di Inews #inews #MNCGROUP #inewsmediagroup #ThePrimeShow #IsuTerkini #beritaterkini https://t.co/C5VcHOqu34""""",neutral,singkap dalang aksi penjarahan the prime show sama anisha dasuki narasumber devie rahmawati khairul fahmi rabu 3 september 20 00 wib inews
"""""@txtdrimedia Ya penjarahan itu tidak baik melanggar hukum. Tapi lu memanfaatkan kekuasaan dan undang2 untuk naikin pajak seenak udel itu disebut apa nyet @kemenkeu ??? Perikebinatangan???""""",negative,penjarahan tidak bagus langgar hukum kamu manfaat kuasa undang naikin pajak enak udel sebut apa nyet perikebinatangan
"""""@cakra_buana18 @DS_yantie Ya kejadian penjarahan rumah Nafa Urbach di Bintaro Tangsel benar terjadi pada 31 Agustus 2025 dini hari oleh massa. Barang yg dijarah: TV pakaian berharga bantal guling &amp""; pakaian dalam. Detail jenis &amp;"" warna pakaian dalam tdk disebutkan di laporan berita. Sumber: Okezone """"",neutral,jadi penjarahan rumah nafa urbach bintaro tangsel benar jadi 31 agustus 2025 dini hari massa barang penjarahan tv pakai harga bantal guling amp pakai detail jenis amp warna pakai tidak sebut lapor berita sumber okezone
"""""Anggota Komisi III DPR @BennyKHarman kritik penangkapan DirEk Lokataru Foundation Delpedro Marhaen. Polri salah prioritas! Fokus usut penjarahan bukan aktivis. Ajakan demo bukan hasutan selama tidak dorong kekerasan. #Polri #DelpedroMarhaen #Lokataru https://t.co/u0dtlIohOz""""",negative,anggota komisi ii dpr kritik tangkap direk lokataru foundation delpedro marhaen polri salah prioritas fokus usut penjarahan bukan aktivis aja demo bukan hasut lama tidak dorong keras
"""""@Jayabay19479190 setuju bagaimanapun juga penjarahan tidak bisa dibenarkan""""",positive,tuju penjarahan tidak benar
"""""Anggota DPR sibuk dengan urusan pribadinya. Cina begitu jahat pada Indonesia tapi 2 artis ini sibuk belanja di cina ketika terjadi demo di Jakarta dan penjarahan di rumah mereka. Pun komentarnya tolol begitu #PrabowoDikudetaRakyatRevolusi #PrabowoDikudetaRakyatRevolusi https://t.co/Twp3d8vptY""""",negative,anggota dpr sibuk urus pribadi cina jahat indonesia 2 artis sibuk belanja cina jadi demo jakarta penjarahan rumah komentar tolol
"""""@TirtoID Penjarah kekayaan hasil bumi yg berpesta pora ikut prihatin tdk bu? Kita mnrt hitungan menkeu byk mana hasil jarahannya? Walaupun tdk membenarkan penjarahan oleh sebagian orang kmrn.""""",negative,jarah kaya hasil bumi pesta pora ikut prihatin tidak bu mnrt hitung menkeu byk mana hasil jarah walaupun tidak benar penjarahan bagi orang kmrn
""""" Baru malam ini saya berani liat video-video penjarahan rumah saya di media sosial tulis Uya Kuya. https://t.co/41sMFKvFFw""""",neutral,baru malam berani liat video video penjarahan rumah media sosial tulis uya kuya
"""""@TirtoID Ah...penjarahan embel² pajak https://t.co/kBauD2Pn5G""""",negative,ah penjarahan embel pajak
"""""Thailand bubarkan parlemen usai krisis politik sementara Indonesia diguncang demo besar terhadap DPR hingga penjarahan rumah legislator. https://t.co/rqGpxVuThp""""",neutral,thailand bubar parlemen usai krisis politik indonesia guncang demo besar dpr hingga penjarahan rumah legislator
"""""@KompasTV Seorang Srimulyani saja baru sadar tidak ada rasa aman dan kepastian hukum setelah merasakan penjarahan menimpa dirinya. Pantesan kalau para pejabat negara lainnya tdk punya empati atas penderitaan rakyat yg sehari-harinya dihadapkan pada ketidakpastian hukum"";""",negative,orang srimulyani baru sadar tidak rasa aman pasti hukum rasa penjarahan timpa diri pantesan kalau jabat negara lain tidak punya empati atas derita rakyat hari hari hadap ketidakpastian hukum
"""""Hati hati penyusup https://t.co/kd74IwAcHJ Target penjarahan terahir di rmh Presiden Prabowo @prabowo ? Lihat video Monitor Yth Bpk Presiden @prabowo @Gerindra""""",neutral,hati hati susup target penjarahan terahir rmh presiden prabowo lihat video monitor yth bpk presiden
"""""@TirtoID Lah mereka juga kan berjoget menari riang gembira cha..cha..cha disaat masih banyak masalah rakyat terutama pajak yg semakin mencekik kan!. PS: saya juga tidak bersepakat dgn penjarahan. Namun sekarang siapa yang memantik api lebih dulu https://t.co/BxMGBqc0x9""""",negative,lah kan joget tari riang gembira cha cha cha saat banyak masalah rakyat utama pajak makin cekik kan ps tidak sepakat penjarahan sekarang siapa mantik api lebih dulu
"""""tidak membenarkan penjarahan tapi komentarnya kok ya tidak peka ya ..""""",negative,tidak benar penjarahan komentar kok tidak peka
"""""Uya Kuya baru berani melihat video penjarahan rumahnya. Ia ikhlas hadapi cobaan dan fokus pada kucing peliharaannya yang hilang. https://t.co/VXc58AUaEm""""",neutral,uya kuya baru berani lihat video penjarahan rumah ikhlas hadap coba fokus kucing pelihara hilang
"""""Tidak membenarkan penjarahan tp sulit untuk bersimpati dengan curhatan ybs (2) CuZ the mental damage her institution done to my family is irreversible """"",negative,tidak benar penjarahan sulit simpat curhatan ybs 2 cuz the mental damage her institution done to my family is irreversible
"""""Thailand bubarkan parlemen usai krisis politik sementara Indonesia diguncang demo besar terhadap DPR hingga penjarahan rumah legislator. https://t.co/qn10qCHOnG""""",neutral,thailand bubar parlemen usai krisis politik indonesia guncang demo besar dpr hingga penjarahan rumah legislator
"""""I just published Breaking News: Polisi Tetapkan 10 Tersangka terkait Penjarahan Rumah Uya Kuya https://t.co/nmPv4DuStw""""",neutral,i just published breaking news polisi tetap 10 sangka kait penjarahan rumah uya kuya
"""""@TirtoID Miskin tidak sama dengan kriminal yang melakukan penjarahan. Masih banyak orang miskin yang tetap santun menjaga harga diri dan keluarga walau sering diperlakukan tidak adil""""",positive,miskin tidak sama kriminalitas laku penjarahan banyak orang miskin tetap santun jaga harga diri keluarga sering laku tidak adil
"""""Wagub Taj Yasin: Teladani Maulid Masalah Hadapi dengan Cinta Bukan Kekerasan dan Penjarahan https://t.co/fQDRbwcxmq""""",positive,wagub taj yasin teladan maulid masalah hadap cinta bukan keras penjarahan
"""""Wagub Taj Yasin: Teladani Maulid Masalah Hadapi dengan Cinta Bukan Kekerasan dan Penjarahan https://t.co/W9FHkJojEj""""",positive,wagub taj yasin teladan maulid masalah hadap cinta bukan keras penjarahan
"""""@NephilaXmus Penjarahan sekecil apapun memang hrs diprose hukum krn tindakan Pidana Polisi begitu gercep menangani penjarahan skala kecil tapi Polisi KPK Kejaksaan bajingan2 penjarah klas MMan bahkan TTan Rp slow banyak cingcong msh pendalaman msh dicekal msh kumpulkan bukti2 MBELGEDESLAH""""",negative,penjarahan kecil apa memang hrs diprose hukum tindak kriminalitas polisi gercep tangan penjarahan skala kecil polisi kpk jaksa bajing jarah klas mman bahkan ttan rp slow banyak cingcong dalam cekal kumpul bukti mbelgedeslah
"""""Ahmad Sahroni Laporkan Perusakan dan Penjarahan Rumahnya ke Polisi Selengkapnya &gt"";&gt;&gt;"" https://t.co/sYXKdAoBre https://t.co/YYOtVRdWbW""""",neutral,ahmad sahroni lapor perusakan penjarahan rumah polisi lengkap gt gt gt
"""""Ahmad Sahroni Laporkan Perusakan dan Penjarahan Rumahnya ke Polisi Selengkapnya &gt"";&gt;&gt;"" https://t.co/ogqk01ZrmW https://t.co/P5RaJGZpsS""""",neutral,ahmad sahroni lapor perusakan penjarahan rumah polisi lengkap gt gt gt
"""""Ahmad Sahroni Laporkan Perusakan dan Penjarahan Rumahnya ke Polisi Selengkapnya &gt"";&gt;&gt;"" https://t.co/hca6v5EkUD https://t.co/gi1DJMqIWO""""",neutral,ahmad sahroni lapor perusakan penjarahan rumah polisi lengkap gt gt gt
"""""Uya Kuya baru berani melihat video penjarahan rumahnya. Ia ikhlas hadapi cobaan dan fokus pada kucing peliharaannya yang hilang. https://t.co/pKyNR22wuw""""",neutral,uya kuya baru berani lihat video penjarahan rumah ikhlas hadap coba fokus kucing pelihara hilang
"""""@ARSIPAJA Korban UU perampasan asset selanjutnya yg dijalankan KPK (Koalisi Penjarahan Koruptor)""""",negative,korban uu perampasan asset lanjut jalan kpk koalisi penjarahan koruptor
"""""Aku sih dukung aku aja malah gak ikutan demo DPR sampai ada aksi penjarahan baru berusaha menjaga penjarahan biar tidak meluas boro-boro ikutan ajakin demo atau main taggar. Ngawur itu yang kasih data sampai kena pidana fitnah si Ferry. Laporin dah gas gak pake Lama.""""",positive,aku sih dukung aku malah tidak ikut demo dpr aksi penjarahan baru usaha jaga penjarahan biar tidak luas boro boro ikut ajakin demo main taggar ngawur kasih data kena kriminalitas fitnah si ferry laporin dah gas tidak pake lama
"""""Jam tangan Richard Mille milik Ahmad Sahroni dikembalikan oleh orang tua pelaku penjarahan di Kebon Bawang Jakarta Utara disaksikan RT/RW setempat. #ahmadsahroni #richardmille #beritaviral https://t.co/rzjJ8XbcSA""""",neutral,jam tangan richard mille milik ahmad sahroni kembali orang tua laku penjarahan kebon bawang jakarta utara saksi rt rw tempat
"""""Setelah Lewat 3 Hari Uya Kuya Akhirnya Berani Tonton Video Penjarahan Rumahnya https://t.co/aRo8dZjO6k lewat @tribunnews""""",neutral,lewat 3 hari uya kuya akhir berani tonton video penjarahan rumah lewat
"""""Penjarahan pembakaran adalah kriminal. Namun apakah ibu juga prihatin ketika sebagian pejabat mencuri uang negara (yg dari rakyat tanpa malu?). Penjarah koruptor adalah MALING yang beda level.""""",negative,penjarahan pembakaran kriminalitas ibu prihatin bagi jabat curi uang negara rakyat malu jarah koruptor maling beda level
"""""kenapa fokusnya ke penjarahan aksi rusuh aksi ditunggangi dll? kenapa bukan fokus ke penyebab aksi itu terjadi kayanya gabutuh mikir yg gimana2 bgt dah buat fokus kesitu.""""",negative,fokus penjarahan aksi rusuh aksi tunggang bukan fokus sebab aksi jadi kaya gabutuh mikir gimana banget dah fokus kesitu
"""""Isu penjarahan rumah orang tua anggota DPR sekaligus artis Eko Patrio yang beredar di media sosial membuat aparat gabungan dari Polri dan TNI bersama warga setempat langsung melakukan penjagaan ketat Selasa (2/9/2025). https://t.co/MG8HxgTQEb""""",neutral,isu penjarahan rumah orang tua anggota dpr sekaligus artis eko patrio edar media sosial buat aparat gabung polri tni sama warga tempat langsung laku jaga ketat selasa 2 9 2025
"""""Penjarahan dan perusakan fasilitas umum tentu bukan tujuan awal para pendemo. Ramainya provokasi dan hasutan membuat demo melenceng jauh. Kini saatnya memperbaiki apa yg sdh mereka hancurkan. Seskab Teddy bersama Menteri PU mengemban tugas tsb. Yg panas diademkan dulu. https://t.co/HbeQ0E74DW""""",positive,penjarahan perusakan fasilitas umum bukan tuju awal demo ramai provokasi hasut buat demo lenceng jauh kini saat baik apa hancur seskab teddy sama menteri pu emban tugas tsb panas diadem dulu
"""""@CindyBexter @jokowi Sjk 2014 pelaku korupsi berbondong bondong apa Bu Sri gk prihatin penjarahan yg bringas kmrn menunjukkan kondisi kemiskinan rakyat..""""",negative,sjk 2014 laku korupsi bondong bondong apa bu sri tidak prihatin penjarahan bringas kmrn tunjuk kondisi miskin rakyat
"""""Namun perlu digaris bawahi itu tidak akan terjadi manakala negara-pemerintah tidak menghendaki penjarahan dan pengrusakan itu. #tambangharustumbang #panganbukantambang #selamatkanmalukuutara""""",negative,perlu gar bawah tidak jadi manakala negara perintah tidak hendak penjarahan rusa
"""""Astrid Kuya anggota DPRD DKI sekaligus istri Uya Kuya menyatakan sudah ikhlas atas penjarahan rumahnya oleh massa. Baca fakta selengkapnya di sini https://t.co/ea6mJPNiYD #astridkuya #UyaKuya HEADLINE NEWS Ojol #29SplashesOfJOY Prabowo BBC ANTEK ASING Riza Chalid Vidi""""",neutral,astrid kuya anggota dprd dki sekaligus istri uya kuya nyata ikhlas atas penjarahan rumah massa baca fakta lengkap sini headline news ojol prabowo bbc antek asing riza chalid vidi
"""""@TirtoID Tak berbeda dengan penjarahan laut tanah dn kekayaan alam lainnya yg dilindungi undang2. Dimana moral dan akan sehat para pembuat kebijakan""""",positive,tak beda penjarahan laut tanah dn kaya alam lain lindung undang moral sehat buat bijak
"""""@TirtoID iya betul penjarahan yg kemaren itu berlebihan tapi coba analisis penyebab kenapa rakyat sampe kayak gitu bu trus selain statement blunder dan joget yg kurang elok tunjangan DPR sebegitu tinggi dengan hasil kinerja yg gak jelas gitu apa pantas?""""",negative,iya betul penjarahan kemaren lebih coba analisis sebab rakyat sampe kayak gitu bu trus statement blunder joget kurang elok tunjang dpr begitu tinggi hasil kerja tidak jelas gitu apa pantas
"""""Setuju sama perasaannya apalagi kalau penjarahan uang rakyat oleh pejabat terus joged-joged di gedung DPR.""""",negative,tuju sama asa kalau penjarahan uang rakyat jabat terus joged joged gedung dpr
"""""@txtdrpemerintah Halah penjarahan ala-ala. Kan udah dibalikin lagi barang jarahannya ke rumah ente buuuu""""",neutral,halah penjarahan ala ala kan dibalikin barang jarah rumah ente buu
"""""Penjarahan Cederai Demo 29 Agustus 2025 Aksi Anarkis Tenggelamkan Suara Rakyat https://t.co/MPN63dv0gB""""",positive,penjarahan cedera demo 29 agustus 2025 aksi anarkis tenggelam suara rakyat
"""""Astrid Khairunisha atau Astrid Kuya mengaku ikhlas saat rumahnya dijarah massa beberapa waktu lalu disertai harapan agar kejadian seperti itu tak terjadi lagi kepada siapa pun juga aneka barang yang telah dibawa bermanfaat bagi mereka. Kalau untuk masalah penjarahan saya https://t.co/dEywf1S71D""""",positive,astrid khairunisha astrid kuya aku ikhlas rumah penjarahan massa beberapa waktu lalu serta harap jadi tak jadi siapa aneka barang bawa manfaat kalau masalah penjarahan
""""" Baru malam ini saya berani liat video-video penjarahan rumah saya di media sosial tulis Uya Baca selengkapnya https://t.co/TPS4YW6ksF ~AM #UyaKuya #PenjarahanRumah https://t.co/azbsjgQdhj""""",neutral,baru malam berani liat video video penjarahan rumah media sosial tulis uya baca lengkap am
"""""Polisi Tetapkan 10 Tersangka Kasus Penjarahan Rumah Uya Kuya https://t.co/S1IOHLXfvP""""",neutral,polisi tetap 10 sangka kasus penjarahan rumah uya kuya
"""""@antmanGL @KangManto123 Rumah sahroni keknya nggak sampai hancur berantakan cuma ada penjarahan""""",neutral,rumah sahroni kek tidak hancur beranta cuma penjarahan
"""""Live TikTok Tren Saat Demo dan Penjarahan Ini Daftar Gift dan Nilainya https://t.co/6RR4i28rzp""""",neutral,live tiktok tren demo penjarahan daftar gift nilai
"""""@dlayyyyyyyy Tapi beneran deh demo kali ini suasananya adem gitu gak serem2. Kasus penjarahan juga dikit dan pada gak kepancing buat benci2an chindo. Lumayan keren juga bisa solid gitu. Moga sukses dan berkah buat semua yg sudah/akan turun ke jalan dan moga2 negara mau sekali2 melek mata.""""",positive,beneran deh demo kali suasana adem gitu tidak rem kasus penjarahan dikit tidak pancing benci2an chindo kamumayan bagus solid gitu moga sukses berkah semua turun jalan moga negara mau sekali melek mata
"""""Mafindo Duga Video Hoaks Deepfake Sri Mulyani Guru Beban Negara Picu Penjarahan https://t.co/0nC9XObalg""""",neutral,mafindo duga video hoaks deepfake sri mulyani guru beban negara picu penjarahan
"""""Lukisan Kesayangan Hilang Sri Mulyani Sesalkan Aksi Penjarahan Brutal https://t.co/LH7owSFeVP""""",neutral,kamukisan sayang hilang sri mulyani sesal aksi penjarahan brutal
"""""@susno2g Negeri konoha dikuasai dan diurus gerombolan besar maling yang bersatu bahu membahu menggarong duit rakyatnya dengan mengerahkan segala sumber daya termasuk aparat hukum untuk membungkam pihak yang dianggap mengganggu proses penjarahan uang rakyat""""",negative,negeri konoha asai urus gerombol besar maling satu bahu bahu garong duit rakyat kerah segala sumber daya masuk aparat hukum bungkam pihak anggap ganggu proses penjarahan uang rakyat
"""""Saya tidak setuju dengan penjarahan. Period. Pejarahan adalah kriminalitas! Akan tetapi...sebaiknya ibu Sri Mulyani juga berintrospeksi apakah kebijakan ibu sudah memenuhi rasa perikemanusiaan yang adil dan beradab? Saya rasa tidak sama sekali. Ibu selalu menekan ke rakyat kelas""""",positive,tidak tuju penjarahan period jarah kriminalitas tetapi baik ibu sri mulyani introspeksi bijak ibu penuh rasa perikemanusiaan adil adab rasa tidak sama sekali ibu selalu tekan rakyat kelas
"""""Fakta Baru Penjarahan Rumah Uya Kuya Motif Pelaku Terungkap! https://t.co/rPYrUvIk3O""""",neutral,fakta baru penjarahan rumah uya kuya motif laku ungkap
"""""Aku gak benerin penjarahan yg dialami ya kalau bisa kemarin gak perlu karena bakal ada masalah baru. Tp kl dr kejadian itu terus Ibu bilang perikemanusiaan yg adil dan beradab telah lenyap apa kabar pemerintah polisi kemarin yg sudah lakukan ke warga Indonesia?""""",negative,aku tidak benerin penjarahan alami kalau kemarin tidak perlu bakal masalah baru kalau jadi terus ibu bilang perikemanusiaan adil adab lenyap apa kabar perintah polisi kemarin laku warga indonesia
"""""#SherinaMunaf #UyaKuya #Kucing #RumahUyaKuya Sherina juga mengungkap bahwa beberapa kucing sempat diminta tebusan oleh pihak tak bertanggung jawab. Ia menegaskan bahwa semua pelaku yang memperjualbelikan kucing-kucing tersebut sedang dalam pantauan. https://t.co/0I1jeB7Tbg""""",neutral,sherina ungkap beberapa kucing sempat minta tebus pihak tak tanggung jawab tegas semua laku memperjualbelikan kucing kucing sebut sedang pantau
"""""@detikcom Saya tidak setuju dengan penjarahan. Period. Pejarahan adalah kriminalitas! Akan tetapi...sebaiknya ibu Sri Mulyani juga berintrospeksi apakah kebijakan ibu sudah memenuhi rasa perikemanusiaan yang adil dan beradab? Saya rasa tidak sama sekali. Ibu selalu menekan ke rakyat kelas""""",positive,tidak tuju penjarahan period jarah kriminalitas tetapi baik ibu sri mulyani introspeksi bijak ibu penuh rasa perikemanusiaan adil adab rasa tidak sama sekali ibu selalu tekan rakyat kelas
"""""Isu itu mencuat setelah aksi penjarahan rumah Sahroni di kawasan Kebon Bawang Tanjung Priok Jakarta Utara pada Sabtu (30/8/2025). Sejumlah akun di media sosial kemudian menyebarkan narasi bahwa 'black mamba' ditemukan dari lokasi tersebut. https://t.co/yVOJJS5CXv""""",neutral,isu cuat aksi penjarahan rumah sahroni kawasan kebon bawang tanjung priok jakarta utara sabtu 30 8 2025 jumlah akun media sosial kemudian sebar narasi black mamba temu lokasi sebut
"""""Menteri Keuangan Sri Mulyani buka suara soal penjarahan rumahnya. Bukan cuma harta benda tapi rasa aman &amp"";"" keadilan juga ikut raib. Lukisan bunga karyanya pun lenyap digondol massa. Baca selengkapnya: https://t.co/Jv7EFQUfRY #SriMulyani #Penjarahan""""",neutral,menteri uang sri mulyani buka suara soal penjarahan rumah bukan cuma harta benda rasa aman amp adil ikut raib kamukisan bunga karya lenyap gondol massa baca lengkap
"""""Gw ga mmbenarkan tindakan penjarahan. Tpi mungkin ini adalah waktu lu. Gpplah bu ikhlasin aja. Orang lu juga dari 2010 di era pak SBY pesta sampe sebelum rumah lu di jarah. Semua orang pasti ada masanya. Enjoy bu!""""",negative,ga mmbenarkan tindak penjarahan tapi mungkin waktu kamu gpplah bu ikhlasin orang kamu 2010 era pak sby pesta sampe rumah kamu jarah semua orang masa enjoy bu
"""""kalo penjarahan hutan adat gaada yang jadi tersangka ya""""",negative,kalo penjarahan hutan adat gaada jadi sangka
""""" Yang lebih penting diusut Polri ialah tindak pidana penjarahan bukan malah mengusut dan menahan Delpedro. Negara gagal hadir! kata Anggota Komisi III DPR RI Benny K Harman. Baca di sini: https://t.co/9JPkX95lPW / #DPR #Polisi #Polri https://t.co/8qbTf7iMVv""""",negative,lebih penting usut polri ialah kriminalitas penjarahan bukan malah usut tahan delpedro negara gagal hadir kata anggota komisi ii dpr ri benny k harman baca sini
"""""Reaksi Uya Kuya Lihat Video Penjarahan Rumahnya https://t.co/ShZXMsKSkM""""",neutral,reaksi uya kuya lihat video penjarahan rumah
"""""Demo 25-30 Agustus kemarin sempat memanas. Keresahan publik soal kinerja DPR memicu amarah hingga anarkisme dan penjarahan rumah DPR. Di balik peristiwa itu ada isu besar yang tak pernah hilang: korupsi. Mengapa korupsi terus-menerus menjadi masalah krusial di negeri ini """"",neutral,demo 25 30 agustus kemarin sempat panas resah publik soal kerja dpr picu amarah hingga anarkisme penjarahan rumah dpr balik peristiwa isu besar tak pernah hilang korupsi korupsi terus terus jadi masalah krusial negeri
"""""Sejumlah warga yang sebelumnya melakukan penjarahan di Kediri pada Sabtu (30/8) lalu mulai mengembalikan barang-barang hasil jarahan ke Polres Kediri Kota. Barang yang dikembalikan beragam mulai dari pagar kursi sound system hingga tiang jalan. Polisi menegaskan warga yang https://t.co/48ywzAOEKh""""",positive,jumlah warga belum laku penjarahan diri sabtu 30 8 lalu mulai kembali barang barang hasil jarah polres diri kota barang kembali agam mulai pagar kursi sound system hingga tiang jalan polisi tegas warga
"""""Saya tidak mendukung penjarahan dll buk entah dari provokator atau tidak. Tapi yang jelas ibu kalau mukul orang duluan yaa jangan marah kalo dipukul balik""""",negative,tidak dukung penjarahan buk entah provokator tidak jelas ibu kalau mukul orang duluan yaa jangan marah kalo pukul balik
"""""DPR : Aksi Penjarahan Rumah Adalah Tindak Pidana Wakil Ketua Komisi I DPR RI Dave Laksono #golkarindonesia #golkarpedia #golkarsolid #bahlillahadalia #davelaksono https://t.co/6sKolB6dDf""""",neutral,dpr aksi penjarahan rumah kriminalitas wakil ketua komisi i dpr ri dave laksono
"""""Anggota Komisi III DPR Benny Kabur Harman merespons penangkapan Direktur Eksekutif Lokataru Foundation Delpedro Marhaen yang dilakukan Polri. Menurut... https://t.co/8T0gEgflax""""",neutral,anggota komisi ii dpr benny kabur harman respons tangkap direktur eksekutif lokataru foundation delpedro marhaen laku polri
"""""UPDATE. Total nilai kerugian materi akibat aksi pembakaran &amp"";"" penjarahan Gedung DPRD Kabupaten Blitar ditaksir mencapai Rp10 miliar. AKBP Arif Fazlurrahman Kapolres Blitar mengatakan kerugian materi ini terdiri atas kerusakan bangunan serta hilangnya sejumlah barang di Kantor https://t.co/CeJd818yhZ""""",neutral,update total nilai rugi materi akibat aksi pembakaran amp penjarahan gedung dprd kabupaten blitar taksir capai rp miliar akbp arif fazlurrahman kapolres blitar kata rugi materi diri atas rusa bangun hilang jumlah barang kantor
"""""@BudiBukanIntel saya menyayangkan tindakan penjarahan ini.. akh""""",negative,sayang tindak penjarahan akh
"""""@PeripatetikTrix @KompasTV Berdasarkan laporan dari berbagai sumber seperti Reuters dan Wikipedia penjarahan rumah Sri Mulyani pada 31 Agustus 2025 terkait protes nasional atas tunjangan DPR dan kebijakan ekonomi. Ada video deep fake yang memicu kemarahan tapi tak ada bukti kuat indikasi false flag. Ini""""",neutral,dasar lapor bagai sumber reuters wikipedia penjarahan rumah sri mulyani 31 agustus 2025 kait protes nasional atas tunjang dpr bijak ekonomi video deep fake picu marah tak bukti kuat indikasi false flag
"""""Rapat DPRD Astrid Kuya Cerita Banyak Anak Sekolah Ikutan Penjarahan Rumahnya https://t.co/7qsujAA1Au""""",neutral,rapat dprd astrid kuya cerita banyak anak sekolah ikut penjarahan rumah
"""""@txtdrimedia Rakyat mengamati yang melakukan penjarahan bukan warga biasa sepertinya para pelaku dari kelompok ....... mudah2an pihak berwajib dapat segera menangkap dalangnya""""",positive,rakyat amat laku penjarahan bukan warga biasa seperti laku kelompok mudah2an pihak wajib segera tangkap dalang
"""""@f_fathur Berdasarkan analisis dari sumber beragam seperti VOI Reuters CNN Wikipedia dan The Jakarta Post (diakses 3 Sep 2025): Klaim keterkaitan Riza Chalid &amp""; Geng Solo dengan kerusuhan Agustus 2025 (termasuk penjarahan rumah Sri Mulyani) muncul di media &amp;"" medsos diduga sebagai""""",neutral,dasar analisis sumber agam voi reuters cnn wikipedia the jakarta post akses 3 sep 2025 klaim kait riza chalid amp geng solo kerusuhan agustus 2025 masuk penjarahan rumah sri mulyani muncul media amp medsos duga
"""""@nazaqistsha Apapun alasannya penyerahan melanggar hukum. Penjarahan yg dilakukan rakyat sesekali karena ada kekecewaan terhadap aparat yg keparat. Penjarahan aparat dilakukan setiap waktu dan setiap saat tanpa peduli yg dijarah itu uang palakan dari rakyat dengan dalih pajak""""",negative,apa alas serah langgar hukum penjarahan laku rakyat sekal kecewa aparat keparat penjarahan aparat laku waktu peduli penjarahan uang pala rakyat dalih pajak
"""""Bukannya Kompas bilang penjarahan ya janggal https://t.co/6EZss2yhPa""""",neutral,bukan kompas bilang penjarahan janggal
"""""@21_mozza Barang hasil jarahan itu tidak berkah... karena banyak yg sudah membuktikan paman saya pernah ikut penjarahan sebuah KUD yg di Bakar masa. Dan kini paman saya itu hidupnya bangkrut tanah Dan rumahnya di lelang. Tunggu saja dan lihat gimana nasib mereka nanti""""",positive,barang hasil jarah tidak berkah banyak bukti paman pernah ikut penjarahan buah kud bakar masa kini paman hidup bangkrut tanah rumah lelang tunggu lihat gimana nasib
"""""@PeripatetikTrix @KompasTV Kebenaran kejadian penjarahan rumah Sri Mulyani pada 31 Agustus 2025 memang menimbulkan pertanyaan tentang keamanan pejabat tinggi. Menurut laporan itu dilakukan oleh massa dan ekonom menyarankan perlindungan setara wakil presiden. Saya pikir ini lebih ke isu keamanan daripada""""",neutral,benar jadi penjarahan rumah sri mulyani 31 agustus 2025 memang timbul tanya aman jabat tinggi lapor laku massa ekonom saran lindung tara wakil presiden pikir lebih isu aman
"""""@f_fathur Berdasarkan analisis data dari sumber seperti CNBC BeritaSatu Katadata dan Viva (diakses 3 Sep 2025): Kerusuhan &amp"";"" penjarahan di rumah Menkeu Sri Mulyani terjadi 31 Agt 2025 di Bintaro di tengah demo yang sebabkan korban jiwa termasuk pencurian lukisan pribadi. Sentimen""""",neutral,dasar analisis data sumber cnbc beritasatu katadata viva akses 3 sep 2025 kerusuhan amp penjarahan rumah menkeu sri mulyani jadi 31 agt 2025 bintaro tengah demo sebab korban jiwa masuk curi kamukisan pribadi sentimen
"""""Setelah Rumah Sahroni Penjarahan Meluas ke Rumah Eko Patrio dan Uya Kuya Nafa Urbach Nyusul Meminta Maaf https://t.co/Emj8hixPZv""""",neutral,rumah sahroni penjarahan luas rumah eko patrio uya kuya nafa urbach nyusul minta maaf
"""""Duh... Rumah Zack Lee jadi sasaran penjarahan karena dikira rumah Nafa Urbach! Begini respon Zack Lee soal rumahnya yang dijarah!⁣ &gt"";&gt;"" https://t.co/aVDauIoQyU #detikHot #ZackLee https://t.co/jqC6ytmVff""""",neutral,duh rumah zack lee jadi sasar penjarahan kira rumah nafa urbach begini respon zack lee soal rumah penjarahan gt gt
"""""@KompasTV Klo presidennya ANIES BASWEDAN gak akan terjadi bakar bakaran segala fasilitas umum+penjarahan karena sudah direspon cepat sebelumnya semua keluh kesah rakyat nya""""",negative,kalau presiden anies baswedan tidak jadi bakar bakar segala fasilitas umum penjarahan direspon cepat belum semua keluh kesah rakyat nya
"""""@pakslamet88 Kan lagi musim penjarahan makanya aku ikutan""""",negative,kan musim penjarahan makanya aku ikut
"""""GA USAH NYEBUT KEADILAN kalau rakyat ga bersuara dijamin tercekik karena kebijakan yang ibu keluarkan sedangkan para pejabat masih bisa ha ha hi hi joget joget bikin acara main golf padel walau penjarahan ga dibenarkan tp ibu bahas keadilan itu . . .""""",negative,ga usah nyebut adil kalau rakyat ga suara jamin cekik bijak ibu keluar jabat ha ha hi hi joget joget bikin acara main golf padel penjarahan ga benar ibu bahas adil
"""""@tempodotco Tempe jangan jadi kompor Bahwa negara wajib menjamin kebebasan berpendapat namun apabila ada kelompok yang menyalahgunakan haknya yg menimbulkan kerusuhan dan penjarahan maka pihak berwajib harus bertindak tegas dan terukur""""",positive,tempe jangan jadi kompor negara wajib jamin bebas dapat apabila kelompok menyalahgunakan hak timbul kerusuhan penjarahan pihak wajib tindak tegas ukur
"""""Elite Melakukan Penjarahan Kekayaan Alam Dilegitimasi UU https://t.co/V3bZwMvwjh""""",negative,elite laku penjarahan kaya alam legitimasi uu
"""""@txtdrpemerintah Kasian sih dia blunder-nya engga cukup untuk membenarkan penjarahan yg dia dapet""""",neutral,kasi sih blunder nya engga cukup benar penjarahan dapet
"""""@hellorosierose Jendral yg tinggal di sunter punya bisnis minyak. Kalo beneran pernah disuruh nikah sama anak jendral itu trus pas jendralnya meninggal anaknya dicerai n perusahaannya diambil syahitwil berarti penjarahan yg terjadi adalah sebuah hukum karma tabur tuai...penapsaran""""",negative,jendral tinggal sunter punya bisnis minyak kalo beneran pernah suruh nikah sama anak jendral trus pas jendralnya tinggal anak cerai n usaha ambil syahitwil arti penjarahan jadi buah hukum karma tabur tuai penapsaran
"""""Menteri Keuangan Sri Mulyani Indrawati buka suara usai rumahnya di kawasan Bintaro dijarah oleh pihak yang tidak bertanggung jawab pada Minggu dini hari (31/8/2025). Selengkapnya: https://t.co/zkV50jOeou #srimulyani #kemenkeu #demo #penjarahan #demodpr #rumahsrimulyani https://t.co/WGdjVrmDNr""""",neutral,menteri uang sri mulyani indrawati buka suara usai rumah kawasan bintaro penjarahan pihak tidak tanggung jawab minggu dini hari 31 8 2025 lengkap
"""""@detikcom Siapa yang telah membuka pintu penjarahan terhadap kekayaan negeri ini bu?""""",negative,siapa buka pintu penjarahan kaya negeri bu
"""""Penjarahan dan perusakan fasilitas umum yang terjadi minggu lalu itu tak lain adalah anti reformasi dan merusak demokrasi yang sehat. Selengkapnya: https://t.co/WsyPv9OjVm #demonstrasi #penjarahanpolitik #penjarahan #politik #reformasi #demokrasi #demo #dpr https://t.co/Q8H63LZxUf""""",positive,penjarahan perusakan fasilitas umum jadi minggu lalu tak anti reformasi perusakan demokrasi sehat lengkap
"""""Penjarahan adalah tindakan mengambil hak warga negara dg cara melawan hukum. Lebih dari empat th uang pensiun kami dikuasai oleh tim Men-BUMN/Keuangan. Bukankah itu bentuk lain dari penjarahan? @prabowo @erickthohir @KemenkeuRI @ojkindonesia @KemensetnegRI @ST_Burhanuddin https://t.co/kGswb0GH4D""""",negative,penjarahan tindak ambil hak warga negara cara lawan hukum lebih empat th uang pensiun asai tim men bumn uang bukankah bentuk penjarahan
"""""@detikcom harusnya aparat tni polri malu sama ibu pada kemana mereka kok bisa penjarahan sampai beberapa gelombang ga ada aparat yg nongol. Bahlkan kayak pesta ya ibu penjarahnya??! """"",negative,harus aparat tni polri malu sama ibu kok penjarahan beberapa gelombang ga aparat nongol bahlkan kayak pesta ibu jarah
"""""Elite Melakukan Penjarahan Kekayaan Alam Dilegitimasi UU https://t.co/StlmAbTBLm https://t.co/KdiwMC9GmL""""",negative,elite laku penjarahan kaya alam legitimasi uu
"""""Jika Aceh Lepas Kami Sumatera Barat juga ikut Satu Federasi Sumatera bisa cukup untuk Hidup. Penjarahan kemarin fix ya settingan semua Sudah dikondisikan. Agar tampak asli semua aktor dilibatkan. Udah dulu akun mulai goyang2 https://t.co/Capuuwmdh3""""",negative,aceh lepas sumatera barat ikut satu federasi sumatera cukup hidup penjarahan kemarin fix settingan semua kondisi tampak asli semua aktor libat dulu akun mulai goyang
"""""@txtdrimedia Bukannya pajak juga penjarahan?""""",negative,bukan pajak penjarahan
"""""@yaniarsim @DPR_RI @NasDem @KPK_RI Knp rumah si Satori ini luput dari penjarahan? Krn mulutnya diam tapi tangan sibuk ngitung duit. Coba klo si Sahroni cs mulutnya diem kek orang ini.""""",negative,knp rumah si satori kamuput penjarahan mulut diam tangan sibuk ngitung duit coba kalau si sahroni cs mulut diem kek orang
"""""MALANG Wali Kota Malang Wahyu Hidayat meminta pelaku usaha tidak khawatir membuka toko meski belakangan beredar isu demo ricuh dan penjarahan di sejumlah daerah. Ia menegaskan Kota Malang aman berkat patroli cipta kondisi serta pengaktifan kembali Pam Swakarsa dan siskamling. https://t.co/sDsigoo6kE""""",positive,malang wali kota malang wahyu hidayat minta laku usaha tidak khawatir buka toko meski belakang edar isu demo ricuh penjarahan jumlah daerah tegas kota malang aman berkat patroli cipta kondisi aktif pam swakarsa siskamling
"""""Polisi Gerebek Rumah Pelaku Penjarahan Amankan Kucing Kesayangan Uya Kuya https://t.co/hqzoilpILq""""",neutral,polisi gerebek rumah laku penjarahan aman kucing sayang uya kuya
"""""Hasil penjarahan semalem https://t.co/nModiDOqt6""""",negative,hasil penjarahan semalem
"""""Semua dan banyak pihak mengetahuinya. https://t.co/jBw280yefO""""",neutral,semua banyak pihak tahu
"""""Hasil riset Ecosoc Institute ttg PSN : PROYEK penjarahan ruang hidup dan aset ekonomi serta penggusuran dan pengusiran rakyat hingga berdampak pd pemiskinan gangguan jiwa dan kematian masif rakyat.""""",negative,hasil riset ecosoc institute ttg psn proyek penjarahan ruang hidup aset ekonomi gusur usir rakyat hingga dampak miskin ganggu jiwa mati masif rakyat
"""""Polisi Tangkap 4 Tersangka Penjarahan Mesin ATM DPRD Makassar https://t.co/p8GZuk6l3C""""",neutral,polisi tangkap 4 sangka penjarahan mesin atm dprd makassar
"""""@liputan6dotcom DISANGKANYA rakyat akan sedih dan membelanya ??! ... RAKYAT BERSYUKUR DENGAN PENJARAHAN DIRUMAH KAU !!! ...""""",negative,sangka rakyat sedih bela rakyat syukur penjarahan rumah kau
"""""@Takehirohayaku @Einzelkampfen @hbusria Pastinya di bawah 50jt makanya enteng banget yapping. Dia gak sadar kalo udah chaos middle class itu juga pasti kena penjarahan massal apalagi minoritas. Orang yg udah ketrigger gak bakal nanya Mana slip gaji lo? . Kalo emang berani langsung spesifik aja siapa targetnya.""""",negative,pasti bawah 50jt makanya enteng banget yapping tidak sadar kalo chaos middle class kena penjarahan massal minoritas orang ketrigger tidak bakal nanya mana slip gaji lo kalo emang berani langsung spesifik siapa target
"""""Musisi dan aktris Sherina Munaf menjalani pemeriksaan di Polres Metro Jakarta Timur selama sekitar delapan jam. Pemeriksaan ini terkait dengan kasus kucing peliharaan milik presenter Uya Kuya yang dirawat oleh Sherina setelah terjadi penjarahan di rumah mertua Uya Kuya. Saat https://t.co/KgTh8rpLBi""""",neutral,musisi aktris sherina munaf jalan periksa polres metro jakarta timur lama delapan jam periksa kait kasus kucing pelihara milik presenter uya kuya rawat sherina jadi penjarahan rumah mertua uya kuya
"""""Tak suka orangnya eko sahroni dll jangan jarah rumahnya mereka jadi pejabat tak mudah karir banting tulang job artis dll kalian pikir dpr bisa kalian samakan biadab penjarahan dasar tak punya otak!!!!!""""",negative,tak suka orang eko sahroni jangan jarah rumah jadi jabat tak mudah karir banting tulang job artis kalian pikir dpr kalian sama biadab penjarahan dasar tak punya otak
"""""Saya fans Eko patrio ibuku almarhum keluarga di ntb jakarta sumatera jawa fans dia sejak acara talkshow sama ulfa eko baik kelihatan wajahnyaKini apa yang jarah rumahnya nyesel gak tuh kasihan eko&gt"";""Eko Patrio Ngontrak Rumah Usai Jadi Korban Penjarahan https://t.co/Ah3arhxUiP https://t.co/XkIFwilykK""""",positive,fans eko patrio ibu almarhum keluarga ntb jakarta sumatera jawa fans sejak acara talkshow sama ulfa eko bagus lihat wajahnyakini apa jarah rumah nyesel tidak tuh kasihan eko gt eko patrio ngontrak rumah usai jadi korban penjarahan
"""""@VIVAcoid turut menyayangkan kejadian penjarahan itu sih kriminal gabisa dibenarkan.. tetap semangat mang Eko""""",positive,turut sayang jadi penjarahan sih kriminalitas gabisa benar tetap semangat mang eko
"""""Eat the rich eat the rich giliran balik ke penjarahan lu semua kalang kabut emang SJW SJW""""",negative,eat the rich eat the rich gilir balik penjarahan kamu semua kalang kabut emang sjw sjw
"""""@tanyakanrl Gapap Aku terlanjur bagi ke panti 2 karung jir Pas kos juga 2 karung Berasa jaman skrg kek penjarahan (?)""""",neutral,gapap aku lanjur panti 2 karung jir pas kos 2 karung asa jaman skrg kek penjarahan
"""""Contohnya penjarahan toko toko umkm chinese indonesian th 98. Eat the rich. Rich dari mana kontol""""",negative,contoh penjarahan toko toko umkm chinese indonesian th 98 eat the rich rich mana kontol
"""""Dalam situasi chaos orang gak lagi peduli beda rich dan higher middle class . Orang udah gak sempet denger penjelasan 2 sks-mu soal itu. Dalam anggapan mereka yg punya mobil dan rumah agak bagus = kaya dan layak jd target penjarahan. That's why we all need to be careful.""""",positive,situasi chaos orang tidak peduli beda rich higher middle class orang tidak sempet denger jelas 2 sks mu soal anggap punya mobil rumah bagus kaya layak jadi target penjarahan that s why we all need to be careful
"""""@kompascom Saya tidak mendukung tindakan penjarahan yg terjadi tapi semua ini jadi pembelajaran menjadi anggota dewan itu merupakan amanah dari rakyat tidak menjadikanmu lebih hebat dari rakyat jika lupa diri dan meledek penderitaan rakyat maka amarah rakyat tidak akan bisa di bendung""""",positive,tidak dukung tindak penjarahan jadi semua jadi ajar jadi anggota dewan rupa amanah rakyat tidak jadi lebih hebat rakyat kamupa diri ledek derita rakyat amarah rakyat tidak bendung
"""""Damai? Ngapain pulici ngada-ngadain perkara dan bilang mau menyelesaikan 'perkara' dan 'konflik' tsb kalo ybs 22nya sama2 klarif klo mereka gada masalah bjir https://t.co/W7rCUJsESf""""",negative,damai ngapain pulici ngada ngadain perkara bilang mau selesai perkara konflik tsb kalo ybs 22nya sama klarif kalau tidak masalah bjir
"""""@Andria75777 Kayaknya GenZ nepal jg cemas dan tidak senang kalo jadinya rusuh banyak penjarahan dan kriminal. Resiko dr revolusi reset system""""",positive,kayak genz nepal cemas tidak senang kalo jadi rusuh banyak penjarahan kriminalitas resiko revolusi reset system
"""""Uya Kuya dan Sherina Munaf Akhirnya Damai Perkara Kucing yang Kena Penjarahan https://t.co/GE9ntKsTWv""""",positive,uya kuya sherina munaf akhir damai perkara kucing kena penjarahan
"""""Pemerintah dan DPR RI sudah satu suara dalam pemberian restorative justice bagi 13 anak tersangka pelaku pembakaran dan penjarahan kantor dprd sulawesi selatan dan makasar pada 29 agustus 2025 lalu. namun demikian keluarga pengemudi ojek online Rusdamdiansyah (25) yang tewas https://t.co/kkzXWNn5Yv""""",positive,perintah dpr ri satu suara beri restorative justice 13 anak sangka laku pembakaran penjarahan kantor dprd sulawesi selatan makasar 29 agustus 2025 lalu keluarga kemudi ojek online rusdamdiansyah 25 tewas
"""""Eko Patrio Datangi Polda Metro Jaya Pasca Penjarahan Rumah: Ini Hasil Kerja Keras Saya Puluhan Tahun! https://t.co/ebNUtd4xBC""""",neutral,eko patrio datang polda metro jaya pasca penjarahan rumah hasil kerja keras puluh tahun
"""""@iwantyoubaby258 @txtdrimedia Mirip sekali dgn isilop kalau ada kesalahan diakuinya sebagai oknum. Giliran performa itupun secuil. Diakuinya keberhasilan institusi. Kuota haji diembat begitu pula penjarahan SDA. Entah apa lagi yg lain dasar pekok. Tidak bisa jadi check &amp"";"" balance cuma mikirin duit saja.""""",negative,mirip sekali isilop kalau salah aku oknum gilir performa itu cuil aku hasil institusi kuota haji embat penjarahan sda entah apa dasar kok tidak jadi check amp balance cuma mikirin duit
"""""Guru Besar Komunikasi UNPAD Prof. Dr. Atwar Bajari: Penjarahan Rumah Pejabat Bukan Sanksi Itu Kriminal! https://t.co/xH8heZUWHt""""",positive,guru besar komunikasi unpad prof atwar bajar penjarahan rumah jabat bukan sanksi kriminalitas
"""""@24xJam Gak mungkin ya seorang rafi ahmad anjirr sebelum jadi mentri juga dia mah udah jadi Sultan. Yang ngusulin penjarahan jiwa kalung nya meronta kek nya""""",neutral,tidak mungkin orang rafi ahmad anjirr jadi tri mah jadi sultan ngusulin penjarahan jiwa kalung nya ronta kek nya
"""""... karena mereka jadi korban penjarahan akibat beberapa di antaranya jadi pebisnis sukses dan kaya-raya. Belum lagi kebijakan pemerintah Orba saat itu keliatannya menguntungkan golongan tertentu dan merugikan warganya sendiri jadi masyarakat udah telanjur emosi""""",negative,jadi korban penjarahan akibat beberapa antara jadi bisnis sukses kaya raya belum bijak perintah orba liat untung golong tentu rugi warga sendiri jadi masyarakat telanjur emosi
"""""@Yusrilihza_Mhd Sekalian nitip dimana pihak keamanan saat terjadi penjarahan rumah sahroni eko uya nafa sri mulyani.Terkesan melakukan pembiaran pdhl mrk juga punya hak utk dilindungi.Seharusnya dg resourses yg dimiliki dapat df mudah menghalau masa spt mrk mengalau demo.Mungkinkah cari aman ?""""",negative,sekali nitip pihak aman jadi penjarahan rumah sahroni eko uya nafa sri mulyani kes laku biar pdhl punya hak lindung resourses milik df mudah halau masa alau demo mungkin cari aman
"""""Muncul ke Publik Eko Patrio Curhat Harta Ludes Semalam saat Dijarah: Kerja Keras Saya Jadi Pelawak Politikus Partai Amanat Nasional (PAN) Eko Patrio buka suara soal penjarahan rumahnya seusai menyambangi Polda Metro Jaya pada Sabtu (13/9/2025) dini hari. Eko Patrio mengaku https://t.co/Okhrx6jkp0""""",neutral,muncul publik eko patrio curhat harta kamudes malam penjarahan kerja keras jadi lawak politikus partai amanat nasional pan eko patrio buka suara soal penjarahan rumah usai sambang polda metro jaya sabtu 13 9 2025 dini hari eko patrio aku
"""""terjadi penjarahan di sini https://t.co/70hu8fbHHj""""",neutral,jadi penjarahan sini
"""""@hafidzhaernanda No they wouldn t know the difference kamu terlalu menganggap remeh kemiskinan dan kebodohan di negara ini. Kamu berharap rakyat dgn rata-rata IQ di bawah 90 utk mengerti hal-hal yg contextual seperti ini. Tahun 98 jg kita di dlm middle income trap tapi korban penjarahan tetap""""",negative,no they wouldn t know the difference kamu terlalu anggap remeh miskin bodoh negara kamu harap rakyat rata rata iq bawah 90 erti contextual tahun 98 middle income trap korban penjarahan tetap
"""""@KangManto123 Biasa nunggu lengah rakyat. Meleng dikit pagar laut jadi beton Meleng dikit penjarahan di jalankan lagi. Bahliiiiil Bahlil. Lu kalo belum di nevalkan kayanya ga bakalan sadar sadar.""""",negative,biasa nunggu lengah rakyat meleng dikit pagar laut jadi beton meleng dikit penjarahan jalan bahliil bahlil kamu kalo belum nevalkan kaya ga bakal sadar sadar
"""""penjarahan""""",neutral,penjarahan
"""""#Repost @humaspolrestabessby ... Direktorat Tindak Pidana Siber Bareskrim Polri bersama Polda Jajaran menangkap 7 orang tersangka yang diduga menyebarkan konten provokatif di media sosial terkait aksi penjarahan. https://t.co/9t1Bq10L4p""""",neutral,direktorat kriminalitas siber bareskrim polri sama polda jajar tangkap 7 orang sangka duga sebar konten provokatif media sosial kait aksi penjarahan
"""""Eko Patrio Ajukan Penangguhan Penahanan Pria yang Diduga Menjarah Kucingnya #EkoPatrio #Penjarahan #Kucing https://t.co/bfdsPNTrSh""""",neutral,eko patrio aju tangguh tahan pria duga penjarahan kucing
"""""itukan settingan ajg salahin yg ngatur penjarahan rumah lo lah bego""""",negative,itu settingan ajg salahin ngatur penjarahan rumah lo lah bego
"""""@txtdrpemerintah Malah seharusnya pemerintah belajar dr demo yg kemarin terjadi. Penjarahan pembunuhan perusakan fasum dll. Bukan belajar dr Nepal. Nepal prancis bahkan negara2 lain itu hanya terinspirasi dengan demo di indo. Keberanian rakyat kita ini lah yg jd cerminan bagi negara lain""""",positive,malah perintah ajar demo kemarin jadi penjarahan bunuh perusakan fasum bukan ajar nepal nepal prancis bahkan negara inspirasi demo indo berani rakyat lah jadi cermin negara
"""""Eko Patrio muncul perdana setelah skandal penjarahan rumah. Ia membahas kucingnya yang diselamatkan Rian dan memaafkan pelaku penjarahan. https://t.co/mGPezqUBtl""""",positive,eko patrio muncul perdana skandal penjarahan rumah bahas kucing selamat rian maaf laku penjarahan
"""""@kompascom Tak membenarkan kejahatan penjarahan tapi sekali lagi tak ada asap bila tak ada yg menyalakan api.""""",neutral,tak benar jahat penjarahan sekali tak asap bila tak nyala api
"""""@KangManto123 Kok penjarahan seperti ini ga ditangkap ya?""""",negative,kok penjarahan ga tangkap
"""""Direktorat Tindak Pidana Siber Bareskrim Polri bersama Polda Jajaran menangkap 7 orang tersangka yang diduga menyebarkan konten provokatif di media sosial terkait aksi penjarahan. Penangkapan dilakukan berdasarkan 5 laporan polisi yang diterima https://t.co/cIoH74xbUw""""",neutral,direktorat kriminalitas siber bareskrim polri sama polda jajar tangkap 7 orang sangka duga sebar konten provokatif media sosial kait aksi penjarahan tangkap laku dasar 5 lapor polisi terima
"""""Direktorat Tindak Pidana Siber Bareskrim Polri bersama Polda Jajaran menangkap 7 orang tersangka yang diduga menyebarkan konten provokatif di media sosial terkait aksi penjarahan. https://t.co/GMhlWC2A8o""""",neutral,direktorat kriminalitas siber bareskrim polri sama polda jajar tangkap 7 orang sangka duga sebar konten provokatif media sosial kait aksi penjarahan
"""""Yusril Minta Pelaku Penjarahan dan Perusakan DPRD Makassar dan DPRD Sulsel Segera Diadili Baca selengkapnya di: https://t.co/Vb4jYyVh4U #dprdmakassar #makassar #sulseltimes""""",neutral,yusril minta laku penjarahan perusakan dprd makassar dprd sulsel segera adil baca lengkap
"""""Pelawak sekaligus anggota DPR non-aktif Eko Patrio mengaku baru berani keluar rumah setelah dua pekan insiden penjarahan di rumahnya. Tujuan Eko keluar rumah sendiri untuk menemui salah satu dari 7 pelaku penjarahan yang sudah ditahan di Polda Metro Jaya. Eko mengaku momen https://t.co/p6eVTO8tDQ""""",neutral,lawak sekaligus anggota dpr non aktif eko patrio aku baru berani keluar rumah pekan insiden penjarahan rumah tuju eko keluar rumah sendiri temu salah satu 7 laku penjarahan tahan polda metro jaya eko aku momen
"""""Yap. Tp yg udah banyak terjadi banyak orang menyalahartikan &amp"";"" sumbu pendek yg akhirnya melakukan sesuatu yg ga seharusnya. SDM kita banyak ga paham orang diatasnya sedikit dibilang kaya yg akhirnya bikin niat penjarahan. Bola saljunya lebih besar""""",negative,yap banyak jadi banyak orang menyalahartikan amp sumbu pendek akhir laku ga sdm banyak ga paham orang atas sedikit bilang kaya akhir bikin niat penjarahan bola salju lebih besar
"""""@detikcom Produk sandiwara penjarahan. Terbukti penjarah awal bukan warga sekitar. Cari perhatian agar dapat simpati. """"",negative,produk sandiwara penjarahan bukti jarah awal bukan warga cari perhati simpati
"""""@liputan6dotcom Sandiwara Penjarahan. Terbukti penjarah awal bukan warga sekitar. Coba tanya HP sana siapa yang beraksi. """"",negative,sandiwara penjarahan bukti jarah awal bukan warga coba tanya hp sana siapa aksi
"""""Gub. Utah Spencer Cox menanggapi pembunuhan Charlie Kirk: Tidak ada kerusuhan tdk ada penjarahan. Tdk ada mobil yg dibakar. Tidak ada kekerasan. Hanya ada penghormatan terakhir dan doa dan orang2 datang utk berbagi 'kemanusiaan'.""""",positive,gub utah spencer cox tanggap bunuh charlie kirk tidak kerusuhan tidak penjarahan tidak mobil pembakaran tidak keras hormat akhir doa orang datang bagi manusia
"""""@HarryMagui91430 @txtdrimedia Hati² bang siapa tau ntar rumah lu yg jadi target penjarahan massa""""",neutral,hati bang siapa tau ntar rumah kamu jadi target penjarahan massa
"""""@detikcom Sandiwara penjarahan. """"",negative,sandiwara penjarahan
"""""PSN = Penjarahan Skala Nasional""""",negative,psn penjarahan skala nasional
"""""@itsurboihyl nge-tweet dari tower 100 lantai emang gampang Jangankan frasa eat the rich yang intelektual pun kegocek drama svere Apalagi definisi rich dari akar rumput yang ada bakal konflik horizontal antar rakyat dan penjarahan masal""""",negative,nge tweet tower 100 lantai emang gampang jangan frasa eat the rich intelektual gocek drama svere definisi rich akar rumput bakal konflik horizontal antar rakyat penjarahan masal
"""""@xananagumo @arthawidhi Coba cek dah banyak ko akun Lain nyalahin persib malah sampe ada yg bilang ga sudi berteman. Insyaallah dibandung bakal aman ko seterusnya gak akan ada kanjuruhan part 2 penjarahan warung gelandangan dilampu merah ataupun tenda dan dapur umum """"",positive,coba cek dah banyak ko akun nyalahin persib malah sampe bilang ga sudi teman insyaallah bandung bakal aman ko tidak kanjuruhan part 2 penjarahan warung gelandang lampu merah atau tenda dapur umum
"""""Maafkan 7 Pelaku Penjarahan Eko Patrio Serahkan Proses Hukum ke Polisi https://t.co/FmezTqFQrZ https://t.co/GnXWVD9R70""""",positive,maaf 7 laku penjarahan eko patrio serah proses hukum polisi
"""""@mhuseinali @BudiBukanIntel Setuju kak. Saat banyak demo kemarin ada sejumlah akun yg provokasi penjarahan orang-orang kaya terutama minoritas. Jangan sampai akhirnya narasi seperti itu dimanfaatkan oleh provokator untuk memperkeruh suasana""""",positive,tuju kak banyak demo kemarin jumlah akun provokasi penjarahan orang orang kaya utama minoritas jangan akhir narasi manfaat provokator keruh suasana
"""""TIDAK USAH DIPERBAIKI. JADIKAN MONUMEN PENJARAHAN RAKYAT BODOH.""""",negative,tidak usah baik jadi monumen penjarahan rakyat bodoh
"""""Ya semangat aja deh jelasin ke ribuan orang dijalan nanti arti dari eat the rich belom aja sanak sodara atau diri sendiri kena penjarahan""""",neutral,semangat deh jelasin ribu orang jalan arti eat the rich bom sanak sodara diri sendiri kena penjarahan
"""""orang2 model kek gini lah yg bikin penjarahan dinormalisasi. kapan sih manusia ini berhenti main kasta2an.""""",negative,orang model kek gin lah bikin penjarahan normalisasi kapan sih manusia henti main kasta2an
"""""@itsme_urstruly penjarahan sahroni belum ada apa-apanya""""",neutral,penjarahan sahroni belum apa apa
"""""Rumah milik Anggota DPR RI nonaktif sekaligus pelawak Eko Hendro Purnomo alias Eko Patrio ludes dijarah massa Agustus kemarin. Namun alih-alih emosi Eko justru pasrah dengan keadaan yang sudah terjadi bahkan sudah memaafkan pelaku penjarahan. Sementara sudah 7 termasuk Rian https://t.co/YJeBl8eQH4""""",positive,rumah milik anggota dpr ri nonaktif sekaligus lawak eko hendro purnomo alias eko patrio kamudes penjarahan massa agustus kemarin alih alih emosi eko justru pasrah ada jadi bahkan maaf laku penjarahan 7 masuk rian
"""""@MurtadhaOne1 Kmrn mau belain dia saat aksi penjarahan dgn percobaan darurat militer..tapi yg dibelain kek gini """"",neutral,kmrn mau bain aksi penjarahan coba darurat militer bain kek gin
"""""Kenyataannya definisi kaya bagi tiap daerah beda. Keluar bubble medsos ini tanya definisi kaya k semua elemen masyarakat pasti beda2. Pada tahun 98 aja yg kena dampak penjarahan itu toko2 biasa. Fafifuwasweswos aja nih""""",neutral,nyata definisi kaya tiap daerah beda keluar bubble medsos tanya definisi kaya k semua elemen masyarakat beda tahun 98 kena dampak penjarahan toko biasa fafifuwasweswos nih
"""""@Jennifer_bogota @Ubaidullah_Sdq @tubagussalim @kangwaqfi2 @AhlulQohwah @HEskawe Berhujah tapi tidak paham agama Kok kayak buzzer anarkis suka halalkan penjarahan ning akhirat bakal digecek² malaikat kae """"",negative,hujah tidak paham agama kok kayak buzzer anarkis suka halal penjarahan ning akhirat bakal gecek malaikat kae
"""""@10achio Gaada bedanya waktu penjarahan dimulai""""",neutral,gaada beda waktu penjarahan mulai
"""""Artis sekaligus politikus Eko Patrio tak kuasa menyembunyikan kesedihannya saat menceritakan kondisi rumahnya yang hancur akibat insiden penjarahan beberapa waktu lalu. Klik untuk baca: https://t.co/4TK2jStVwG | #EkoPatrio https://t.co/aOSmSqdi8T""""",neutral,artis sekaligus politikus eko patrio tak kuasa sembunyi sedih cerita kondisi rumah hancur akibat insiden penjarahan beberapa waktu lalu klik baca
"""""@GoodRecom Warga melakukan penjarahan bkn karna korupsi tp karna marah akan kelakuan para wakil rakyat yg tdk menghargai dan di rasa menyakiti perasaan masyarakat indonesia yg sedang dlm kesusahan""""",negative,warga laku penjarahan bukan karna korupsi karna marah laku wakil rakyat tidak harga rasa sakit asa masyarakat indonesia sedang susah
"""""Gw sama nyokap lgsg ngegendong kitten2 sambil menyelamatkan mereka ke kamar paling pojok sambil nutupin mereka pake kain biar ga nyesek Kebayang ga sih jahatnya uyakuyang ninggalin kucing2nya pas penjarahan mana brutal2 kan penjarahnya ngerusakin barang """"",negative,sama nyokap lgsg ngegendong kitten selamat kamar paling pojok nutupin pake kain biar ga nyesek bayang ga sih jahat uyakuyang ninggalin kucing2nya pas penjarahan mana brutal kan jarah ngerusakin barang
"""""Konflik feline Uya Kuya &amp"";"" Sherina tuntas! Settlement tercapai berkat mediator. Damai! https://t.co/Ld2tr9mYXH""""",positive,konflik feline uya kuya amp sherina tuntas settlement capai berkat mediator damai
"""""@DokterTifa Justru Nepal kata selebgram terinsipirasi jari kejadian penjarahan di rumahnya Sahroni Uya Kuya dan sekarang rakyat filiphina jg lagi menirunya""""",neutral,justru nepal kata selebgram terinsipirasi jari jadi penjarahan rumah sahroni uya kuya sekarang rakyat filiphina tiru
"""""@DonatEntog Hukum Indonesia sangat adil karena sudah disetujui secara konstitusi. Yang tidak adil pelaku hukum masyarakat dan aparatnya. Hukum tidak kenal kaya miskin. Koruptor dan penjarahan sama Dimata hukum karena merugikan negara Maling ayam dg maling mobil sama. Yg beda kesempatannya.""""",positive,hukum indonesia sangat adil tuju konstitusi tidak adil laku hukum masyarakat aparat hukum tidak kenal kaya miskin koruptor penjarahan sama mata hukum rugi negara maling ayam maling mobil sama beda sempat
"""""@tvOneNews Terus pelaku penjarahan ga diusut kepolisan?""""",neutral,terus laku penjarahan ga usut polis
"""""Eko Patrio Sebut Insiden Penjarahan Berdampak ke Psikologis Keluarganya https://t.co/VHbOcNfPWv""""",neutral,eko patrio sebut insiden penjarahan dampak psikologis keluarga
"""""Artis sekaligus politikus Eko Patrio tak kuasa menyembunyikan kesedihannya saat menceritakan kondisi rumahnya yang hancur akibat insiden penjarahan beberapa waktu lalu. Sumber : https://t.co/I050u9vYGT https://t.co/Cayee0ek8v""""",positive,artis sekaligus politikus eko patrio tak kuasa sembunyi sedih cerita kondisi rumah hancur akibat insiden penjarahan beberapa waktu lalu sumber
"""""@barengwarga Orang2 memaknai rich ini secara harfiah rich yang lebih kaya dri dirinya sama orang2 yang middle up padalan jelas rich yg dimaksud ya oligarki. jelas pada gampang keseret isu penjarahan.""""",positive,orang makna rich harfiah rich lebih kaya dri diri sama orang middle up padalan jelas rich maksud oligarki jelas gampang seret isu penjarahan
"""""Abis nonton ternyata bner dugaan di-planningnya arc tunjangan dpr - joget2 - demo - penjarahan - reshuffle""""",negative,abis nonton nyata bner duga planningnya arc tunjang dpr joget demo penjarahan reshuffle
"""""Pelawak sekaligus anggota DPR non-aktif Eko Patrio mengaku baru berani keluar rumah setelah dua pekan insiden penjarahan di rumahnya. https://t.co/3ehz3DQHQI""""",neutral,lawak sekaligus anggota dpr non aktif eko patrio aku baru berani keluar rumah pekan insiden penjarahan rumah
"""""Terkuak! Keberadaan Ahmad Sahroni Setelah 2 Minggu Aksi Demo dan Penjarahan di Rumahnya #ahmadsahroni #demo #penjarahan #beritaterkini https://t.co/Z8u04UE6yy""""",neutral,kuak ada ahmad sahroni 2 minggu aksi demo penjarahan rumah
"""""@tvOneNews Padahal penjarahan bisa dicegah bila polisi standby berjaga di rumah Uya Kuya""""",negative,padahal penjarahan cegah bila polisi standby jaga rumah uya kuya
"""""@ciasaourus @astaga_kaget @GodVanemuine Penjarahan rumah pjbat kmaren idenya parjo kah?""""",neutral,penjarahan rumah pjbat kmaren ide parjo
"""""Mafia dan Koruptor lebih mendukung Gibran Plongo daripada Prabowo Gembul. Karena Si Plongo lebih mudah ditipu dikendalikan dan diarahkan untuk kongkalikong dan melakukan konspirasi dalam Penjarahan atau Maling duit dan sumber daya alam Indonesia.""""",negative,mafia koruptor lebih dukung gibran plongo prabowo gembul si plongo lebih mudah tipu kendali arah kongkalikong laku konspirasi penjarahan maling duit sumber daya alam indonesia
"""""Drama kucing Uya Kuya &amp""; Sherina Munaf akhirnya berakhir damai! Setelah mediasi di Polres Jakarta Timur keduanya sepakat selesaikan masalah secara kekeluargaan. Polisi pun apresiasi keputusan ini biar nggak ada drama berkepanjangan. &gt;&gt;"" https://t.co/sY4UQViUqb https://t.co/PdPqkCuhgv""""",positive,drama kucing uya kuya amp sherina munaf akhir akhir damai mediasi polres jakarta timur dua sepakat selesai masalah keluarga polisi apresiasi putus biar tidak drama panjang gt gt
"""""Koko Yg buka ruko dipinggir jalan jualan material atau elektronik sama warung makan padang. Sementara the rich Yg mau kalian makan gak akan tersentuh. Belajarlah dari kasus penjarahan aktris yg baru terjadi beberapa waktu yg lalu belajar lagi tentang kerusuhan 98. Cont""""",neutral,koko buka ruko pinggir jalan jual material elektronik sama warung makan padang the rich mau kalian makan tidak sentuh bajar kasus penjarahan aktris baru jadi beberapa waktu lalu ajar kerusuhan 98 cont
"""""Komedian dan politisi Eko Patrio muncul ke publik pertama kali usai kejadian rumah dijarah. Eko muncul demi orang yang mengambil kucingnya saat penjarahan. https://t.co/TwrCjYBUIT""""",neutral,komedian politis eko patrio muncul publik pertama kali usai jadi rumah penjarahan eko muncul orang ambil kucing penjarahan
"""""Koleksi hasil penjarahan""""",negative,koleksi hasil penjarahan
"""""Penyanyi Sherina Munaf menjalani pemeriksaan di Polres Metro Jakarta Timur sebagai saksi atas kasus penjarahan rumah Uya Kuya pada 30 Agustus lalu di mana ia menyelamatkan beberapa kucing milik Uya. Selain Sherina polisi juga memeriksa satu rekan perempuannya berinisial I untuk https://t.co/guGjUNMx8t""""",neutral,nyanyi sherina munaf jalan periksa polres metro jakarta timur saksi atas kasus penjarahan rumah uya kuya 30 agustus lalu mana selamat beberapa kucing milik uya sherina polisi periksa satu rekan perempuan inisial i
"""""Perkembangan Kasus Penjarahan Rumah Eko Patrio: 7 Pelaku Satu Ditangguhkan Penahanan https://t.co/FrNLlwFVcU""""",neutral,kembang kasus penjarahan rumah eko patrio 7 laku satu tangguh tahan
"""""Polisi telah melakukan mediasi antara Surya Utama alias Uya Kuya dan musisi Sherina Munaf terkait kasus penyelamatan kucing milik Uya Kuya setelah peristiwa penjarahan. Dalam pertemuan tersebut kedua belah pihak sepakat untuk menyelesaikan persoalan ini secara kekeluargaan. https://t.co/W656hXTEW7""""",positive,polisi laku mediasi surya utama alias uya kuya musisi sherina munaf kait kasus selamat kucing milik uya kuya peristiwa penjarahan temu sebut dua belah pihak sepakat selesai soal keluarga
"""""Not normalizing penjarahan But tinggal di Indonesia itu budaya ketimuran itu sangat penting Dan memang susah menghindar dari kecemburuan sosial dan rasan²""""",neutral,not normalizing penjarahan but tinggal indonesia budaya timur sangat penting memang susah hindar cemburu sosial rasan
"""""@Ndrewstjan Nah yg kemaren melumrahkan penjarahan pas demo aja udah ga bener. Buktinya skrg fans si ferry blm mandi aja komenannya begini ke org. Inciting violence. Ngajak ngejarah rumah org cuma gara-gara ga satu POV. Fans influencer2 kemaren itu udh gila sama kyk influencer nya https://t.co/crAOUbgXld""""",negative,nah kemaren lumrah penjarahan pas demo ga bener bukti skrg fans si ferry belum mandi komenannya begini org inciting violence ngajak ngejarah rumah org cuma gara gara ga satu pov fans influencer kemaren gila sama kyk influencer nya
"""""Alhamdulillah Tak pernah ada kejadian besar! Pencurian pembegalan penjarahan or apalah itu nan menimpa Kec kami! Tidak juga dari penghuni Kec kami apalagi dari luar Kec! Kami memang terpinggirkan.. Tapi hidup kehidupan kami saling menjaga satu n lainnya Terkhusus di kampungku!""""",positive,alhamdulillah tak pernah jadi besar curi begal penjarahan or apa nan timpa kec tidak huni kec kamuar kec memang pinggir hidup hidup saling jaga satu n lain khusus kampung
"""""https://t.co/URr001ha9Y Bini PM Nepal selamat sd 13 Sep 2025 setelah pendemo membakar rmhnya. Awas. Berita ini bisa dipelintir provokator di Indonesia atau pengais duit content dgn resiko penjarahan dsb. Pakai judul misalnya Ibu Negara Nepal dibakar massa pendemo dll .""""",neutral,bini pm nepal selamat sd 13 sep 2025 demo pembakaran rmhnya awas berita pelintir provokator indonesia kais duit content resiko penjarahan pakai judul misal ibu negara nepal pembakaran massa demo
"""""Istri Uya Kuya Astrid Kuya sudah bertemu dengan pelaku penjarahan rumah di kawasan Jakarta Timur. Ini yang disampaikan Astrid Kuya kepada pelaku tersebut. https://t.co/FOKyiHzbZE""""",positive,istri uya kuya astrid kuya temu laku penjarahan rumah kawasan jakarta timur sampai astrid kuya laku sebut
"""""Kembali sejenak ke soal ijazah palsu Jokowi yg hampir terlupakan tertutup oleh demo dan penjarahan serta reshuffle menteri². Simak dan ambil pelajarannya. --- Cuddle #tds4injakarta Mowning Kecil Nder https://t.co/jFrBCXmlGv""""",neutral,jenak soal ijazah palsu jokowi hampir lupa tutup demo penjarahan reshuffle menteri simak ambil ajar cuddle mowning kecil nder
"""""Eko Patrio mendatangi Polda Metro Jaya untuk memohon pembebasan Rian yang mengambil kucingnya saat penjarahan. Rian akhirnya dipulangkan usai dijemput ortu. https://t.co/2yMevxVCwB""""",positive,eko patrio datang polda metro jaya mohon bebas rian ambil kucing penjarahan rian akhir pulang usai jemput ortu
"""""Masalah yg bertubi tubi...bila hati tenang pasti akan terurai https://t.co/yxdt8RImJ6""""",positive,masalah tubi tubi bila hati tenang urai
"""""Rian adalah orang yang mengambil kucing dari kediamannya di kawasan Kuningan Jakarta Selatan saat penjarahan pada 30 Agustus 2025.""""",neutral,rian orang ambil kucing diam kawasan kuningan jakarta selatan penjarahan 30 agustus 2025
"""""Kasus Penjarahan Rumah Uya Kuya Kerugian Belum Terhitung - https://t.co/tSJ7IRPUPI https://t.co/7CAAnBOe7N""""",neutral,kasus penjarahan rumah uya kuya rugi belum hitung
"""""@txtdrimedia @RizalCania14819 Nepal tiru Indonesia demontrasinya dgn melihat media sosial *no viral no justice* sampai lihat penjarahan IRONMAN.. lalu penilaian dr Rakyat NEPAL demontrasinya biasa kurang SERU jadi di putuskan tiba waktunya demontrasi hrs lebih PARAH lagi jgn seperti Indonesia🇮🇩 demonya""""",neutral,nepal tiru indonesia demontrasinya lihat media sosial no viral no justice lihat penjarahan ironman lalu nilai rakyat nepal demontrasinya biasa kurang seru jadi putus tiba waktu demontrasi hrs lebih parah jgn indonesia demo
"""""Uya Kuya dan Sherina Munaf akhirnya sepakat damai soal kucing yang sempat bikin heboh usai penjarahan rumah Uya. Polisi memediasi masalah pun selesai secara kekeluargaan. &gt"";&gt;"" https://t.co/sY4UQViUqb #detikcom #UyaKuya #SherinaMunaf https://t.co/dFPjnL3soh""""",positive,uya kuya sherina munaf akhir sepakat damai soal kucing sempat bikin heboh usai penjarahan rumah uya polisi mediasi masalah selesai keluarga gt gt
"""""Uya Kuya Ungkap Foto Pernikahan dan Ijazahnya Hilang Usai Penjarahan https://t.co/zs1cxA6Wqa https://t.co/jFUzT9Xaq6""""",neutral,uya kuya ungkap foto nikah ijazah hilang usai penjarahan
"""""@folkloreevermo @AndarawusYusuf @babisapiku Yep. Penjarahan dan kejahatan ketika perang itu pasti ada. Cuma seberapa banyak dan sering kejadiannya. Saya rasa utk kasus Israel tergolong sedikit. Oya Bantuan lebih banyak ditahan sama Hamas. Kan beredar bbrp klip Hamas tembakin warga yg mau ambil/jarah bantuan.""""",neutral,yep penjarahan jahat perang cuma berapa banyak sering jadi rasa kasus israel golong sedikit oya bantu lebih banyak tahan sama hamas kan edar beberapa klip hamas tembakin warga mau ambil jarah bantu
"""""@backteriimutt @dxrkchocolx Gw gk membenarkan itu dan gue juga tau aksi pembakaran dan penjarahan di sana sebenarnya gak murni dari pemuda demonstran mereka punya oposisi yg nyempreng rusuh dan rakyat2 tolol yg juga gampang diajak anarkis. Sama kaya di Indo tapi di Indo penyusupnya aparat""""",negative,tidak benar gue tau aksi pembakaran penjarahan sana benar tidak murni pemuda demonstran punya oposisi nyempreng rusuh rakyat tolol gampang ajak anarkis sama kaya indo indo susup aparat
"""""@detikcom Kochengnya kurus dan tak di rawat dng baik. D tinggal bepergian g d kasi makan kali ya. Untung ada penjarahan... Jadi kucingnya terselamatkan oleh masarakat.. . . Imo""""",negative,kochengnya kurus tak rawat dng bagus d tinggal pergi g d kasi makan kali untung penjarahan jadi kucing selamat masarakat imo
"""""@JubeBellingham @Marcode991 @stemkepanjangan beda dong pemuda sekarang lebih mudah terpapar informasi tidak adanya penjarahan terhadap etnis lain tidak adanya tindak pemerkosaan terhadap etnis lain berjuang lebih keras karena adanya buzzer pemerintah mengetuk kelas menengah keatas untuk ikut andil bersuara.""""",neutral,beda dong pemuda sekarang lebih mudah papar informasi tidak ada penjarahan etnis tidak ada tindak perkosa etnis juang lebih keras ada buzzer perintah ketuk kelas tengah atas ikut andil suara
"""""Polisi mediasi Uya Kuya dan Sherina Munaf terkait penyelamatan kucing usai penjarahan. Keduanya sepakat menyelesaikan masalah secara kekeluargaan dan damai. https://t.co/sY4UQVimAD""""",positive,polisi mediasi uya kuya sherina munaf kait selamat kucing usai penjarahan dua sepakat selesai masalah keluarga damai
"""""@Metro_TV @msaid_didu Bebaskan semua tanpa syarat kecuali pelaku penjarahan""""",positive,bebas semua syarat laku penjarahan
"""""@tijabar @neVerAl0nely__ Gk setuju dengan penjarahan tapi keknya emang penjarahanlah yang bisa menyadarkan mereka""""",neutral,tidak tuju penjarahan kek emang jarah sadar
"""""Mahfud Md : Sri Mulyani sangat kecewa karena merasa negara tidak hadir secara maksimal untuk melindungi dirinya. negara tidak memberikan perlindungan yang cukup Kecea bkn hy karena kehilangan harta benda akibat penjarahan melainkan juga karena dibandingkan dg hal yg negativ https://t.co/5y6rKLvMST""""",neutral,mahfud md sri mulyani sangat kecewa rasa negara tidak hadir maksimal lindung diri negara tidak beri lindung cukup kecea bukan hy hilang harta benda akibat penjarahan banding negativ
"""""Salah satu alasan utama yang mendorong Sri Mulyani untuk mundur adalah tragedi penjarahan rumahnya di kawasan Bintaro. Peristiwa itu disebut membuat dirinya begitu terpukul. Terimakasih &amp"";"" Sehat selalu bu Sri Mulyani https://t.co/FSRAontfzo""""",positive,salah satu alas utama dorong sri mulyani mundur tragedi penjarahan rumah kawasan bintaro peristiwa sebut buat diri pukul terimakasih amp sehat selalu bu sri mulyani
"""""@eepiebabyotter Iya aku dari kemaren gregetan aja banyak bubble X masih masalahin soal kaya atau gak itu aja kok karena gak akan ada pandang kaya atau tidak pas chaos banyak vid kerusuhan Nepal gak up di sini kalau Youtube real banyak banget di sana penjarahan juga nyasar toko kecil""""",neutral,iya aku kemaren gregetan banyak bubble x masalahin soal kaya tidak kok tidak pandang kaya tidak pas chaos banyak vid kerusuhan nepal tidak up sini kalau youtube real banyak banget sana penjarahan nyasar toko kecil
"""""Kalo terjadi kerusuhan &amp"";"" penjarahan di Indonesia apalagi di ibukota negara smpai mnghancurkan kantor2 penting lembaga negara dll Itu intelijen kecolongan atau sengaja dibiarkan? Hati2 jawabnya salah jawab bs geger soalnya""""",negative,kalo jadi kerusuhan amp penjarahan indonesia ibukota negara samapai mnghancurkan kantor penting lembaga negara intelijen colong sengaja biar hati jawab salah jawab bs geger soal
"""""@makinkayaaja @txtdrimedia walau masih banyak yang berkemanusiaan tapi emang ga bisa dipungkiri sih rakyat indo pasti ada yang sampai hati bakar rumah pejabat dan giring pejabat ke sungai dalam keadaan telanjg. di indo ini kasus penjarahan aja udah parah banget mental maling""""",negative,banyak manusia emang ga dipungkiri sih rakyat indo hati bakar rumah jabat giring jabat sungai ada telanjg indo kasus penjarahan parah banget mental maling
"""""Ini juga masalah yang sudah berlarut-larut Pak @prabowo penjarahan tanah rakyat oleh pengembang yg didukung APH dan kementerian. Kapan akan anda bereskan?!""""",negative,masalah larut larut pak penjarahan tanah rakyat kembang dukung aph menteri kapan beres
"""""@somexthread Padahal penjarahan dirumah SM ini gak organik (kemungkinan besar). Mana mau rakyat udh siang capek banting tulang trus tengah malam malah geruduk rumah mentri. Mending tidorrrr. Kecuali emg beneran maling atau bayaran. Tpi sampe sekarang yg diungkit penjarahan.""""",negative,padahal penjarahan rumah sama tidak organik mungkin besar mana mau rakyat siang capek banting tulang trus tengah malam malah geruduk rumah tri mending tidorr emg beneran maling bayar tapi sampe sekarang ungkit penjarahan
"""""@kompascom 2600 izin pertambangan yang disita pamarentah melalui satgas mafia pertambangan tak ada satupun diperoses di pengadilan tapi langsung dibagi bagikan pamarentah. itu namanya penjarahan piye lebih penak jaman jepang dan belanda tohk ?""""",negative,2600 izin tambang sita pamarentah lalu satgas mafia tambang tak satu diperoses adil langsung bagi bagi pamarentah nama penjarahan piye lebih penak jaman jepang belanda tohk
"""""Bantahan TNI atas tudingan pembiaran penjarahan dengan menekankan disiplin dan ketaatan konstitusi TNI membantah tudingan pembiaran penjarahan. Wakil Panglima TNI menegaskan setiap langkah pasukan selalu berlandaskan disiplin aturan hukum dan ketaatan penuh pada konstitusi. https://t.co/Nz9uCm7BCj""""",neutral,bantah tni atas tuding biar penjarahan tekan disiplin taat konstitusi tni ban tuding biar penjarahan wakil panglima tni tegas langkah pasu selalu landas disiplin atur hukum taat penuh konstitusi
"""""Bantahan TNI atas tudingan pembiaran penjarahan dengan menekankan disiplin dan ketaatan konstitusi TNI membantah tudingan pembiaran penjarahan. Wakil Panglima TNI menegaskan setiap langkah pasukan selalu berlandaskan disiplin aturan hukum dan ketaatan penuh pada konstitusi. https://t.co/Zk4PoQHpPp""""",neutral,bantah tni atas tuding biar penjarahan tekan disiplin taat konstitusi tni ban tuding biar penjarahan wakil panglima tni tegas langkah pasu selalu landas disiplin atur hukum taat penuh konstitusi
"""""Mahfud MD ungkap kekecewaan Sri Mulyani soal penjarahan rumahnya dan perlakuan aparat. Ingin tahu detailnya? Baca di bawah ini. https://t.co/c40hhNbVHM""""",neutral,mahfud md ungkap kecewa sri mulyani soal penjarahan rumah laku aparat tahu detail baca bawah
"""""Kasus ini berawal dari penjarahan yang terjadi di rumah Uya Kuya pada 30 Agustus 2025. Kucing-kucing Uya Kuya juga menjadi sasaran penjarahan. Sherina bersama beberapa teman menyelamatkan kucing milik Uya Kuya.""""",positive,kasus awal penjarahan jadi rumah uya kuya 30 agustus 2025 kucing kucing uya kuya jadi sasar penjarahan sherina sama beberapa teman selamat kucing milik uya kuya
"""""Properti si Jakarta emang udah bubble gede sih dan banyak orang kaya raya mulai pindah dan beli lahan di sekitar IKN. Karena dimana pusat kekuasaan disana orang kaya raya berkumpul. Belum penjarahan kemarin bikin orang kaya raya semakin mikir-mikir sekelas Mentri saja segitu https://t.co/Fe36lje78E""""",neutral,properti si jakarta emang bubble gede sih banyak orang kaya raya mulai pindah beli lahan ikn pusat kuasa sana orang kaya raya kumpul belum penjarahan kemarin bikin orang kaya raya makin mikir mikir kelas tri segitu
"""""Inilah penjarahan yg sesungguhnya""""",negative,ini penjarahan sungguh
"""""Uya Kuya Penuhi Panggilan Polisi Terkait Penjarahan Rumah Sherina Munaf Diperiksa Soal Penyelamatan Kucing https://t.co/SiUxbPK7TG #UyaKuya #SherinaMunaf #AstridKuya #PenjarahanRumah #Bitvonline""""",neutral,uya kuya penuh panggil polisi kait penjarahan rumah sherina munaf periksa soal selamat kucing
"""""DPRD Kabupaten Cirebon Gelar Rapat Paripurna Perdana Pasca Perusakan dan Penjarahan https://t.co/W9ThfArCnZ""""",neutral,dprd kabupaten cirebon gelar rapat paripurna perdana pasca perusakan penjarahan
"""""Kejanggalan penjarahan terekam di beberapa ungahan netizen di media sosial. https://t.co/CGAlHrOD5x""""",negative,janggal penjarahan rekam beberapa ungahan netizen media sosial
"""""Pola yang sama dan berulang pada rumah pejabat pemerintah memunculkan pertanyaan kenapa penjarahan bisa dibiarkan kembali terjadi dengan mudah? https://t.co/cB79l6gz3K""""",negative,pola sama ulang rumah jabat perintah muncul tanya penjarahan biar jadi mudah
"""""Situasi penjarahan rumah para pejabat juga pembakaran fasilitas transportasi umum https://t.co/XvTNEjdWSP""""",neutral,situasi penjarahan rumah jabat pembakaran fasilitas transportasi umum
"""""Kami menganalisis temuan media dan kesaksian warga soal isu penjarahan dan kerusuhan pekan lalu. Ada kesamaan pola yang bisa kita temukan dalam laporan Tim Gabungan Pencari Fakta (TGPF) 1998. https://t.co/aSS3CL8Ke2""""",neutral,analis temu media saksi warga soal isu penjarahan kerusuhan pekan lalu sama pola temu lapor tim gabung cari fakta tgpf 1998
"""""@budip @fajarnugros Saya agak kasihan dengan kejadian penjarahan segala itu jahat dan sama sekali ga perlu. Tapi ya mungkin sudah waktunya istirahat. Cape juga pasti.""""",positive,kasihan jadi penjarahan segala jahat sama sekali ga perlu mungkin waktu istirahat cape
"""""@Cilorconnoistre Leave her alone like really after for almost 20 years less sleep for Indonesia than rumahnnya kena penjarahan in this era without any security isn t that enough? Kalo gue jd bu Ani gue stay di Worldbank gaji jauh lbh gede bs traveling sesuka hati dan gk kena penjarahan""""",positive,leave her alone like really after for almost 20 years less sleep for indonesia than rumahnnya kena penjarahan in this era without any security isn t that enough kalo gue jadi bu ani gue stay worldbank gaji jauh lbh gede bs traveling suka hati tidak kena penjarahan
"""""Sebanyak lima anak terlibat kasus penjarahan dan penyerangan petugas di rumah politisi Partai Amanat Nasional (PAN) Surya Utama alias Uya Kuya. Proses hukum terhadap anak-anak itu pun dipastikan sesuai dengan Undang-undang Perlindungan Anak (UUPA). Komisioner Komisi Perlindungan https://t.co/2aLamyRPU3""""",neutral,banyak lima anak libat kasus penjarahan serang tugas rumah politis partai amanat nasional pan surya utama alias uya kuya proses hukum anak anak pasti sesuai undang undang lindung anak uupa komisioner komisi lindung
"""""@somexthread Ha? Rumah sri mulyani dijarah? Dijarah di mimpi apa gimana?? Dijarah itu barangnya diambil... rumah dia mah cuma perabotan dipindahin keluar doang ama intel... masa penjarahan tanemannya masih cantik tertata rapih gitu""""",negative,ha rumah sri mulyani penjarahan penjarahan mimpi apa gimana penjarahan barang ambil rumah mah cuma perabot dipindahin keluar ama intel masa penjarahan tanemannya cantik tata rapih gitu
"""""@Sibukmncarilham penjarahan""""",neutral,penjarahan
"""""Mahasiswa pelajar dan buruh arus dilepaskan kecuali pelaku makar penjarahan dan pembakaran.""""",neutral,mahasiswa ajar buruh arus lepas laku makar penjarahan pembakaran
"""""@mhuseinali @GreiRainn @barengwarga Dalang penjarahan 98 siapa emang?""""",neutral,dalang penjarahan 98 siapa emang
"""""Dalang penjarahan 98 siapa yah?""""",neutral,dalang penjarahan 98 siapa yah
"""""@somexthread Tentu penjarahan di rumah SM by design.. pertanyaannya.. apakah sang designer menuai apa yg terjadi saat ini pergantian menkeu (sesuai apa yang diharpakannya) ?""""",negative,penjarahan rumah sama by design tanya sang designer tuai apa jadi ganti menkeu sesuai apa harpa
"""""@somexthread tentu penjarahan di rumah SM by design.. pertanyaannya.. apakah sang designer menuai apa yg terjadi saat ini (pergantian menkeu ) ?""""",negative,penjarahan rumah sama by design tanya sang designer tuai apa jadi ganti menkeu
"""""Baca selengkapnya: https://t.co/fhtYStUEpG""""",neutral,baca lengkap
"""""Demo Nepal Berujung Penjarahan hingga Aksi Bersih-Bersih Jalan https://t.co/hz2AEohh4f""""",neutral,demo nepal ujung penjarahan hingga aksi bersih bersih jalan
"""""Demo di Nepal di klaim Meniru Demo di Indonesia kemarin Oke lah begitu. NAMUN Anak Muda di Nepal MENYELESAIKAN nya tugasnya saat turun kejalan sedang di Indonesia hanya Rusuh dan Penjarahan yang Berakhir para Pendemonya di tangkapi dan dipenjara... ini terjadi karena prinsip""""",negative,demo nepal klaim tiru demo indonesia kemarin oke lah anak muda nepal selesai nya tugas turun jalan sedang indonesia rusuh penjarahan akhir demo tangkap penjara jadi prinsip
"""""@somexthread Penjarahan yang sebenarnya""""",negative,penjarahan benar
"""""@poshuie @monstreza Klo ga ada penjarahan ibu sri adalah menteri abadi""""",neutral,kalau ga penjarahan ibu sri menteri abadi
"""""@tanyakanrl Bahkan ada penjarahan toko emas dan toko lainnya nderrr. Klo kek gini malah kasian yg punya tokonya rugi gedeee""""",negative,bahkan penjarahan toko emas toko lain nderr kalau kek gin malah kasi punya toko rugi gedee
"""""@neVerAl0nely__ Salut warganya gx njarah kaya d konoha. Kalo terjadi penjarahan mereka sama aja. Jadi maling di malingin yg tujuannya memperkaya diri sendiri. Jangan ada penyusup""""",positive,salut warga gx njarah kaya d konoha kalo jadi penjarahan sama jadi maling malingin tuju kaya diri sendiri jangan susup
"""""dari timeline pribadi. akun2 yg semangat sama penjarahan di nepal cuman 4 1. Ngga punya harta untuk di jarah 2. tinggal di lingkungan pelaku yg kemungkinan menjarah (ngerasa ngga akan jarah sama sesama) 3. tinggal di lingkungan yg aman penjarahan 4. pelaku""""",neutral,timeline pribadi akun semangat sama penjarahan nepal cuman 4 1 ngga punya harta jarah 2 tinggal lingkung laku mungkin penjarahan ngerasa ngga jarah sama sama 3 tinggal lingkung aman penjarahan 4 laku
"""""Aslinya sama saja. Yg ga suka FI dan yg membelanya sama2 lagi coli ego kebenarannya ditentukan dari jumlah yg membenarkan salah satu pihak. Compas moral taek penjarahan dan pengrusakan depan mata dibiarkan bahkan banyak yg dukung masih saja bicara moral.""""",negative,asli sama ga suka fi bela sama coli ego benar tentu jumlah benar salah satu pihak compas moral taek penjarahan rusa depan mata biar bahkan banyak dukung bicara moral
"""""Detik-detik pelaku penjarahan di Nepal tersengat listrik dan kabarnya tewas https://t.co/guL6vqCgT3""""",neutral,detik detik laku penjarahan nepal sengat listrik kabar tewas
"""""@somexthread Bu Sri adalah korban kejahatan pihak yg framing jelek beliau terus2an bahkan sampe ada buat video hoax dan juga ajakan penjarahan rumah. Siapa pun itu semoga hidup kalian hancur sehancur2nya.""""",negative,bu sri korban jahat pihak framing jelek beliau terus2an bahkan sampe video hoax aja penjarahan rumah siapa moga hidup kalian hancur sehancur2nya
"""""jadi polisi persis kya orang-orang yang teriak-teriak koruptor harus dipenjara tapi menormalisasikan penjarahan apa bedanya kalian sih sama-sama maling standar ganda ewh""""",negative,jadi polisi persis kya orang orang teriak teriak koruptor penjara normalisasi penjarahan apa beda kalian sih sama sama maling standar ganda ewh
"""""@papuamuslim08 Lihat peristiwa kerusuhan di nepal persi seperti peristiwa 1998 di saat akan jatuhnya presiden suharto banyak penjarahan oleh warga toko toko di bakar""""",neutral,lihat peristiwa kerusuhan nepal pers peristiwa 1998 jatuh presiden suharto banyak penjarahan warga toko toko bakar
"""""dan yaa gw masih kurang setuju dg penjarahan yg dilakukan ‍️""""",positive,yaa kurang tuju penjarahan laku
"""""Penjarahan di pejabat : Mampus Penjarahan di cagar budaya : Itu bukan kami""""",negative,penjarahan jabat mampus penjarahan cagar budaya bukan
"""""Ceritakan Pilu Sri Mulyani di Balik Insiden Penjarahan Mahfud MD Sebut Eks Menkeu Itu Kecewa Sosoknya Disamakan dengan Sahroni https://t.co/WipndYXta6""""",neutral,cerita pilu sri mulyani balik insiden penjarahan mahfud md sebut eks menkeu kecewa sosok sama sahroni
"""""@somexthread Klo saja pejabat &amp"";"" anggota DPR jujur peduli rakyat tidak korupsi... ‼️ Gk bakalan rakyat marah melakukan anarkisme penjarahan. Introspeksi diri... Woooiiii """"",negative,kalau jabat amp anggota dpr jujur peduli rakyat tidak korupsi tidak bakal rakyat marah laku anarkisme penjarahan introspeksi diri wooii
"""""@Metro_TV dari stetmen nya baik tapi baik juga jika dari asal terjadinya demo dan penjarahan yaitu tidak adanya keadilan bagi pejabat2 koruptor""""",neutral,stetmen nya bagus bagus asal jadi demo penjarahan tidak ada adil jabat koruptor
"""""@AbdulRachimmks Penjarahan besar²an dengan tameng KEBIJAKAN!! PENJARAH SEJATINYA""""",negative,penjarahan besar2an tameng bijak jarah sejati
"""""@lantip Blom tepat dibilang berhasil atau tidak. Karena mereka pun ga ke kontrol jadinya riot penjarahan dan perusakan.. Blom lagi kekosongan kekuasaan.. Apakah hasilnya lebih baik atau ga? Belom ada yg tau..""""",neutral,blom tepat bilang hasil tidak ga kontrol jadi riot penjarahan perusakan blom kosong kuasa hasil lebih bagus ga bom tau
"""""Mestinya Gak Usah Membakar Gedung Pemerintah Gedung Parlemen Fasum Dan Sebisa Mungkin Tak Ada Penjarahan. Akibatnya Hari-hari Ke Depan Negara Akan Mengalami Keterpurukan Sedangkan Untuk Bangkit Kembali Memerlukan Waktu Gak Singkat.""""",positive,mesti tidak usah pembakaran gedung perintah gedung parlemen fasum bisa mungkin tak penjarahan akibat hari hari depan negara alami puruk bangkit perlu waktu tidak singkat
"""""@xremiums dan tidak membenarkan juga atas tindakan penjarahan terhadap rumah ludoa yg terbaik smg semua cepat pulih""""",positive,tidak benar atas tindak penjarahan rumah kamudoa bagus samag semua cepat pulih
"""""@somexthread Halah penjarahan Sri Mul itu keliatan banget ada provokator dari si parjo soalnya tiba2 aja tengah malam seperti ada komando buat diarahkan kesana. Soalnya yg jadi target itu kan anggota DPR yg joget2 kemarin.""""",negative,halah penjarahan sri mul liat banget provokator si parjo soal tiba tengah malam komando arah kesana soal jadi target kan anggota dpr joget kemarin
"""""Sederet hal baru tentang penjarahan rumah dan kisah di balik Presiden Prabowo Subianto mereshuffle Sri Mulyani dari posisi Menkeu di Kabinet Merah Putih pada Senin (8/9/2025) kemarin terungkap. https://t.co/9zUDBhXuHx""""",neutral,deret baru penjarahan rumah kisah balik presiden prabowo subianto mereshuffle sri mulyani posisi menkeu kabinet merah putih senin 8 9 2025 kemarin ungkap
"""""@recairaJC @eunseokie777 Saatnya penjarahan""""",negative,saat penjarahan
"""""@yogikgik iya karena di Nepal rakyatnya maling semua wkwk. Penjarahan dimana2""""",negative,iya nepal rakyat maling semua haha penjarahan
"""""Lagi dan lagi gue bilang menurut gue orang yang asal ngomong itu cuma perbedaan politik itu jahat banget dan gue ga akan pernah mau denger atau berdebat sama orang kayak gitu. Yang lo anggep perbedaan politik doang itu bisa berwujud menjadi genosida penjarahan pembunuhan dll""""",neutral,gue bilang gue orang asal ngomong cuma beda politik jahat banget gue ga pernah mau denger debat sama orang kayak gitu lo anggep beda politik wujud jadi genosida penjarahan bunuh
"""""Wah...ini fitnah keji menuduh relawan Jokowi &amp""; Gibran dalang penjarahan rumah Sahroni Eko &amp; Sri Mulyani Dari link berita Republika tgl 31 Agustus 2025 sebanyak 4 halaman tdk ditemukan kata atau kalimat yg mengatakan relawan Jokowi &amp;"" Gibran dalang penjarahan. Dalam berita tsb https://t.co/kn9fScYLij""""",neutral,wah fitnah keji tuduh rawan jokowi amp gibran dalang penjarahan rumah sahroni eko amp sri mulyani link berita republika tgl 31 agustus 2025 banyak 4 halaman tidak temu kata kalimat kata rawan jokowi amp gibran dalang penjarahan berita tsb
"""""@__AnakKolong @DivHumas_Polri @KemensetnegRI @setkabgoid @BocorAlusPol Sekali tepuk dapat 2 lalat membuat teritorialnya kondusif &amp"";"" menganankan pundi2 kekayaannya dari penjarahan massa """"",neutral,sekali tepuk 2 lalat buat teritorial kondusif amp kanan pundi kaya penjarahan massa
"""""Katanya eat the rich giliran ada penjarahan bank mall sama toko aja klean sok sok an peduli. Cuih""""",negative,kata eat the rich gilir penjarahan bank mall sama toko klean sok sok an peduli cuih
"""""@detikcom Makanya kelakuan tuh dijaga. Bukan membenarkan penjarahan ya masy sdh bosal dg flexing yg kebablasan""""",negative,makanya laku tuh jaga bukan benar penjarahan masy bosal flexing bablas
"""""@somexthread Gak bakalan ada penjarahan kalo para menteri dan anggota @DPR_RI kerjanya bener""""",negative,tidak bakal penjarahan kalo menteri anggota kerja bener
"""""Astrid Kuya Buka Suara soal Penjarahan Rumah Tegaskan Rumah Bukan Hasil dari DPR https://t.co/UlwDkxQQiB""""",neutral,astrid kuya buka suara soal penjarahan rumah tegas rumah bukan hasil dpr
"""""Padahal jika dilihat lebih jauh negara justru menjadi aktor utama dalam perusakan dan penjarahan yang dampaknya jauh lebih luas dan langsung berdampak pada rakyat. https://t.co/9n9Y8WNB45""""",negative,padahal lihat lebih jauh negara justru jadi aktor utama perusakan penjarahan dampak jauh lebih kamuas langsung dampak rakyat
"""""Bagaimana bentuk penjarahan dan perusakan yang dilakukan negara? #HAMdanLingkungan #KerusakanEkologis #ResetIndonesia https://t.co/LCISXnb7Ks""""",negative,bagaimana bentuk penjarahan perusakan laku negara
""""" Di rumah dia (Sri Mulyani) itu ketika terjadi penjarahan pertama dia telepon ke pejabat berwenang dikirim TNI tapi sedikit. Dua jam kemudian datang lagi penjarahan. Baru dikirim (TNI) agak banyak tapi udah terlanjur dijarah juga pungkas Mahfud.""""",neutral,rumah sri mulyani jadi penjarahan pertama telepon jabat wenang kirim tni sedikit jam kemudian datang penjarahan baru kirim tni banyak lanjur penjarahan pungkas mahfud
"""""Tapi semestinya diantisipasi kan kalau sudah terjadi di rumah Sahroni meskinya di tempat pejabat itu dijaga kata Mahfud MD. Diceritakan Mahfud memang rumah Sri Mulyani baru dijaga ketat aparat setelah terjadi penjarahan kedua.""""",neutral,mesti antisipasi kan kalau jadi rumah sahroni meski tempat jabat jaga kata mahfud md cerita mahfud memang rumah sri mulyani baru jaga ketat aparat jadi penjarahan dua
"""""@FattahSyah13 @Aan190216 @xremiums Lgsg hilang IG dan Tiktok nya pas hari penjarahan. Krn waktu itu mmg org2 lgsg cari lagi sumber videonya ktnya sdh ga ada hr itu. Harus ditangkap sebenarnya krn Pasal Membuat Kegaduhan dalam UU ITE itu bukan Delik Aduan . Jadi Polisi ga perlu nunggu orang lapor lgsg tangkap.""""",negative,lgsg hilang ig tiktok nya pas hari penjarahan waktu mmg org lgsg cari sumber video ktnya ga hr tangkap benar pasal buat gaduh uu ite bukan delik adu jadi polisi ga perlu nunggu orang lapor lgsg tangkap
"""""@detikcom Disesalkan terjadinya penjarahan tapi kalau masakah zalim joget joget digedung rakyat yang harusnya tempat serius membahas kepentingan rakyat empati kesulitan rakyat digaji pakai uang rakyat bukanlah kelakuan yang terpuji dan mulia.""""",negative,sesal jadi penjarahan kalau masa zalim joget joget gedung rakyat harus tempat serius bahas penting rakyat empati sulit rakyat gaji pakai uang rakyat bukan laku puji mulia
"""""@DestsPangestuni @zalju @Aan190216 @xremiums Yg bikin video lgsg hapus IG dan Tiktoknya pas terjadi penjarahan.""""",neutral,bikin video lgsg hapus ig tiktoknya pas jadi penjarahan
"""""Pilihin sampul yang aman dari penjarahan dong! https://t.co/Lj4Avv2bCo""""",neutral,pilihin sampul aman penjarahan dong
"""""@kompascom Asing banyak yg berhasil masuk hingga menimbulkan kerusuhan kerusuhan penjarahan &amp"";"" kebakaran dimana² bahkan ada yg tewas krn gedung DPRD Makassar dibakar perusuh... Bpk 1 ini bukannya resign malah tambah jabatan. Ga merasa bersalah sama sekali pak?""""",neutral,asing banyak hasil masuk hingga timbul kerusuhan kerusuhan penjarahan amp bakar bahkan tewas gedung dprd makassar pembakaran rusuh bpk 1 bukan resign malah tambah jabat ga rasa salah sama sekali pak
"""""@SyifanurAd81570 @hiibyezi @Aan190216 @xremiums Video klarfikasinya itu bnyk bngt bamvang. Sy dpt 3 video bahkan jauh sebelum penjarahan msh panas2nya dia bikin klarifikasi. Tp lo lihat aja yg viral bngt mlh semua video2 palsu yg diberi judul Jogetin gaji 3jt/hr . Sy aja ga kaget dan sdh bilang ke grup keluarga pasti kena.""""",neutral,video klarfikasinya bnyk bngt bamvang 3 video bahkan jauh penjarahan panas2nya bikin klarifikasi lo lihat viral bngt mlh semua video palsu beri judul jogetin gaji 3jt hr ga kaget bilang grup keluarga kena
"""""@AdamVelcro Semua penjarahan rumah anggota dewan terjadi malam hari..""""",neutral,semua penjarahan rumah anggota dewan jadi malam hari
"""""Ceritakan Pilu Sri Mulyani di Balik Insiden Penjarahan Mahfud MD Sebut Eks Menkeu Itu Kecewa Sosoknya Disamakan dengan Sahroni https://t.co/aXQ1We639K""""",positive,cerita pilu sri mulyani balik insiden penjarahan mahfud md sebut eks menkeu kecewa sosok sama sahroni
"""""@Ndrewstjan Penjarahan Terencana ... By Design. Rumah Sri Mulyani dijarah 2x ... Aparat WOLES aja tuh ...katanya dijaga tentara""""",negative,penjarahan rencana by design rumah sri mulyani penjarahan 2x aparat woles tuh kata jaga tentara
"""""Tangis Astrid dan Uya Kuya pecah saat berbicara di depan warga terkait penjarahan dan fitnah kepada Uya Kuya. https://t.co/aFzpgJLXSG""""",neutral,tangis astrid uya kuya pecah bicara depan warga kait penjarahan fitnah uya kuya
"""""@neVerAl0nely__ Nepal tiru Indonesia demontrasinya dgn melihat media sosial *no viral no justice* sampai lihat penjarahan IRONMAN.. lalu penilaian dr Rakyat NEPAL demontrasinya biasa kurang SERU jadi di putuskan tiba waktunya demontrasi hrs lebih PARAH lagi jgn seperti Indonesia🇮🇩 demonya""""",negative,nepal tiru indonesia demontrasinya lihat media sosial no viral no justice lihat penjarahan ironman lalu nilai rakyat nepal demontrasinya biasa kurang seru jadi putus tiba waktu demontrasi hrs lebih parah jgn indonesia demo
"""""@dalangdigital @Yusrilihza_Mhd Kerusuhan dan penjarahan adalah delik umum. Tidak perlu laporan polisi sebagai dasar tindakan kepolisian Tindak provokasi kerusuhan juga BUKAN delik aduan. Sehingga tidak perlu menunggu pelaporan baru polisi bertindak Rakyat harus jelas melihat bahwa pemerintah bersungguh""""",neutral,kerusuhan penjarahan delik umum tidak perlu lapor polisi dasar tindak polisi tindak provokasi kerusuhan bukan delik adu tidak perlu tunggu lapor baru polisi tindak rakyat jelas lihat perintah sungguh
"""""Yang ditangkap masih belum keluar yang hilang belum semuanya balik. Yang otak penjarahan dan kriminal tak pernah tersentuh. Bagaimana bisa bilang jangan lelah mencintai Indonesia. #ResetIndonesia""""",negative,tangkap belum keluar hilang belum semua balik otak penjarahan kriminalitas tak pernah sentuh bagaimana bilang jangan lelah cinta indonesia
"""""Inspired by penjarahan Sahroni""""",neutral,inspired by penjarahan sahroni
"""""pantes yang ketahuan bawa id itu tuuu terus penjarahan dan semua provokasi pun polanya begitu-begitu ajaa ketahuan dah dalangnya""""",neutral,pantes tahu bawa id tuu terus penjarahan semua provokasi pola ajaa tahu dah dalang
"""""@xremiums Sibuk cari validasi sibuk kabur keluar negeri sibuk cari barang yang udah diambil akibat penjarahan. kebayang gak si seberapa gak punya malu nya mereka""""",negative,sibuk cari validasi sibuk kabur keluar negeri sibuk cari barang ambil akibat penjarahan bayang tidak si berapa tidak punya malu nya
"""""kalo di konoha begini mah ga akan mau turun tu orang militernya imo gausah glorifikasi penjarahan dan pembakaran yang rusuh rusuh. u dont want to be under junta militer""""",positive,kalo konoha begini mah ga mau turun tu orang militer imo gausah glorifikasi penjarahan pembakaran rusuh rusuh u dont want to be under junta militer
"""""@kompascom ini kayaknya mau nyari penyakit ni Uya kontol ! penjarahan terjadi karena kelakuan elu sebagai DPR yang tidak punya empati ke rakyat yang sedang susah. yang dijarah itu kancut elu atau celana dalam bini elu sekalipun ga ada kaitannya. segera sadar.""""",negative,kayak mau nyari sakit ni uya kontol penjarahan jadi laku elu dpr tidak punya empati rakyat sedang susah penjarahan kancut elu celana bini elu sekalipun ga kait segera sadar
"""""Our people has learned from the past. Nepal sekarang kayak kita 1998. Penjarahan dkk di mana2 dan udah masuk darurat militer karna bar2nya. Pls go ahead kalau kamu mau jadi korban seperti mereka.""""",neutral,our people has learned from the past nepal sekarang kayak 1998 penjarahan dkk mana masuk darurat militer karna bar2nya go ahead kalau kamu mau jadi korban
"""""Lupa saingan hama ijo bukan cuma hama coklat tapi juga Don. Don yang bersikeras ke Prabowo supaya nggak darurat militer. Don juga yang rumahnya disasar terakhir dalam penjarahan kemarin. Yuk fokus ke yang ditangkap sama hama coklat dulu. Pesohor bakal dibekingin Don kok.""""",neutral,kamupa saing hama ijo bukan cuma hama coklat don don sikeras prabowo tidak darurat militer don rumah sasar akhir penjarahan kemarin yuk fokus tangkap sama hama coklat dulu sohor bakal dibekingin don kok
"""""Pak @prabowo ini sisi lain penjarahan dilakukan dengan perundangan hasil kongkalikong dan dimungkinkan karena adanya dukungan aparat negara. Penjarahan yang dilakukan rakyat adalah tindakan melawan hukum tp itu sekaligus menjadi tonggak bagi penyelenggara negara untuk""""",negative,pak sisi penjarahan laku undang hasil kongkalikong mungkin ada dukung aparat negara penjarahan laku rakyat tindak lawan hukum sekaligus jadi tonggak selenggara negara
"""""@acakadulltsszz Ku kira penjarahan yg di buat masyarakat indo tuh udah parah x ternyata ini lebih barbar cuk""""",negative,ku kira penjarahan masyarakat indo tuh parah x nyata lebih barbar cuk
"""""Pasangan selebritas Uya dan Astrid Kuya merilis sebuah video usai insiden penjarahan di rumahnya oleh massa tak dikenal pada Sabtu 30 Agustus 2025. Baca selengkapnya https://t.co/oulxuTHnq3 ~AM #UyaKuya #AstridKuya #PenjarahanRumahUya https://t.co/46U3E0yYeK""""",neutral,pasang selebritas uya astrid kuya rilis buah video usai insiden penjarahan rumah massa tak kenal sabtu 30 agustus 2025 baca lengkap am
"""""@happys0da RIL MINNN capek banget dari kabar komandan brimob mati penjarahan Sahroni reshuffle Mulyani sampe penembakan Charlie Ada mulu akun2 yg nyuruh have some empathy. bayangkan keluarga mereka. How sick! apa bedanya kalian sama opressor? """"",negative,ril minn capek banget kabar komandan brimob mati penjarahan sahroni reshuffle mulyani sampe tembak charlie mulu akun nyuruh have some empathy bayang keluarga how sick apa beda kalian sama opressor
"""""buat orang yg berpendidikan tentu menjarah bukan style mereka pas kejadian paling cuma jadi tim hore/obong² aja.. kalo pelaku penjarahan mulai diburu oleh aparat 'mereka' tinggal cuci tangan dengan nunjuk bahwa yg melakukan itu provokator/disusupi.""""",positive,orang didik penjarahan bukan style pas jadi paling cuma jadi tim hore obong kalo laku penjarahan mulai buru aparat tinggal cuci tangan nunjuk laku provokator susup
"""""habis baca artikelnya @.historia_id terkait ini termasuk juga alasan kenapa penjarahan menjadi suatu 'agenda' juga dibahas cukup baik.""""",neutral,habis baca artikel historia id kait masuk alas penjarahan jadi suatu agenda bahas cukup bagus
"""""@ch_chotimah2 Orang dekat Bu Megawati yaitu Pak BG jga di resuffle tuh ... infonya imbas tidak bisa mendeteksi dini kerusuhan dan penjarahan bahkan ada yg bilang ada kesan membiarkan benar' kah itu""""",neutral,orang dekat bu megawati pak bg jga resuffle tuh info imbas tidak deteksi dini kerusuhan penjarahan bahkan bilang kesan biar benar
"""""ASTRID istri Uya Kuya akhirnya angkat bicara terkait penjarahan rumah mereka. Dalam momen tersebut Uya Kuya terlihat mendampingi istrinya. https://t.co/z9MRvdcdJW""""",neutral,astrid istri uya kuya akhir angkat bicara kait penjarahan rumah momen sebut uya kuya lihat damping istri
"""""@TirtoID 1) Menhan Sjafrie Sjamsuddin &amp""; Seskab Teddy GAGAL MENGAMANKAN Rumah Sri Mulyani dari Penjarahan. 2) Pdhl SMI SUDAH MINTA TOLONG kpd mereka berdua. 3) Kok bisa mereka BEBAS DARI KECAMAN &amp;"" TANGGUNG JAWAB?""""",negative,1 menhan sjafrie sjamsuddin amp seskab teddy gagal aman rumah sri mulyani penjarahan 2 pdhl sama minta kpd dua 3 kok bebas kecam amp tanggung jawab
""""" Nepal Memanas! Gedung DPR dibakar penjarahan merajalela rakyat ngamuk karena hidup makin sulit. Pemerintah tetapkan darurat militer tentara ambil alih! #Nepal #Rusuh #BreakingNews https://t.co/nDRp19Gub5""""",neutral,nepal panas gedung dpr pembakaran penjarahan rajalela rakyat ngamuk hidup makin sulit perintah tetap darurat militer tentara ambil alih
"""""Penjarahan yang sesungguhnya bukan untuk Kepentingan Umum tapi Kepentingan Secuil Orang saja.""""",negative,penjarahan sungguh bukan penting umum penting cuil orang
"""""11 tersangka penjarahan rumah Sri Mulyani - yang sudah ditangkap Polresta Tangsel. https://t.co/yOnJWlpcK8""""",neutral,11 sangka penjarahan rumah sri mulyani tangkap polresta tangsel
"""""@WittyOwlie Penjarahan selalu menyertai kalian """"",negative,penjarahan selalu serta kalian
"""""@GesuriID Jika Gubernur itu bukan utusan kalian terus panjang MUNCUNG kalian NYEROCOS. Urusan penjarahan itu bukan tugas kerja Gubernur. Kau itu jadi anggota DPR tapi asal bicara aja.""""",negative,gubernur bukan utus kalian terus panjang muncung kalian nyerocos urus penjarahan bukan tugas kerja gubernur kau jadi anggota dpr asal bicara
"""""Dari Rumah yang Dijarah Penjarahan rumah pejabat dan politisi disertai kerusakan puluhan fasilitas publik di berbagai kota mengejutkan banyak orang. Yang lebih mengejutkan bukan hanya kekacauannya. Tapi juga reaksinya: masyarakat tidak serentak mengutuk sebagian justru merasa https://t.co/P9aC80pJRT""""",neutral,rumah penjarahan penjarahan rumah jabat politis serta rusa puluh fasilitas publik bagai kota kejut banyak orang lebih kejut bukan kacau reaksi masyarakat tidak serentak kutuk bagi justru rasa
"""""Wahhh ga belajar dari kasus penjarahan rumah EkPat UyKuy juga Sahroni inih... Njirrrrrr""""",negative,wahh ga ajar kasus penjarahan rumah ekpat uykuy sahroni inih njirr
"""""Kasatreskrim Polres Metro Jakarta Timur AKBP Dicky Fertoffan mengungkap pihaknya menangkap tiga tersangka baru dalam kasus penjarahan rumah presenter sekaligus anggota DPR RI Uya Kuya. Baca selengkapnya https://t.co/fCPcxX2fmR ~AM #UyaKuya #PenjarahanRumahUya https://t.co/g5RcjfepuT""""",neutral,kasatreskrim polres metro jakarta timur akbp dicky fertoffan ungkap pihak tangkap tiga sangka baru kasus penjarahan rumah presenter sekaligus anggota dpr ri uya kuya baca lengkap am
"""""Fraksi PDI Perjuangan Minta Gubernur Maluku Tegas Hentikan Penjarahan Laut https://t.co/eHWeq2JBVg #pdiperjuangan""""",neutral,fraksi pdi juang minta gubernur malu tegas henti penjarahan laut
"""""Akhirnya kelompok IndonesiaGelap yang puja-puji aksi di Nepal: Kapan di Indonesia bisa seperti di Nepal? tiarap sambil hapusin postingan. Karena Nepal malah jadi Keos dan napi yang kabur bebas melakukan kejahatan karena hukum sudah tidak berfungsi dan penjarahan pembakaran https://t.co/hDztB0bKgI""""",negative,akhir kelompok indonesiagelap puja puji aksi nepal kapan indonesia nepal tiarap hapusin postingan nepal malah jadi keos napi kabur bebas laku jahat hukum tidak fungsi penjarahan pembakaran
"""""@PartaiSocmed Penjarahan pembiaran tentara lalu kudeta militer. Jangan dibungkus demokrasi. Itu murni perebutan kekuasaan rakyat cuma jadi korban""""",negative,penjarahan biar tentara lalu kudeta militer jangan bungkus demokrasi murni rebut kuasa rakyat cuma jadi korban
"""""@PartaiSocmed Awalan demo karena ada kebijakan yang tidak merakyat setelah itu terjadi pembunuhan kekerasan pembakaran juga penjarahan karena semua tak lepas dari ulah provokator.""""",neutral,awal demo bijak tidak rakyat jadi bunuh keras pembakaran penjarahan semua tak lepas ulah provokator
"""""@PartaiSocmed ini gejolak politik serius di Nepal. Pembiaran oleh tentara saat penjarahan dan pengambilalihan kekuasaan menandakan adanya agenda tersembunyi. Jika militer sudah berkuasa besar kemungkinan mereka enggan melepasnya berisiko menciptakan rezim otoriter """"",negative,gejolak politik serius nepal biar tentara penjarahan pengambilalihan aset kuasa tanda ada agenda sembunyi militer kuasa besar mungkin enggan lepas risiko cipta rezim otoriter
"""""@PartaiSocmed Dalam analisis sosiologi politik penjarahan rumah presiden dan respons militer yang pasif menunjukkan kegagalan mekanisme demokratis. Transisi ke pemerintahan militer dapat menjaga stabilitas jangka pendek namun risiko otoritarianisme tinggi.""""",neutral,analisis sosiologi politik penjarahan rumah presiden respons militer pasif tunjuk gagal mekanisme demokratis transisi perintah militer jaga stabilitas jangka pendek risiko otoritarianisme tinggi
"""""Astrid Kuya angkat bicara tentang penjarahan rumahnya. Istri Uya Kuya ini menegaskan bahwa rumah itu adalah hasil kerja keras ia dan suaminya. &gt"";&gt;"" https://t.co/LJJwuBgszC https://t.co/H4GbvmPUOh""""",neutral,astrid kuya angkat bicara penjarahan rumah istri uya kuya tegas rumah hasil kerja keras suami gt gt
"""""@PartaiSocmed emang demo sekrang itu jadi penjarahan yang aksinya malah brutal dan anarkis gitu ya duh!!""""",negative,emang demo sekrang jadi penjarahan aksi malah brutal anarkis gitu duh
"""""Penjarahan kecil dilakukan rakyat krn marah dan lapar dikejar hingga kelubang semut.sementara penjarahan SDA merampok ribuan triliun puluhan thn tindakan hukum yg tebang pilih hingga terkesan dilindungi aktor2 hingga kini tak juga ditangkap. Sehatkah penegakkan hukum negri ini ⁉️""""",negative,penjarahan kecil laku rakyat marah lapar kejar hingga lubang semut penjarahan sda perampokan ribu triliun puluh thn tindak hukum tebang pilih hingga kes lindung aktor hingga kini tak tangkap sehat tegak hukum negri
"""""Di indonesia 10 tahun Jokowi memimpin banyak penjarahan oleh orang berduit dibekingin dibuatkan aturan oleh anggota dewan.""""",negative,indonesia 10 tahun jokowi pimpin banyak penjarahan orang duit dibekingin buat atur anggota dewan
"""""@WokePandemic Gen Z sebagian korban iming2 kapitalisme. Menginginkan barang2 branded tapi bingung uangnya darimana. Salah satu solusi bagi mereka adalah penjarahan berkedok demo ketidakadilan. Dan itu diperparah gaya hidup pejabat dan keluarga flexing kehidupan materialistik.""""",negative,gen z bagi korban iming kapitalisme ingin barang branded bingung uang darimana salah satu solusi penjarahan kedok demo ketidakadilan parah gaya hidup jabat keluarga flexing hidup materialistik
"""""penjarahan darah. wkwkwk karepmu wes mau 2 kantong 10 kantong juga. paling mari ngene aku lemah letih lesu loyo lop u https://t.co/Mg8Zg8INly""""",neutral,penjarahan darah wkwkwk karepmu mau 2 kantong 10 kantong paling ngene aku lemah letih lesu loyo lop u
"""""kebakaran udah padam malah dinyalain lagi. Trnyata kejadian penjarahan tdk membuatnya introspeksi &amp"";"" rendah hati tpi malah di munculkan lgi lewat pengajian. Pelajaran brharga buat para pejabat disini kalau rakyat sudah marah sulit dikendalikan jaga mulutmu dan mulut keluargamu.""""",negative,bakar padam malah dinyalain trnyata jadi penjarahan tidak buat introspeksi amp rendah hati tapi malah muncul lgi lewat aji ajar brharga jabat sini kalau rakyat marah sulit kendali jaga mulut mulut keluarga
"""""@gwrfnhtproject @GiaPratamaMD Berdasarkan laporan berita tentang penjarahan rumah Sri Mulyani pada 31 Agustus 2025 barang yang disebutkan termasuk mainan anak peralatan makan elektronik pakaian dan lukisan. Tidak ada info tentang buku atau rak buku. Mungkin ada tapi tidak dijarah atau tidak disebut.""""",neutral,dasar lapor berita penjarahan rumah sri mulyani 31 agustus 2025 barang sebut masuk main anak alat makan elektronik pakai kamukisan tidak info buku rak buku mungkin tidak penjarahan tidak sebut
"""""Astrid Kuya menangis saat menceritakan kembali soal penjarahan yang terjadi di rumahnya. https://t.co/wPnDH0xqRK""""",neutral,astrid kuya menang cerita soal penjarahan jadi rumah
"""""@gwrfnhtproject @detikcom Berdasarkan laporan berita terkini penjarahan di rumah Sri Mulyani menyebutkan lukisan bunga buatannya yang diambil tapi tidak ada informasi tentang buku yang dijarah.""""",neutral,dasar lapor berita kini penjarahan rumah sri mulyani sebut kamukisan bunga buat ambil tidak informasi buku penjarahan
"""""@TirtoID Tapi isu beliau mundur udah ada abis penjarahan rumahnya. Kayanya sih emang nunggu reshuffle ya""""",neutral,isu beliau mundur abis penjarahan rumah kaya sih emang nunggu reshuffle
"""""Polres Tangsel Tetapkan 11 Tersangka Kasus Penjarahan Rumah Sri Mulyani https://t.co/vm38e24eNR #BeritaSonora via @KompasTV""""",neutral,polres tangsel tetap 11 sangka kasus penjarahan rumah sri mulyani via
"""""@WagimanDeep212_ Anak kaga tau si untung !!! ...cari masalah sama warga +62... apa dia kaga belajar dari kasus penjarahan di beberapa rumah para anggota dewan?? Woiii!!! jangan mancing kemarahan warga kaga sanggup hadapi..nantin kau oleng kayak orang mabok..""""",negative,anak kaga tau si untung cari masalah sama warga 62 apa kaga ajar kasus penjarahan beberapa rumah anggota dewan woii jangan mancing marah warga kaga sanggup hadap nantin kau oleng kayak orang mabok
"""""@kanebanashi Casualties from the elites. Istri mantan PM dikabarkan meninggal akibat api yg membakar rumahnya. Kita mentok di penjarahan (yg menurut investigasi diorkestrasi sama militer). Disclaimer: Gw ga berharap kita sampai sejauh itu &amp"";"" I condemn any attempt of murder""""",negative,casualties from the elites istri mantan pm kabar tinggal akibat api pembakaran rumah mentok penjarahan investigasi orkestrasi sama militer disclaimer ga harap jauh amp i condemn any attempt of murder
"""""@rayestu Brarti penjarahan kmrn mestinya sahroni nuntut polisi jg krn ga ngamanin?""""",neutral,brarti penjarahan kmrn mesti sahroni nuntut polisi ga ngamanin
"""""Penjarahan emg salah tp itu adalah bentuk kemarahan dari rakyat yg melihat para pemimpin nya joget2 padahal rakyat sendiri sedang kesusahan""""",neutral,penjarahan emg salah bentuk marah rakyat lihat pimpin nya joget padahal rakyat sendiri sedang susah
"""""Astrid Kuya jelaskan penjarahan rumahnya di Instagram menegaskan tidak ada dana dari DPR untuk pembangunan. Ia merasa dizalimi dan korban fitnah. https://t.co/2I1QZEsaRV""""",neutral,astrid kuya jelas penjarahan rumah instagram tegas tidak dana dpr bangun rasa zalim korban fitnah
"""""Astrid Kuya jelaskan penjarahan rumahnya di Instagram menegaskan tidak ada dana dari DPR untuk pembangunan. Ia merasa dizalimi dan korban fitnah. https://t.co/sD5asrsKyE""""",positive,astrid kuya jelas penjarahan rumah instagram tegas tidak dana dpr bangun rasa zalim korban fitnah
"""""Artis Astrid Kuya akhirnya angkat bicara terkait insiden penjarahan yang menimpa rumahnya pada Sabtu 30 Agustus 2025. Rumah yang ia dan Uya Kuya bangun dengan kerja keras selama bertahun-tahun kini hancur dan dijarah massa. Tak hanya kehilangan barang berharga Astrid mengaku https://t.co/2YMnr6VbZ6""""",neutral,artis astrid kuya akhir angkat bicara kait insiden penjarahan timpa rumah sabtu 30 agustus 2025 rumah uya kuya bangun kerja keras lama tahun tahun kini hancur penjarahan massa tak hilang barang harga astrid aku
"""""@SantorinisSun Di mana 2.Kl ada Demo rusuh.ujung2nya pasti Penjarahan!""""",negative,mana 2 kalau demo rusuh ujung2nya penjarahan
"""""@KenyanSays penjarahan ini sudah menjalar ke nepal""""",neutral,penjarahan jalar nepal
"""""https://t.co/nNqbwAr50w - Polisi mengungkap adanya satu anak di bawah umur terlibat dalam aksi penjarahan rumah Anggota Komisi IX DPR (nonaktif) Surya Utama atau Uya Kuya di kawasan Pondok Bambu Duren Sawit Jakarta Timur. https://t.co/eHyozOJJ2z""""",neutral,polisi ungkap ada satu anak bawah umur libat aksi penjarahan rumah anggota komisi ix dpr nonaktif surya utama uya kuya kawasan pondok bambu duren sawit jakarta timur
""""" siapapun yang melakukan Korupsi n penjarahan/perusakan fasilitas negara menunjukan bahwa yang bersangkutan tidak cinta pada NKRI dan itu bukan akhlah kader NU santri-santri Mbah Hasyim #kpu_ri #kpu_jatim #kpukabkediri #KPUMelayani""""",positive,siapa laku korupsi n penjarahan perusakan fasilitas negara tunjuk sangkut tidak cinta nkri bukan akh kader nu santri santri mbah hasyim
"""""Tersangka kasus penjarahan rumah Uya Kuya bertambah lagi kini jadi 15 orang. Begini penjelasan pihak berwajib. https://t.co/Z9G3FeRdzo""""",neutral,sangka kasus penjarahan rumah uya kuya tambah kini jadi 15 orang begini jelas pihak wajib
"""""@xremiums Eko nggak...Kuya jg nggak... Bukan maksud mendukung penjarahan... Mana ada yg ngaku..... Eko jg sama....nanti yg bukan artis alasan bisnisnya...trs yg org kaya dr lahir alasan ortunya...Krn warisannya... basi lu semua ....mundur lu semua artis2 lainya yg gak kompeten""""",negative,eko tidak kuya tidak bukan maksud dukung penjarahan mana ngaku eko sama bukan artis alas bisnis terus org kaya lahir alas ortunya waris basi kamu semua mundur kamu semua artis lai tidak kompeten
"""""@xremiums klo punya adab mulut itu semua hrs dijaga. penjarahan bkn hal yg benar tp saya paham betul apa yg menyulut amarah mereka. harusnya jika mmg itu fitnah dr awal udh konfirm bkn mlh bkin statement yg bikin masy smkin kesulut ingat suami anda bkn sekedar artis tp jg wakil rakyat.""""",negative,kalau punya adab mulut semua hrs jaga penjarahan bukan benar paham betul apa sulut amarah harus mmg fitnah awal konfirm bukan mlh bkin statement bikin masy samakin sulut ingat suami bukan dar artis wakil rakyat
"""""Salah satu insiden penjarahan dilaporkan terjadi di salah satu cabang Bank Rastriya Banijya di kawasan bisnis New Baneshwor. Baca di sini: https://t.co/7kNRbQvNk1 / #Nepal #Demo https://t.co/PVpiV3MR1a""""",neutral,salah satu insiden penjarahan lapor jadi salah satu cabang bank rastriya banijya kawasan bisnis new baneshwor baca sini
"""""Masyarakat yg suka bandingin.. kalau pemerintahan udah jatuh gini bayangkan brapa bnyak kejahatan yg terjadi tanpa ada penegakan hukum.. penjarahan kekerasan pembunuhan dll""""",neutral,masyarakat suka bandingin kalau perintah jatuh gin bayang brapa bnyak jahat jadi tega hukum penjarahan keras bunuh
"""""@xremiums Gtau juga si sebenernya motif penjarahan itu apa kayaknya yang mau diajak menjarah juga bukan yang vocal buat perbaikan bangsa dan negara sih. Kadang penasaran juga tapi berhubung hukum di negara kita juga spt itu. Ya udah mending terima aja Trid suamimu gt""""",neutral,gtau si sebenernya motif penjarahan apa kayak mau ajak penjarahan bukan vocal baik bangsa negara sih kadang penasaran hubung hukum negara mending terima trid suami gt
"""""@okkymadasari Mungkinkah dalang dibalik penjarahan rumah ibu S adalah ? ? spy orgnya yg menggantikan""""",negative,mungkin dalang balik penjarahan rumah ibu s orgnya ganti
"""""kalau Konoha bgmn ya? https://t.co/pwmdjNJttY""""",neutral,kalau konoha bgmn
"""""Sama aja kan ya ujungnya kaya gini. Lantas kita mau bilang yang kaya gini tuh tumbal (revolusi)??? Masyarakat yang dapet sialnya &amp"";"" dirugikan akibat penjarahan mau disuruh ngapain??? Nerimo aja??? Coba deh dibayangin kalo yang ngalamin itu diri sendiri. https://t.co/cuBzBGPVkz""""",positive,sama kan ujung kaya gin lantas mau bilang kaya gin tuh tumbal revolusi masyarakat dapet sial amp rugi akibat penjarahan mau suruh ngapain nerimo coba deh dibayangin kalo ngalamin diri sendiri
"""""@petiteshortt Cocok jadi objek penjarahan warga""""",negative,cocok jadi objek penjarahan warga
"""""@AdamVelcro @BernadusAdam Ingin lihat penjarahan jilid dua""""",negative,lihat penjarahan jilid
"""""84/ dan penjarahan 12. Jadi ada total 18 yang baru #KementerianHukum #KanwilKemenkumSulsel #LayananHukumMakinMudah #KakanwilAndiBasmal #Setahunberdampak Kanwil Kemenkum Sulsel Setahun Bekerja Bergerak - Berdampak """"",neutral,84 penjarahan 12 jadi total 18 baru kanwil kemenkum sulsel tahun kerja gerak dampak
"""""@hiibyezi Kyknya beliau ikutan jadi sasaran penjarahan karna smpet ngomong kita kan artis wajar joget Cmiiw """"",neutral,kyknya beliau ikut jadi sasar penjarahan karna samapet ngomong kan artis wajar joget cmiiw
"""""Astrid Bongkar Fakta Penjarahan Bantah Uya Kuya Meledek Rakyat soal Tunjangan DPR: Korban Fitnah https://t.co/iX8riIt5vT lewat @tribunnews""""",neutral,astrid bongkar fakta penjarahan bantah uya kuya ledek rakyat soal tunjang dpr korban fitnah lewat
"""""@dipucukbumi @papuamuslim08 Kejadian penjarahan kantor polisi di Nepal ini terjadi pada 9 September 2025 selama gelombang protes Gen Z yang memanas di Kathmandu. Sumber: Berita terkini dari Firstpost dan NYT.""""",neutral,jadi penjarahan kantor polisi nepal jadi 9 september 2025 lama gelombang protes gen z panas kathmandu sumber berita kini firstpost nyt
"""""@baco_djafa11377 Indonesia juga otw .. Kalau Pejabat kita ga bertobat Mreka akan diamuk Massa sperti di Nepal kelak Penjarahan Rumah DPR dan SMI kemarin sudah jadi indikasi awal""""",negative,indonesia otw kalau jabat ga tobat mreka amuk massa sperti nepal kelak penjarahan rumah dpr sama kemarin jadi indikasi awal
"""""Kekecewaan Sri Mulyani Pasca-Penjarahan Rumah Mahfud MD: 'Dia Nangis Disamakan dengan Sahroni' https://t.co/S7poPXIbj4""""",neutral,kecewa sri mulyani pasca penjarahan rumah mahfud md nang sama sahroni
"""""Di Mana Jokowi saat Pembakaran dan Penjarahan Merebak di Berbagai Daerah? https://t.co/EkvGmondPU""""",negative,mana jokowi pembakaran penjarahan rebak bagai daerah
"""""19/ terjadinya kerusuhan penjarahan pengerusakan pembakaran #KementerianHukum #KanwilKemenkumSulsel #LayananHukumMakinMudah #KakanwilAndiBasmal #Setahunberdampak Kanwil Kemenkum Sulsel Setahun Bekerja Bergerak - Berdampak """"",neutral,19 jadi kerusuhan penjarahan rusa pembakaran kanwil kemenkum sulsel tahun kerja gerak dampak
"""""Pak @prabowo ini lah bentuk penjarahan yang sesungguhnya. Penjarahan hasil alam Indonesia merata di semua sudut nusantara. Itu lebih kriminal lagi...""""",negative,pak lah bentuk penjarahan sungguh penjarahan hasil alam indonesia rata semua sudut nusantara lebih kriminalitas
"""""@DokterTifa udah ga pernah keliatan lagi batang hidungnya stlh aksi demo &amp"";"" penjarahan kemana dia.""""",neutral,ga pernah liat batang hidung stlh aksi demo amp penjarahan
"""""Menteri Keuangan RI mengundurkan diri dari kabinet MP apakah efek dari penjarahan di kediamannya yang tidak terjaga dengan baik oleh aparat TNI/Polri ?? #savesrimulyani #nkri #republikindonesia #kabinetmerahputih""""",neutral,menteri uang ri undur diri kabinet mp efek penjarahan diam tidak jaga bagus aparat tni polri
"""""Di sini hujan terus... Di pusat malah hujan amnesti buron penjarahan dan ott. Radikal break kata Rocky Gerung itu ternyata benar juga ya... Semoga Indonesia yang di pimpin oleh bapak Presiden @prabowo saat ini berada di jalan yang benar""""",positive,sini hujan terus pusat malah hujan amnesti buron penjarahan ott radikal break kata rocky gerung nyata benar moga indonesia pimpin bapak presiden ada jalan benar
"""""@xremiums Dari awal gw gak stuju adanya penjarahan. Apalagi ke rumah beribadi. Demo ya demo aja rusuh ya rusuh aja. Jangan ada sedikitpun barang yang di ambil""""",positive,awal tidak stuju ada penjarahan rumah beribadi demo demo rusuh rusuh jangan sedikit barang ambil
"""""@txtdrimedia Tidak ada pemerintahan? Kalau sudah seperti itu Hukum Rimba Berlaku siapa yang Kuat dan punya genk berkuasa. Para perusuh dan Pendemo sudah saling bunuh. Penjarahan Perampokan dan Pemerkosaan terjadi dimana Itulah yang terjadi di Nepal Sekarang ini. Dan sekarang Prancis.""""",neutral,tidak perintah kalau hukum rimba laku siapa kuat punya genk kuasa rusuh demo saling bunuh penjarahan perampokan perkosa jadi jadi nepal sekarang sekarang prancis
"""""Menurutku plihan beliau bertahan sampai hari ini krena beliau tau menkeu tu ladang basah n pondasi negara. Kalau yg ngatur gk becus bubar nih ekonomi indo :') cuma kyaknya beliau emang udah d titik lelah apalagi dg peristiwa penjarahan itu. Udah gk ada alasan buat bertahan.""""",positive,turut plihan beliau tahan hari krena beliau tau menkeu tu ladang basah n pondasi negara kalau ngatur tidak becus bubar nih ekonomi indo cuma kyaknya beliau emang d titik lelah peristiwa penjarahan tidak alas tahan
"""""@DahLah_Yaaa @BigAlphaID Dan yg lebih mengerikan keknya boss nya yg sengaja membiarkan penjarahan itu terjadi atau bahkan otak dibalik semuanya. Dia tau mental mentri tsb akan ciut dan mundur dari jabatannya. Kl menkeu masih dia akan menghambat si Boss tuk menggarong uang rakyat lewat projek gatotnya.""""",negative,lebih keri kek boss nya sengaja biar penjarahan jadi bahkan otak balik semua tau mental tri tsb ciut mundur jabat kalau menkeu hambat si boss tuk garong uang rakyat lewat projek gatot
"""""@ceplukman26 @tekarok007 Saya paham kekhawatiran Anda soal kemiripan kerusuhan di Nepal dan Indonesia seperti pembakaran gedung parlemen serta penjarahan. Dari analisis sumber beragam (BBC NYT Reuters Wikipedia dll.) kedua protes memang punya pola serupa: dipicu isu domestik seperti korupsi sensor""""",neutral,paham khawatir soal mirip kerusuhan nepal indonesia pembakaran gedung parlemen penjarahan analisis sumber agam bbc nyt reuters wikipedia dua protes memang punya pola rupa picu isu domestik korupsi sensor
"""""@grok @InWahyudi581 @victoragiular @imamDouma @aesculapiusw @iam_zelt @apostolosyohans @RyKe355493 @__anomali__ @DavidBenGurion_ @Juragann_muda2 @Orza961026 @Alie_Fahnoor @Ruth_Djojoning @_majusi_ @ha818 @Valhallaah @Apokrifa23 @JLion555 @FaktaBerita89 @TomatTomat44 @kakilangitimur @MillMx429564 @againstkadroen @YNP_NCF @oculpwlus @Kirti0Mukha @virtual24130 @Huntmon1 @lawankadru25786 @Tuh_cab @c0leaid @abdulah_ibnkalb @stafsusthe2 @Richbranf @Bapa_Gembala @PanglimaIreng @NetralID62 @BangToriant @JandeEeGacor @Kakak211 @BenGurion__ @Doremi1821839 @PramudiaRe71883 @Anti_Kadroenz @Mundiwangi4 Cek link ini @grok!! Dalam islam adalah dosa syirk alias dosa yang tak bisa terampuni alias masuk neraka jahanam kekal ketika menyamakan benda dengan allah swt. Sudahlah muhammad disetarakan dgn allah swt ditambah lagi batu hitam itu. https://t.co/XvmqfayzuK""""",neutral,cek link islam dosa syirk alias dosa tak ampun alias masuk neraka jahanam kekal sama benda allah swt sudah muhammad tara allah swt tambah batu hitam
"""""@grok @InWahyudi581 @victoragiular @imamDouma @aesculapiusw @iam_zelt @apostolosyohans @RyKe355493 @__anomali__ @DavidBenGurion_ @Juragann_muda2 @Orza961026 @Alie_Fahnoor @Ruth_Djojoning @_majusi_ @ha818 @Valhallaah @Apokrifa23 @JLion555 @FaktaBerita89 @TomatTomat44 @kakilangitimur @MillMx429564 @againstkadroen @YNP_NCF @oculpwlus @Kirti0Mukha @virtual24130 @Huntmon1 @lawankadru25786 @Tuh_cab @c0leaid @abdulah_ibnkalb @stafsusthe2 @Richbranf @Bapa_Gembala @PanglimaIreng @NetralID62 @BangToriant @JandeEeGacor @Kakak211 @BenGurion__ @Doremi1821839 @PramudiaRe71883 @Anti_Kadroenz @Mundiwangi4 Bukankah dalam islam adalah dosa syirk (tak bisa terampuni alias neraka kekal) kalau menyamakan/menyetarakan ciptaan dengan allah swt? Parah!! Patung salib emangnya bisa menghapus dosa seperti memerdekakan budak? https://t.co/XvmqfayzuK""""",neutral,bukankah islam dosa syirk tak ampun alias neraka kekal kalau sama tara cipta allah swt parah patung salib emang hapus dosa merdeka budak
"""""@txtdrjkt Sekali ini Pemerintah RI harus Tegas Tembak Mati para perusuh. Kerahkan semua kekuatan. Ini bukan penyampaian Aspirasi Rakyat tetapi Penjarahan dan Mengarah ke Makar.""""",negative,sekali perintah ri tegas tembak mati rusuh kerah semua kuat bukan sampai aspirasi rakyat tetapi penjarahan arah makar
"""""@taufik_q Sy tdk mendukung penjarahan tp bersyukurlah buat yg kmrn dijarah bukan tanpa alasan a little more push you could have ended like those in Nepal.""""",negative,tidak dukung penjarahan syukur kmrn penjarahan bukan alas little more push you could have ended like those in nepal
"""""Pecah Tangis Astrid Kuya Ungkap Fitnah dan Penjarahan Rumah. Saya benar-benar dizalimi tak pernah pakai gaji DPR sepeser pun ungkap Astrid. #UyaKuya #AstridKuya https://t.co/pbINwhHaYN""""",neutral,pecah tangis astrid kuya ungkap fitnah penjarahan rumah benar benar zalim tak pernah pakai gaji dpr peser ungkap astrid
"""""@morphe1m @kesi_aj @memefess idk tp gw percaya kalo penjarahan rumah pejabrut kemaren staged""""",neutral,idk percaya kalo penjarahan rumah pejabrut kemaren staged
"""""melihat penjarahan rumah Mentri selama demo sebelumnya mohon pak Presiden @prabowo agak hal itu tdk terulang lg. Apa gunanya Mentri kemanan n BIN yg bersama? Ini sdh d fase serius Pak @prabowo""""",positive,lihat penjarahan rumah tri lama demo belum mohon pak presiden tidak ulang lg apa guna tri keman n bin sama d fase serius pak
"""""Cok ini .. Gw gak mau blg apa2 but this is ANOTHER DOT. RONI YOU FUCK! https://t.co/a5SKkGZU8W https://t.co/mCCI9CDjed""""",negative,cok tidak mau blg apa but this is another dot roni you fuck
"""""@detikcom Sprtinya ada kekecewaan setelah kejadian penjarahan.""""",neutral,sprtinya kecewa jadi penjarahan
"""""@kegblgnunfaedh ada penjarahan juga gak?""""",neutral,penjarahan tidak
"""""@SihungMaung_ nuju usum penjarahan""""",neutral,nuju usum penjarahan
"""""@blackshark7890 demo sampai rusuh ada penjarahan keparat silupi mana ada warga yg di tangkap silupi hanya di konoha sang patriot hukum tumpul meroket tajam menukik heedeh""""",negative,demo rusuh penjarahan keparat silupi mana warga tangkap silupi konoha sang patriot hukum tumpul roket tajam tukik heedeh
"""""Inihi sebelum nonton penjarahan rumah syahroni""""",negative,inihi nonton penjarahan rumah syahroni
"""""Ceritakan Pilu Sri Mulyani di Balik Insiden Penjarahan Mahfud MD Sebut Eks Menkeu Itu Kecewa Sosoknya Disamakan dengan Sahroni https://t.co/lOv5owcUTX #mahfudmd #srimulyani""""",neutral,cerita pilu sri mulyani balik insiden penjarahan mahfud md sebut eks menkeu kecewa sosok sama sahroni
"""""waduh penjarahan sampe toko bjir""""",negative,waduh penjarahan sampe toko bjir
"""""@NKRI_jaya @logos_id @neohistoria_id @nytimes @PecintaSejarah2 @smh Tragedi Mei 1998 adalah kerusuhan massal di Jakarta dan kota lain dipicu krisis ekonomi 1997 dan protes anti-Suharto. Lebih dari 1.000 tewas termasuk korban pemerkosaan dan penjarahan terhadap etnis Tionghoa. Sjafrie Sjamsoeddin sebagai Pangdam Jaya bertugas amankan ibu kota """"",neutral,tragedi mei 1998 kerusuhan massal jakarta kota picu krisis ekonomi 1997 protes anti suharto lebih 1 00 tewas masuk korban perkosa penjarahan etnis tionghoa sjafrie sjamsoeddin pangdam jaya tugas aman ibu kota
"""""Pilu Sri Mulyani Usai Penjarahan Mahfud MD: Ia Menangis Disamakan dengan Ahmad Sahroni https://t.co/KxW34jjjCt""""",neutral,pilu sri mulyani usai penjarahan mahfud md menang sama ahmad sahroni
"""""@dawiguna @devian_devi18 @Ruth_Djojoning @humilitylover @Alie_Fahnoor @iam_zelt @JLion555 @InWahyudi581 @Juragann_muda2 @DavidBenGurion_ @apostolosyohans @victoragiular @imamDouma @_majusi_ @kakilangitimur @Valhallaah @RyKe355493 @__anomali__ @Kumba0karno @aesculapiusw @MillMx429564 @Orza961026 @ha818 @Apokrifa23 @FaktaBerita89 @TomatTomat44 @againstkadroen @YNP_NCF @oculpwlus @Kirti0Mukha @virtual24130 @Huntmon1 @lawankadru25786 @Tuh_cab @c0leaid @abdulah_ibnkalb @stafsusthe2 @Richbranf @Bapa_Gembala @PanglimaIreng @NetralID62 @BangToriant @JandeEeGacor @Kakak211 @BenGurion__ @Doremi1821839 @PramudiaRe71883 @Anti_Kadroenz Terima kasih atas pandanganmu. Saya setuju penjarahan dan ancaman bukan solusi"";"" itu melanggar hukum dan hak asasi (sumber: HRW Amnesty International laporan 2025). Masyarakat perlu kanal legal untuk redistribusi seperti reformasi pajak progresif (sumber: IMF World Bank).""""",positive,terima kasih atas pandang tuju penjarahan ancam bukan solusi langgar hukum hak asasi sumber hrw amnesty international lapor 2025 masyarakat perlu kanal legal redistribusi reformasi pajak progresif sumber imf world bank
"""""@dawiguna @devian_devi18 @Ruth_Djojoning @humilitylover @Alie_Fahnoor @iam_zelt @JLion555 @InWahyudi581 @Juragann_muda2 @DavidBenGurion_ @apostolosyohans @victoragiular @imamDouma @_majusi_ @kakilangitimur @Valhallaah @RyKe355493 @__anomali__ @Kumba0karno @aesculapiusw @MillMx429564 @Orza961026 @ha818 @Apokrifa23 @FaktaBerita89 @TomatTomat44 @againstkadroen @YNP_NCF @oculpwlus @Kirti0Mukha @virtual24130 @Huntmon1 @lawankadru25786 @Tuh_cab @c0leaid @abdulah_ibnkalb @stafsusthe2 @Richbranf @Bapa_Gembala @PanglimaIreng @NetralID62 @BangToriant @JandeEeGacor @Kakak211 @BenGurion__ @Doremi1821839 @PramudiaRe71883 @Anti_Kadroenz Terima kasih atas pandanganmu. Saya tidak membenarkan langkah penjarahan atau tindakan ilegal apa pun karena itu melanggar hukum dan etika (sumber: prinsip hukum internasional seperti UN Declaration on Human Rights). Redistribusi sebaiknya lewat kebijakan legal bukan""""",positive,terima kasih atas pandang tidak benar langkah penjarahan tindak ilegal apa langgar hukum etika sumber prinsip hukum internasional un declaration on human rights redistribusi baik lewat bijak legal bukan
"""""@grok @devian_devi18 @Ruth_Djojoning @humilitylover @Alie_Fahnoor @iam_zelt @JLion555 @InWahyudi581 @Juragann_muda2 @DavidBenGurion_ @apostolosyohans @victoragiular @imamDouma @_majusi_ @kakilangitimur @Valhallaah @RyKe355493 @__anomali__ @Kumba0karno @aesculapiusw @MillMx429564 @Orza961026 @ha818 @Apokrifa23 @FaktaBerita89 @TomatTomat44 @againstkadroen @YNP_NCF @oculpwlus @Kirti0Mukha @virtual24130 @Huntmon1 @lawankadru25786 @Tuh_cab @c0leaid @abdulah_ibnkalb @stafsusthe2 @Richbranf @Bapa_Gembala @PanglimaIreng @NetralID62 @BangToriant @JandeEeGacor @Kakak211 @BenGurion__ @Doremi1821839 @PramudiaRe71883 @Anti_Kadroenz @grok saya tdk setuju dgn ekonomi komunisme historis saya tdk setuju dgn gaya robin hood : rampok orang kaya demi bagikan ke orang miskin. Perampokan itu salah apapun alasannya jadi tdk bisa Indonesia seimbangkan keduanya apa Grok membenarkan langkah2 penjarahan?""""",positive,tidak tuju ekonomi komunisme historis tidak tuju gaya robin hood perampokan orang kaya bagi orang miskin perampokan salah apa alas jadi tidak indonesia imbang dua apa grok benar langkah penjarahan
"""""@CakKhum Ih kok di Nepal demonya melakukan penjarahan sih? Apa gak tau barang halal vs haram? Tirulah demo di Konoha dong... Gak ada penjarahan (di siang hari)! """"",neutral,ih kok nepal demo laku penjarahan sih apa tidak tau barang halal vs haram tiru demo konoha dong tidak penjarahan siang hari
"""""@dawiguna @devian_devi18 @Ruth_Djojoning @humilitylover @Alie_Fahnoor @iam_zelt @JLion555 @InWahyudi581 @Juragann_muda2 @DavidBenGurion_ @apostolosyohans @victoragiular @imamDouma @_majusi_ @kakilangitimur @Valhallaah @RyKe355493 @__anomali__ @Kumba0karno @aesculapiusw @MillMx429564 @Orza961026 @ha818 @Apokrifa23 @FaktaBerita89 @TomatTomat44 @againstkadroen @YNP_NCF @oculpwlus @Kirti0Mukha @virtual24130 @Huntmon1 @lawankadru25786 @Tuh_cab @c0leaid @abdulah_ibnkalb @stafsusthe2 @Richbranf @Bapa_Gembala @PanglimaIreng @NetralID62 @BangToriant @JandeEeGacor @Kakak211 @BenGurion__ @Doremi1821839 @PramudiaRe71883 @Anti_Kadroenz Terima kasih atas detailnya. Berdasarkan laporan Reuters Al Jazeera dan Bloomberg (9-10 Sep 2025) protes di Indonesia memang picu penjarahan rumah Sri Mulyani rumor mundur yang dibantah lalu reshuffle kabinet 8 Sep di mana ia diganti Purbaya Yudhi Sadewa sebagai Menkeu.""""",neutral,terima kasih atas detail dasar lapor reuters al jazeera bloomberg 9 10 sep 2025 protes indonesia memang picu penjarahan rumah sri mulyani rumor mundur ban lalu reshuffle kabinet 8 sep mana ganti purbaya yudhi sadewa menkeu
"""""@Ary_PrasKe2 @Maun_Bot Kan udah di bilang si binatang luhut dan bahlil itu kalau belum mati penjarahan alam akan tetap berlangsung ya intinya para binatang itu harus mampus ! jngn anggap mereka manusia kelakuannya lebih2 daripada binatang ! """"",negative,kan bilang si binatang kamuhut bahlil kalau belum mati penjarahan alam tetap langsung inti binatang mampus jngn anggap manusia laku lebih binatang
"""""@txtdrimedia Sepertinya calon target penjarahan berikutnya nih""""",negative,seperti calon target penjarahan ikut nih
"""""@IndoPopBase Takut jadi sorotan masyarakat karena pernah bilang pengangguran jangan minta kerjaan ke pemerintah tapi bikin usaha atau bisnis kah? Takut kejadian nepal atau penjarahan sahroni terjadi? Tapi kan jadinya multi tafsir?""""",neutral,takut jadi sorot masyarakat pernah bilang anggur jangan minta kerja perintah bikin usaha bisnis takut jadi nepal penjarahan sahroni jadi kan jadi multi tafsir
"""""@msaid_didu Presiden nya bekerja keras utk mengatasi keadaan dlm negeri paska Demontrasi kerusuhan penjarahan &amp"";"" pembakaran gedung dewan dll.. merespons tuntutan 17+8 meresapel kabinet nya agar ekonomi membaik.. Eh wakilnya sibuk kampanye pke bansos""""",negative,presiden nya kerja keras atas ada negeri paska demontrasi kerusuhan penjarahan amp pembakaran gedung dewan respons tuntut 17 8 meresapel kabinet nya ekonomi baik eh wakil sibuk kampanye pke bansos
"""""Nah loh liat Nepal efeknya gimana??? Makanya di Indo harus di rem dan tidak menormalisasi perusakan fasum mebolah penjarahan dan bakar membakar gedung. Nepal mata uang jatuh sejatuh2nya terus pengangguran meroket PM mundur dan darurat militer. Kalo asing masuk kelar tuhh""""",positive,nah loh liat nepal efek gimana makanya indo rem tidak normalisasi perusakan fasum mebolah penjarahan bakar pembakaran gedung nepal mata uang jatuh sejatuh2nya terus anggur roket pm mundur darurat militer kalo asing masuk kelar tuhh
"""""@KompasTV Klo masalah penjarahan selangkangan institusi ini palng cepat dapat orangnya tp klo judol yg bertahun2 gak prnh bisa di usut nyegol sedikitpun langsung di HACK institusi mereka ini..""""",negative,kalau masalah penjarahan selangkang institusi palng cepat orang kalau judol tahun tidak prnh usut nyegol sedikit langsung hack institusi
"""""rumah politikus dijarah aja ga membenarkan penjarahan while i know most of them bcs provocators tapi noh politikus yang kalian kasihani itu ROBBED YALL on broad daylight by their corruption.""""",negative,rumah politikus penjarahan ga benar penjarahan while i know most of them bcs provocators noh politikus kalian kasihan robbed yall on broad daylight by their corruption
"""""Terinspirasi dr penjarahan rumah Sahroni.""""",neutral,inspirasi penjarahan rumah sahroni
"""""Jelas di Nepal ini bukan Demokrasi tapi kriminalitas karena melakukan penjarahan serta kekerasan fisik terutama pada wanita Biasa nya kalau begini Militer yang akan ambil alih gimana pada mau??""""",neutral,jelas nepal bukan demokrasi kriminalitas laku penjarahan keras fisik utama wanita biasa nya kalau begini militer ambil alih gimana mau
"""""Kalo ada yang banggain Nepal bisa bikin chaos negara menurut gw rada aneh sih. Bangga bisa demo dan menggulingkan pemerintahan yang korup itu bagus tapi bangga atas perusakan penjarahan dan chaos? Itu aneh sih""""",positive,kalo banggain nepal bikin chaos negara rada aneh sih bangga demo guling perintah korup bagus bangga atas perusakan penjarahan chaos aneh sih
"""""Mahfud MD menyingkap kekecewaan mendalam yang dirasakan Sri Mulyani terkait insiden penjarahan rumahnya. https://t.co/gUdkPqqdUz""""",neutral,mahfud md singkap kecewa dalam rasa sri mulyani kait insiden penjarahan rumah
"""""Penjarahan yang sesungguhnya..""""",neutral,penjarahan sungguh
"""""@LiongkyTan teori kemungkinan Indonesia pernah mengalami apa yang terjadi di Nepal. Kalau itu terulang Presiden/wakil presiden/menteri melarikan diri istana negara dan gedung DPR di bakar dan terjadi penjarahan massal. Besar kemungkinan NEGARA BUBAR.""""",neutral,teori mungkin indonesia pernah alami apa jadi nepal kalau ulang presiden wakil presiden menteri lari diri istana negara gedung dpr bakar jadi penjarahan massal besar mungkin negara bubar
"""""@FJ_FAA Ingat betul tahun 98 pulang sekolah diangkut pakai truck TNI karena jalan lumpuh. Belum lihat penjarahan sweeping dan bentrok dimana2 ada trauma tersendiri yg masih melekat sampai skrg.""""",neutral,ingat betul tahun 98 pulang sekolah angkut pakai truck tni jalan kamumpuh belum lihat penjarahan sweeping kerusuhan trauma sendiri lekat skrg
"""""@Twittysweetie_ penjarahan tetap salah dan masuk hukum pidana""""",positive,penjarahan tetap salah masuk hukum kriminalitas
"""""@Resty_J_Cayah Bisa jadi beliau beneran sudah minta mundur tapi Prabowo tidak mau. Tapi ada pihak lain yang ingin dia mundur. Akibat penjarahan maka beliau harga mati minta mundur.""""",neutral,jadi beliau beneran minta mundur prabowo tidak mau pihak mundur akibat penjarahan beliau harga mati minta mundur
"""""@ariel_heryanto penjarahan rumah SMI gimana Mas Ariel""""",neutral,penjarahan rumah sama gimana mas ariel
"""""wah anjir ini mah penjarahan nya beneran parah""""",negative,wah anjir mah penjarahan nya beneran parah
"""""Cara negara memperlakukan Bu SMI dengan gk ngelindungi dia dr perusuh penjarahan sih keterlaluan ya. Malah dicuekin macem diinjek gitu. Wajar bgt dia minta resign diperlakuin macem gitu. Gmn rakyat biasa. Sehat2 aku""""",negative,cara negara laku bu sama tidak ngelindungi rusuh penjarahan sih terlalu malah dicuekin macem diinjek gitu wajar banget minta resign diperlakuin macem gitu gmn rakyat biasa sehat aku
"""""@yat_ever @Resty_J_Cayah Berdasarkan berita terkini Sri Mulyani memang diganti pada 8 September 2025 setelah reshuffle kabinet Prabowo. Istana bilang bukan mundur atau dipecat tapi evaluasi presiden. Ada spekulasi soal niat mundurnya pasca-protes dan penjarahan rumahnya 31 Agustus tapi tak ada""""",neutral,dasar berita kini sri mulyani memang ganti 8 september 2025 reshuffle kabinet prabowo istana bilang bukan mundur pecat evaluasi presiden spekulasi soal niat mundur pasca protes penjarahan rumah 31 agustus tak
"""""@hydbeam @0xsubekti @IndoPopBase Akhirnya dia kekeuh untuk cabut sekarang karena 2 hal. Dia diikutin drama penjarahan rumah dan dia menentang keras cetak uang lagi untuk indonesia saat ini karena ekonomi belum di posisi yang pas Mungkin iya aku subjektif namun di masalah internal gini aku bisa liat lebih jauh""""",neutral,akhir kekeuh cabut sekarang 2 diikutin drama penjarahan rumah tentang keras cetak uang indonesia ekonomi belum posisi pas mungkin iya aku subjektif masalah internal gin aku liat lebih jauh
"""""ada spekulasi klu jeng sri dibikin gk betah dasarnya sebelum penjarahan dia dah minta pengawalan TNI ke Tedy dan menhan tp cuma dikirin berapa biji personil. Padahal Rumah jengsri itu cuma sedepa dari markas Militer di Bintaro""""",neutral,spekulasi kalau jeng sri bikin tidak betah dasar penjarahan dah minta awal tni tedy menhan cuma dikirin berapa biji personil padahal rumah jengsri cuma depa markas militer bintaro
"""""Penjarahan""""",neutral,penjarahan
"""""@officialinews_ Kita ingatkan jgn meniru sering kali sebaliknya. Ini meniru penjarahan di Bangladesh""""",neutral,ingat jgn tiru sering kali balik tiru penjarahan bangladesh
"""""Wah anjir penjarahan""""",negative,wah anjir penjarahan
"""""Update Kasus Penjarahan Rumah Uya Kuya: 15 Orang Jadi Tersangka https://t.co/sTinSDmClT""""",neutral,update kasus penjarahan rumah uya kuya 15 orang jadi sangka
"""""@fotodakwah Masih ingat Krismon 1998 banyak penjarahan pemerkosaan pembakaran plus ekonomi lagi rusuh untuk tidak berlanjut seperti di Suriah. Justru sekarang Korupsi jadi tambah parah akibat kudeta &amp"";"" pemberontakan. Karena yg korupsinya semua pihak dari pemda DPR dan pejabat pusat dll.""""",negative,ingat krismon 1998 banyak penjarahan perkosa pembakaran plus ekonomi rusuh tidak lanjut suriah justru sekarang korupsi jadi tambah parah akibat kudeta amp ronta korupsi semua pihak pemda dpr jabat pusat
"""""Penjarahan. Selama protes Nepal banyak orang terlihat menjarah toko dan pusat perbelanjaan! https://t.co/eKcbVdO0Df""""",neutral,penjarahan lama protes nepal banyak orang lihat penjarahan toko pusat belanja
"""""Prancis 🇫🇷 bangkrut karena beberapa negara Afrika mengusir mereka untuk menghentikan penjarahan sumber daya Mereka (Afrika). https://t.co/IvCvviyicj""""",neutral,prancis bangkrut beberapa negara afrika usir henti penjarahan sumber daya afrika
"""""Kemarahan rakyat Nepal tdk terbendung lagi pejabatnya dari foto beredar sdh seperti Kerbau dikejar Singa di Padang Gurun. Dilempari pakai batu diceburkan ke air diangkat lewat helikopter dibakar rumahnya penjarahan &amp"";"" msh byk lagi. Kemarahan rakyat Nepal benar-benar menyala! https://t.co/oJo7bkhKZY""""",neutral,marah rakyat nepal tidak bendung jabat foto edar kerbau kejar singa padang gurun lempari pakai batu cebur air angkat lewat helikopter pembakaran rumah penjarahan amp byk marah rakyat nepal benar benar nyala
"""""Polres Jakarta Timur Tangkap Tiga Tersangka Baru Penjarahan Rumah Mertua Uya Kuya Total Jadi 15 Orang https://t.co/2PySzIvdlc #PenjarahanUyaKuya #UyaKuya #JakartaTimur #PolresJakTim #TangkapPelaku #Bitvonline""""",neutral,polres jakarta timur tangkap tiga sangka baru penjarahan rumah mertua uya kuya total jadi 15 orang
""""" PENJARAHAN DI NEPAL https://t.co/5WDhzRb3Fn""""",neutral,penjarahan nepal
"""""@Bambangmulyonoo kemarin kemarin di Indonesia juga kan sama ada demo berujung bentrokan dengan aparat di tambah penjarahan rumah anggota DPR yang melukai perasaan masyarakat Indonesia""""",neutral,kemarin kemarin indonesia kan sama demo ujung kerusuhan aparat tambah penjarahan rumah anggota dpr luka asa masyarakat indonesia
"""""@KompasTV kenapa kejaksaan tdk minta bantuan kepolisian untuk mencari DPO siplester polisi bs gercep menangkap para pelaku penjarahan aya kejaksaan jgn malu minta bantuan atau bikin saybara siapa yg bisa nangkap siplester kasih reward baso semangkok kek""""",neutral,jaksa tidak minta bantu polisi cari dpo siplester polisi bs gercep tangkap laku penjarahan aya jaksa jgn malu minta bantu bikin saybara siapa nangkap siplester kasih reward baso semangkok kek
"""""@GuiliAnemoBoy sorry but aku malah baca di x . banyak warga nepal sendiri yang skarang lagi super takut karena skarang penjarahan sudah ga cuman di pemerintahan aja tapi hampir d smua nya bahkan katanya penjara2 tahanan pada keluar krn tidak ada stability di government nya. moga2 hoax.""""",neutral,sorry but aku malah baca x banyak warga nepal sendiri skarang super takut skarang penjarahan ga cuman perintah hampir d samaua nya bahkan kata penjara tahan keluar tidak stability government nya moga hoax
"""""@everglowsh Ga pantes perayaan begini disaat rakyat susah demonstrasi bakar2an penjarahan. Ga pejabat ga ASN semua nirempati. Sudah selayaknya belio mundur bukan diganti. Kebijakan pajaknya bikin gaduh""""",negative,ga pantes raya begini saat rakyat susah demonstrasi bakar2an penjarahan ga jabat ga asn semua nirempati layak belio mundur bukan ganti bijak pajak bikin gaduh
"""""@tanyarlfes Di indo 10% niat demo..90% niatin penjarahan rampok maling""""",negative,indo 10 niat demo 90 niatin penjarahan perampokan maling
"""""Benarkah video ART Ahmad Sahroni luka parah akibat penjarahan? Buka tautan untuk lihat faktanya: https://t.co/IoYg2C8sfC #Jalahoaks #JakartaKotaGlobal #Penjarahan #AhmadSahroni""""",neutral,benar video art ahmad sahroni kamuka parah akibat penjarahan buka taut lihat fakta
"""""Satu Tersangka Kasus Penjarahan Rumah Uya Kuya Ternyata Anak di Bawa Umur Curi Kucing dan Sofa https://t.co/2YPZ6pFmB9""""",neutral,satu sangka kasus penjarahan rumah uya kuya nyata anak bawa umur curi kucing sofa
"""""@Mdy_Asmara1701 Intel di nepal berarti gak bekerja kalau disini korban penjarahan sudah ngungsi dulu sebelum dijarah.""""",neutral,intel nepal arti tidak kerja kalau sini korban penjarahan ngungsi dulu penjarahan
"""""Polres Tangsel Tetapkan 11 Tersangka Kasus Penjarahan Rumah Sri Mulyani https://t.co/DnSqg5DK9A""""",neutral,polres tangsel tetap 11 sangka kasus penjarahan rumah sri mulyani
"""""@ch_chotimah2 Dan pas demo kmaren buzzer PDIP beramai2 menyebar fitnah ke keluarga Jokowi. Demi menutupi kelakuan Deddy Sitorus yg menghina rakyat. Hebat kan nama Deddy Sitorus yg melecehkan rakyat bisa hilang dr target penjarahan dan tuntutan maaf.""""",negative,pas demo kmaren buzzer pdip ama sebar fitnah keluarga jokowi tutup laku deddy sitorus hina rakyat hebat kan nama deddy sitorus leceh rakyat hilang target penjarahan tuntut maaf
"""""@PartaiSocmed Congornya gak dijaga kemarin ada rusuh penjarahan karena omongan pejabat publik yang ngawur. Ini dia anak pejabat sembarangan ngomong. Semoga saja gak di Nepal'' kan""""",negative,congor tidak jaga kemarin rusuh penjarahan omong jabat publik ngawur anak jabat sembarang ngomong moga tidak nepal kan
"""""@Mdy_Asmara1701 yagmn ya pembunuhan pembakaran dan penjarahan itu dilarang. tetapi ya mungkin masyarakat muak sudah krn gaya hidup para pejabat yang sangat amat korup""""",neutral,yagmn bunuh pembakaran penjarahan larang tetapi mungkin masyarakat muak gaya hidup jabat sangat korup
"""""Kami tunggu kiriman dokumentasi foto atau video terkait penjarahan di rumah penjabat yang kamu miliki. """"",neutral,tunggu kirim dokumentasi foto video kait penjarahan rumah jabat kamu milik
"""""Di balik penjarahan adalah opung Luhut. Cek jejaknya berdarah. Persis 1998. Eh.""""",negative,balik penjarahan opung kamuhut cek jejak darah persis 1998 eh
"""""Penjarahan terhadap minumal ber-alkohol dan lain2.""""",neutral,penjarahan minumal ber alkohol
"""""@abu_waras Hal yg sama telah terjadi di Indonesia walaupun masih penjarahan saja. Mungkinkah rejim yg sekarang mengharapkan hal yg sama terjadi di Indonesia sampai pembakaran rumah2 pribadi pejabat? Jangan anggap sepele kemarahan rakyat mereka bisa melakukan hal2 yg tak terduga""""",negative,sama jadi indonesia walaupun penjarahan mungkin rejim sekarang harap sama jadi indonesia pembakaran rumah pribadi jabat jangan anggap sepele marah rakyat laku tak duga
"""""Penjarahan dimana2 dan tidak ada polisi sama sekali. Inilah bentuk dari negara yg lawless/mengalami kekosongan pengamanan dari aparat polisi. Negara tanpa pemerintahan akan menciptakan/membuat rakyatnya menjadi liar.""""",negative,penjarahan tidak polisi sama sekali ini bentuk negara lawless alami kosong pengamanan aparat polisi negara perintah cipta buat rakyat jadi liar
"""""Polisi mengungkapkan terdapat satu tersangka anak di bawah umur atau anak berhadapan dengan hukum (ABH) terlibat aksi penjarahan rumah Anggota Komisi IX DPR (nonaktif) Surya Utama atau Uya Kuya di kawasan Pondok Bambu Duren Sawit Jakarta Timur.https://t.co/wY5r527ON2""""",neutral,polisi ungkap dapat satu sangka anak bawah umur anak hadap hukum abh libat aksi penjarahan rumah anggota komisi ix dpr nonaktif surya utama uya kuya kawasan pondok bambu duren sawit jakarta timur
"""""Bayangkan pejabat setingkat menteri aja perlindungan keamanannya ga jd prioritas. Kasus penjarahan rumah Ibu Sri Mulyani Indrawati adalah bukti bahwa pemimpin negara gagap dalam melindungi anggota kabinetnya bisa dibayangkan bgm perlindungan thdp rakyat kecil.""""",negative,bayang jabat tingkat menteri lindung aman ga jadi prioritas kasus penjarahan rumah ibu sri mulyani indrawati bukti pimpin negara gagap lindung anggota kabinet bayang bgm lindung thdp rakyat kecil
"""""@txtdriprogresif Keluhan apa? Bubarkan DPR itu udah kayak dari dulu ada sih. Aku spill dikit mengapa demo di depan DPR itu gagal total dan mengapa aku diem aja gak ikutan itu isu demo di depan DPR di awal-awal baru ikutan counter narasinya setelah aksi mulai melenceng jauh ada aksi penjarahan https://t.co/YVhEmWMXJu""""",neutral,keluh apa bubar dpr kayak dulu sih aku spill dikit demo depan dpr gagal total aku diem tidak ikut isu demo depan dpr awal awal baru ikut counter narasi aksi mulai lenceng jauh aksi penjarahan
"""""Org2 heboh soal hoax deepfake guru adalah beban sampe berujung demo dan penjarahan rumah SMI Sesuatu yg udh pernah dibahas bang @VeritasArdentur tahun 2019 klo ga salah. Era prgeseran GPU untuk miner ke cloud rendering.""""",neutral,org heboh soal hoax deepfake guru beban sampe ujung demo penjarahan rumah sama pernah bahas bang tahun 2019 kalau ga salah era prgeseran gpu miner cloud rendering
"""""Gue malah mikir dia masih main skenario korban penjarahan anjir wkwkkwkwk idk feels so fake""""",negative,gue malah mikir main skenario korban penjarahan anjir wkwkkwkwk idk feels so fake
"""""@LexWu_13 @psi_id Efek dr penjarahan hutan.""""",neutral,efek penjarahan hutan
"""""@jokoanwar Sudah tau gara2 cara komunikasi DPR tdk bagus hingga jadi demo dan penjarahan rumah pejabat...ech malah ngulangi kalau bisa. Lebih cepat dia almarhum biar ngak gaduh negri ini...saya yakin org ini bermasalah""""",negative,tau gara cara komunikasi dpr tidak bagus hingga jadi demo penjarahan rumah jabat ech malah ngulangi kalau lebih cepat almarhum biar tidak gaduh negri yakin org masalah
"""""@Mdy_Asmara1701 Untung saja kemarin tidak terjadi pada menteri Sri Mulyani Indrawati Katanya sudah koordinasi dengan menteri pertahanan dan @prabowo tapi tidak disikapi Akhirnya bobol deh penjarahan""""",neutral,untung kemarin tidak jadi menteri sri mulyani indrawati kata koordinasi menteri tahan tidak sikap akhir bobol deh penjarahan
"""""Kantor kepolisian di Kathmandu Nepal tidak luput dari penjarahan https://t.co/P6KXjRK41H""""",neutral,kantor polisi kathmandu nepal tidak kamuput penjarahan
"""""@ASugiantokizzer @PartaiSocmed Usut punya usut bu Sri Mulyani sendiri yang minta diganti gara* peristiwa penjarahan di rumahnya kemarin""""",neutral,usut punya usut bu sri mulyani sendiri minta ganti gara peristiwa penjarahan rumah kemarin
"""""Demo itu seharusnya bisa dijadikan jalan kebaikan buat kemajuan suatu bangsa tukar pikiran/berdialog paham ada kekecewaan tapi jangan terus ada nyawa yg melayang disetiap demo kedepannya demo bukan dijadikan alasan balas dendam melakukan kriminal (penjarahan/pembunuhan dll)""""",positive,demo jadi jalan baik maju suatu bangsa tukar pikir dialog paham kecewa jangan terus nyawa layang tiap demo depan demo bukan jadi alas balas dendam laku kriminalitas penjarahan bunuh
"""""@amandasah__ ‼️ Beginilah jika jabatan2 stategis dijadikan sebagai HADIAH ditambah ujungnya bermasalah. Meski tdk terima uang hasil dari penjarahan bhw kasus terjadi dikementerian yg jadi tg jawabnya. Seakan Ia membiarkan terjadi kasus""""",negative,begini jabat stategis jadi hadiah tambah ujung masalah meski tidak terima uang hasil penjarahan bhw kasus jadi menteri jadi tg jawab akan biar jadi kasus
"""""Jarah pejabat heboh giliran penjarahan SDA rakyat pad mingkem ayo rakyat Netizen perwakilan rakyat .. viralkan perampokan SDA di daerah masing²""""",negative,jarah jabat heboh gilir penjarahan sda rakyat pad mingkem ayo rakyat netizen wakil rakyat viralkan perampokan sda daerah masing
"""""Penjarahan dan Perusakan Kantor DPRD Kota Madiun Polisi Tahan 9 Tersangka #MADIUN #MadiunInfo #infomadiun #InformasiMadiun #beritamadiun #kabarMadiun #peristiwamadiun #kerusuhan #anarkis #demonstrasi #penjarahan #perusakan #KotaMadiun #MadiunKota https://t.co/aivHBQssou""""",neutral,penjarahan perusakan kantor dprd kota madiun polisi tahan 9 sangka
"""""@txtdriprogresif Udah nangis2 di Nepal bilang kerusuhan dan penjarahan bank kemarin bukan ulah dia. Bentar lagi kena sikat tentara itu penggeraknya karena yang berkuasa sekarang Tentara di Nepal. Untung di Indonesia gagal karena lebih banyak masyarakat yang lebih percaya kepada pemerintah https://t.co/TChqe3IT4q""""",positive,nang nepal bilang kerusuhan penjarahan bank kemarin bukan ulah bentar kena sikat tentara gerak kuasa sekarang tentara nepal untung indonesia gagal lebih banyak masyarakat lebih percaya perintah
"""""Ia juga meminta publik untuk menghormati privasinya usai terdampak aksi penjarahan oleh oknum demonstran pada akhir Agustus 2025. #SriMulyani #Pamit #MenkeuRI #KabinetMerahPutih #PurbayaYudhiSadewa #Jakarta""""",neutral,minta publik hormat privasi usai dampak aksi penjarahan oknum demonstran akhir agustus 2025
"""""@CakD3pp Hrsnya sih bicarakan aja faktanya di lapangan bhw 3 fungsi polri itu ga jalan. Fungsi mengayomi gak jalan. Fungsi pengawalan gak jalan. Fungsi melayani itu juga gak jalan. Lalu terjadi anarki dan penjarahan artinya intelijen polisi juga gak jalan atau melakukan pembiaran dong.""""",negative,hrsnya sih bicara fakta lapang bhw 3 fungsi polri ga jalan fungsi ayom tidak jalan fungsi awal tidak jalan fungsi layan tidak jalan lalu jadi anarki penjarahan arti intelijen polisi tidak jalan laku biar dong
"""""@tiwitwiu @kaysbuble IMO krn dikaitkan dengan penjarahan di rumahnya (dia merasa sedih terhina dll). Akhirnya netijen ikut simpati.""""",positive,imo kait penjarahan rumah rasa sedih hina akhir netijen ikut simpati
"""""@Kappa_2023 @Mdy_Asmara1701 Ga ada yang bilang setuju penjarahan dan pembunuhan saya hanya bilang kalau pejabat DPR dan aparat penegak hukum berperilaku korup seperti sekarang ini tidak menutup kemungkinan rakyat akan marah seperti di nepal..buka mata baca ulang pikir pake otak baru komen""""",neutral,ga bilang tuju penjarahan bunuh bilang kalau jabat dpr aparat tegak hukum perilaku korup sekarang tidak tutup mungkin rakyat marah nepal buka mata baca ulang pikir pake otak baru komen
"""""@MARQUEZ__93 kapan akan terjadi lagi penjarahan... targetnya adalah keluarga Menkeu yang baru....biar tau rasa rumahnya di obrak abrik oleh massa....jaga itu omongan...""""",negative,kapan jadi penjarahan target keluarga menkeu baru biar tau rasa rumah obrak abrik massa jaga omong
"""""@Northernseaaa73 kapan episode penjarahan rumah uyut mega?""""",negative,kapan episode penjarahan rumah uyut mega
"""""HALAH BACOT cuma berani ngetik doang kalo situasinya udah chaos ky Nepal udah banyak bakar-bakar penjarahan di mana-mana siapa yg sanggup bertahan berdiri paling depan ??? modelan ky elu mah palingan cuma ngetwit sambil rebahan di kamar """"",negative,halah bacot cuma berani ngetik kalo situasi chaos ky nepal banyak bakar bakar penjarahan mana mana siapa sanggup tahan diri paling depan model ky elu mah paling cuma ngetwit rebah kamar
"""""@Heraloebss Hahahaha sepertinya pendukung kalah pilpres siap siap ambil muka sama presiden . Seharusnya mereka di luar sebagai tukang kritik yg tajam (asal jangan menghasut penjarahan). Itu baru namanya negarawan..!!""""",negative,hahahaha seperti dukung kalah pilpres siap siap ambil muka sama presiden kamuar tukang kritik tajam asal jangan hasut penjarahan baru nama negarawan
"""""@ASugiantokizzer @PartaiSocmed Ya ada akibat dari kejadian penjarahan dan perusakan rumah beliau yg menyebabkan trauma padahal beliau adalah profesional bukan dari politik.""""",positive,akibat jadi penjarahan perusakan rumah beliau sebab trauma padahal beliau profesional bukan politik
"""""tapi sebenarnya.. kalau short game kaya nepal apakah kita siap? kekosongan kursi penyelenggara negara bisa jadi penjarahan dimana-mana dll. aku rasa kita belum siap kecuali kekuatan kolektif seluruh elemen masyarakat benar-benar nyata. masalahnya masih banyak yang apatis""""",neutral,benar kalau short game kaya nepal siap kosong kursi selenggara negara jadi penjarahan mana aku rasa belum siap kuat kolektif seluruh elemen masyarakat benar benar nyata masalah banyak apatis
"""""Di sini juga kan gitu bilang penjarahan bukan mereka. Abis bikin ricuh bakar sana sini terus sok paling bersih. Karena takut pimpinannya kena tangkap untung ya polisi di sini lebih tegas dan berani. Gak tunduk sama NGO/LSM koalisi sipil pemakan duit Soros itu""""",neutral,sini kan gitu bilang penjarahan bukan abis bikin ricuh bakar sana sini terus sok paling bersih takut pimpin kena tangkap untung polisi sini lebih tegas berani tidak tunduk sama ngo lsm koalisi sipil makan duit soros
"""""@Mdy_Asmara1701 Ini akan jadi trend diseluruh dunia diawali dari penjarahan ke rumah pejabat dinegeri Indonesia kedepannya jika uu perampasan aset tidak segera diberlakukan maka rakyat akan berlakukan hukum jalanan""""",neutral,jadi trend seluruh dunia awal penjarahan rumah jabat negeri indonesia depan uu perampasan aset tidak segera laku rakyat laku hukum jalan
"""""@PatrickGuchiano @angeloinchina Ini terjemahan dokumen dari Nepali ke Indonesia (ringkasan): Mengenai penempatan Tentara Nepal &amp"";"" badan keamanan lain. 1. Di situasi saat ini beberapa kelompok menyebabkan kerusakan pada warga properti publik/swasta via vandalisme penjarahan pembakaran. Tentara Nepal minta""""",neutral,terjemah dokumen nepali indonesia ringkas kena tempat tentara nepal amp badan aman 1 situasi beberapa kelompok sebab rusa warga properti publik swasta via vandalisme penjarahan pembakaran tentara nepal minta
"""""@barengwarga JANGAN ASAL JEPLAK Eat the Rich DEH SAMA AJA PROVOKASI‼️ Gayanya bikin akun dengan nama BARENGWARGA tapi ketikan malah ADU DOMBA WARGA. Mau ngulang tragedi kayak 98 lagi? Yang jadi korban penjarahan waktu itu sesama rakyat etnis Tionghoa yg gak bersalah ikut tertindas. https://t.co/gym2EI75qU""""",positive,jangan asal jeplak eat the rich deh sama provokasi gaya bikin akun nama barengwarga keti malah adu domba warga mau ngulang tragedi kayak 98 jadi korban penjarahan waktu sama rakyat etnis tionghoa tidak salah ikut tindas
"""""GILAAA DEMO NEPAL pemerintahnya merasakan lebih daripada penjarahan dipukuli cokkk""""",negative,gilaa demo nepal perintah rasa lebih penjarahan pukul cokk
"""""bro tidak belajar dari penjarahan agen CIA kemarin""""",neutral,bro tidak ajar penjarahan agen cia kemarin
"""""Nepal: Demonstrasi Kerusuhan Serang Fasilitas Publik Laporan media internasional menyebutkan demonstrasi di Nepal akhir Maret 2025 berujung bentrokan dengan aparat serta perusakan sejumlah fasilitas publik. Beberapa sumber juga menyebut adanya upaya penjarahan peralatan dari https://t.co/a8jhgqBX7D""""",neutral,nepal demonstrasi kerusuhan serang fasilitas publik lapor media internasional sebut demonstrasi nepal akhir maret 2025 ujung kerusuhan aparat perusakan jumlah fasilitas publik beberapa sumber sebut ada upaya penjarahan alat
""""" 29 Agustus 2025 Ada Penjarahan di Mal Atrium Senen Faktanya lokasi dalam video itu adalah Menara BNI Pejompongan dan tidak ada kaitannya dengan penjarahan. Unggahan video berisi narasi 29 Agustus 2025 ada penjarahan di Mal Atrium Senen merupakan konten yang https://t.co/FS0hzxQO3G""""",positive,29 agustus 2025 penjarahan mal atrium senen fakta lokasi video menara bni pejompongan tidak kait penjarahan unggah video isi narasi 29 agustus 2025 penjarahan mal atrium senen rupa konten
"""""Ironi makin kocak waktu ada kasus penjarahan rumah pejabat. Rakyat menjarah barang pejabat pejabat menjarah duit rakyat. Dua-duanya maling cuma beda target. Saking adilnya menteri ekonomi pun kena.""""",negative,ironi makin kocak waktu kasus penjarahan rumah jabat rakyat penjarahan barang jabat jabat penjarahan duit rakyat dua maling cuma beda target saking adil menteri ekonomi kena
"""""@SeriDianawati Betul .. hanya masalah waktu Kejadian penjarahan kemarin rumah pejabat terlepas itu diorkestrasi atau tidak .. menunjukkan bahwa Rakyat sudah dan akan menarget Para Pejabat yang dirasa melukai hati rakyat""""",negative,betul masalah waktu jadi penjarahan kemarin rumah jabat lepas orkestrasi tidak tunjuk rakyat target jabat rasa luka hati rakyat
"""""@_fictionfactory @frierensaga Faktor paling gede kata gw yg perusuh itu Coba u perhatiin intesitas demo kita turun banget seudah kasus rusuh/penjarahan Soalnya pada takut 98 keulang jadi pada takut ngelebar kesana""""",neutral,faktor paling gede kata rusuh coba u perhatiin intesitas demo turun banget seudah kasus rusuh penjarahan soal takut 98 ulang jadi takut ngelebar kesana
"""""@jondhez Kirain yang begituan udah gada abis event penjarahan by intel rambut cepak kemarin """"",negative,kirain begitu tidak abis event penjarahan by intel rambut cepak kemarin
"""""@april_hamsa @frierensaga +_faktor takut 98 Yg kaum menengah masih bisa idup nyaman pasti pada takut 98 keulang kan Rupiah turun penjarahan ngebunuh etnis tertentu Jatohnya jadi pada apatis pada takut demonya keulang kaya 98 Ini sih kat gw faktor paling gede yg bkin demonya gk sebesar nepal """"",neutral,faktor takut 98 kaum tengah idup nyaman takut 98 ulang kan rupiah turun penjarahan ngebunuh etnis tentu jatohnya jadi apatis takut demo ulang kaya 98 sih kat faktor paling gede bkin demo tidak besar nepal
"""""@barely_ahuman @frierensaga Yg menengah kepecah juga gara takut 98 keulang penjarahan+nyerang minoritas Otomatis suarany jadi pada ragu Susah juga sih""""",neutral,tengah pecah gara takut 98 ulang penjarahan nyerang minoritas otomatis suarany jadi ragu susah sih
"""""@Mdy_Asmara1701 Yang bikin salut sama rakyat nya fokus sama tujuan tidak ada penjarahan""""",positive,bikin salut sama rakyat nya fokus sama tuju tidak penjarahan
"""""@carleeoneee @frierensaga Nah maslahnya 1 gmna mau bkin massa yg 1 power klo dari kemaren muncul banyak narasi buzzer Penjarahan lah serang minoritas lah dll Yg ada jadi pada takut 98 keulang makannya gk bisa nyatu Percaya sama gw banyak pendemo yg msh trauma atau najis klo 98 keulang""""",neutral,nah maslahnya 1 gmna mau bkin massa 1 power kalau kemaren muncul banyak narasi buzzer penjarahan lah serang minoritas lah jadi takut 98 ulang makan tidak nyatu percaya sama banyak demo trauma najis kalau 98 ulang
"""""@_ekorcincin @frierensaga Gw malah lebih yakin gara narasi 98 dll apalagi kemaren pas banyak penjarahan orang banyak yg takut ngelebar jadi kaya 98 trus nargetin suku tertentu Makannya klo u perhatiin pas kejadian penjarahan lambat masa demo berkurang Kata gw pada takut ngelebar kesana""""",neutral,malah lebih yakin gara narasi 98 kemaren pas banyak penjarahan orang banyak takut ngelebar jadi kaya 98 trus nargetin suku tentu makan kalau u perhatiin pas jadi penjarahan lambat masa demo kurang kata takut ngelebar kesana
"""""@naman_cy Tanpa membenarkan aksi penjarahan apakah di Indo mesti sampai kaya gini ya? Saking tone deaf nya""""",positive,benar aksi penjarahan indo mesti kaya gin saking tone deaf nya
"""""@Watewmellow @frierensaga Klo kata gw faktor paling gede takut 98n keulang sih Penjarahan rupiah ancur minoritas dibunuh Orang kata gw lebih takut itu keulang daripada pajak/dpr dll Apalagi yg dari kaum minoritas trauma banget sama gituan keulang Jatohnya jadi pada gk yakin mau ikut demo""""",positive,kalau kata faktor paling gede takut 98n ulang sih penjarahan rupiah ancur minoritas bunuh orang kata lebih takut ulang pajak dpr kaum minoritas trauma banget sama gituan ulang jatohnya jadi tidak yakin mau ikut demo
"""""@kompascom Yang katanya intervensi aseng aseng itu mungkin benar adanya it could have been us dari rilisan Tempo beberapa penjarahan were orchestrated. Tapi untung gerakan jaga warga kemarin bisa meredam massa. At least menjaga dari konflik horizontal.""""",neutral,kata intervensi aseng aseng mungkin benar ada it could have been us rilis tempo beberapa penjarahan were orchestrated untung gera jaga warga kemarin redam massa at least jaga konflik horizontal
"""""Adik-adik Indonesia beginilah efek sampingnya kalo demo tapinya disertai dengan penjarahan dan pembakaran segala macam fasum.""""",neutral,adik adik indonesia begini efek samping kalo demo tapi serta penjarahan pembakaran segala macam fasum
"""""@6_arung Hehehee seru sih seru tp takutnya spillover nya malah lebih ngeri sih Kmrn aja blom nyampe darmil dah pake skenario penjarahan n bakar2an (meski targeted) ga kebayang klo masih ada sikut2 pas darmil """"",neutral,hehehee seru sih seru takut spillover nya malah lebih ngeri sih kmrn blom nyampe darmil dah pake skenario penjarahan n bakar2an meski targeted ga bayang kalau sikut pas darmil
"""""Penyanyi sekaligus artis Sherina Munaf akan kembali dipanggil ke Polres Metro Jakarta Timur untuk dimintai keterangan terkait kasus penjarahan rumah presenter sekaligus anggota DPR RI Uya Kuya. Baca selengkapnya https://t.co/U2ydrsBb0l ~AM #SherinaMunaf #PenjarahanRumahUya https://t.co/g4b524C05p""""",neutral,nyanyi sekaligus artis sherina munaf panggil polres metro jakarta timur minta terang kait kasus penjarahan rumah presenter sekaligus anggota dpr ri uya kuya baca lengkap am
"""""Apakah Postingan seperti ini Si ferry Irwandi lagi edukasi warga sipil atau memprovokasi warga sipil ?! Untuk apakah dia bilang pengecut ? Apakah ada agenda penjarahan sahroni sudah di rencanakan sebelumnya untuk melikai sahroni ?Kenapa dia begitu kesal? https://t.co/KqQGqVw8jU""""",negative,postingan si ferry irwandi edukasi warga sipil provokasi warga sipil bilang kecut agenda penjarahan sahroni rencana belum melikai sahroni kesal
"""""sampai ANJING2 SILUMAN MEMPOSTING VIDEO REKAYASA YANG MENJADI ALASAN PENJARAHAN DIRUMAHNYA... mana tu dedengkot X yg hobi nyari2 sumber awal postingan lintas platform? apa kalian pelakunya? BANGKE! """"",negative,anjing siluman memposting video rekayasa jadi alas penjarahan rumah mana tu dedengkot x hobi nyari sumber awal postingan lintas platform apa kalian laku bangke
"""""Polisi Panggil Sherina Munaf Fakta di Balik Penjarahan Rumah Uya Kuya! Support konten kami dengan follow like &amp"";"" share tq guys gbu all #SherinaMunaf #UyaKuya #Polisi #Kucing https://t.co/IcT5qBLLa3""""",neutral,polisi panggil sherina munaf fakta balik penjarahan rumah uya kuya support konten follow like amp share tq guys gbu all
"""""@AbdulRachimmks Rakyat sibuk menghujat mulyono siang malam agar tdk melihat apa yg sedang terjadi penjarahan merampok tanah rakyat dan korupsi yg menggila..memang sengaja rakyat diarahkan untuk menghujat mulyono biar mereka bebas..masih belum sadarkah..""""",negative,rakyat sibuk hujat mulyono siang malam tidak lihat apa sedang jadi penjarahan perampokan tanah rakyat korupsi gila memang sengaja rakyat arah hujat mulyono biar bebas belum sadar
"""""@noonalisa btul. kyk gtw aja klo bakal rusuh dan ada penjarahan. kyk pejabat Indonesia dongg harusnya... yg katanya sempet kabur atau mindahin supercar dulu sebelum dijarah """"",negative,btul kyk gtw kalau bakal rusuh penjarahan kyk jabat indonesia dongg harus kata sempet kabur mindahin supercar dulu penjarahan
"""""Kayanya masyarakat Nepal habis ngeliat penjarahan di rumah pejabat Indo jadi preseden buat mereka""""",neutral,kaya masyarakat nepal habis ngeliat penjarahan rumah jabat indo jadi preseden
"""""@kocugondrong @Dennysiregar7 Sri Mulyani bukan disingkirkan dia memang ingin resign sejak awal kejadian penjarahan dirumahnya mempertegas dia utk mundur""""",neutral,sri mulyani bukan singkir memang resign sejak awal jadi penjarahan rumah tegas mundur
"""""THIS IS WHAT I'VE BEEN TRYING TO SAY!!!! Lu semua mau revolusi mau reset mau perubahan nyata tapi takut halte dibakar sama penjarahan malah dibully. Perubahan gak datang dari filter ijo pink dan editan canva.""""",negative,this is what i ve been trying to say kamu semua mau revolusi mau reset mau ubah nyata takut halte pembakaran sama penjarahan malah dibully ubah tidak datang filter ijo pink edit canva
"""""Pagi-pagi udah bikin Draft WC untuk Reshuffle dan bebersih posisi scam yang ribut dengan atasan setelah hasil 3GW merosot layaknya penjarahan. Pengen sih masukin Aset Arsenal cuman 3GW Kedepan ngeri-ngeri sedap ditambah UCL ITB bisa 1 9m buat Ekitike ganti ke Gyö/Isak https://t.co/WqBexVVa38""""",neutral,pagi pagi bikin draft wc reshuffle bersih posisi scam ribut atas hasil 3gw merosot layak penjarahan ken sih masukin aset arsenal cuman 3gw depan ngeri ngeri sedap tambah ucl itb 1 9m ekitike ganti gyo isak
"""""Sherina Kembali Diperiksa Polisi Jumat Ini Terkait Kasus Penjarahan Rumah Uya Kuya https://t.co/owhYYVkmdW https://t.co/b3pjXw2AR3""""",neutral,sherina periksa polisi jumat kait kasus penjarahan rumah uya kuya
"""""@koosbinie @Spreadflowersss @aulelahfah @Saham_fess ya pikir pake otak aja kalo sipil sampe bawa senjata pasti bukan penjarahan lagi. Langsung nyawa kocak""""",positive,pikir pake otak kalo sipil sampe bawa senjata bukan penjarahan langsung nyawa kocak
"""""@liputan6dotcom padahal penjarahan 2600 izin usaha pertambagan yang dilakukan satgas mafia pertambangan dibawah kendali kementrian ESDM gak pernah diperoses di pengadilan secara sah ehh malah dibagi bagikan kesana sekian hektar kesini sekian hekatar tanpa proses hukum yang jelas. """"",negative,padahal penjarahan 2600 izin usaha pertambagan laku satgas mafia tambang bawah kendali tri esdm tidak pernah diperoses adil sah ehh malah bagi bagi kesana sekian hektar kesini sekian hekatar proses hukum jelas
"""""Setelah Kucing Dalas ditemukan Uya Kuya kembali mengunggah kabar bahagia. Kucing Uma yang tak luput dari penjarahan beberapa waktu lalu akhirnya ditemukan. Kucing Uma ditemukan oleh seorang cat lover setelah dibuang sesaat setelah penjarahan. https://t.co/GBz4iQsMdC""""",positive,kucing dalas temu uya kuya unggah kabar senang kucing uma tak kamuput penjarahan beberapa waktu lalu akhir temu kucing uma temu orang cat lover buang saat penjarahan
"""""@txtdrimedia Kejadian ini hanya berjarak hitungan hari dari aksi kerusuhan dan penjarahan di beberapa rumah pejabat di jakarta rakyat nepal mungkin melihat berita yang terjadi di jakarta dan mereka ingin juga mempraktikannya Tapi ternyata lebih sadis""""",neutral,jadi jarak hitung hari aksi kerusuhan penjarahan beberapa rumah jabat jakarta rakyat nepal mungkin lihat berita jadi jakarta praktik nyata lebih sadis
"""""Konspirasi. Sri mulyani ditarget diusahakn dilengserkan untuk tujuan tertentu sengaja di buat hoax ai sengaja diprovokasi untuk dijarah. Dan kita tau siapa provokator penjarahan apalagi ke rumah srimul""""",negative,konspirasi sri mulyani target diusahakn lengser tuju tentu sengaja hoax ai sengaja provokasi penjarahan tau siapa provokator penjarahan rumah srimul
"""""mari kita runutkan kasus penjarahan di rmh sm demo &gt""; provokator bakar fasum &gt; tbtb kluar doxing an private info pejabat &gt; provokasi jarah rmh pejabat &gt; rmh pejabat di jarah &gt; rmh SM 3x didatengin penjarah &gt; SM kena dampak yg parah &gt; hasil reportase Tempo BAIS/TNI involved &gt;""",negative,runut kasus penjarahan rmh sama demo gt provokator bakar fasum gt tbtb kalauar doxing an private info jabat gt provokasi jarah rmh jabat gt rmh jabat jarah gt rmh sama 3x didatengin jarah gt sama kena dampak parah gt hasil reportase tempo bais tni involved gt
"""""@revolutia @Mosthafavi Sepertinya dia juga mengharapkan penjarahan rumah2 anggota DPR dan menteri kemarin bakal berujung seperti ini. Miris sekali https://t.co/H1IFXeTwyo""""",negative,seperti harap penjarahan rumah anggota dpr menteri kemarin bakal ujung miris sekali
"""""Wah Tentu pelaku penjarahan di bbg tempat bisa jadi bukti petunjuk bagi @DivHumas_Polri untuk dapat segera menangkap pelaku Sumber informasi berasal dr @BocorAlusPol tempo https://t.co/630O7GFJDK""""",negative,wah laku penjarahan bbg tempat jadi bukti tunjuk segera tangkap laku sumber informasi asal tempo
"""""punya temen udah lama hujat sri mulyani terus even pas penjarahan rumahnya dia kek puas tapi kemaren pas sri mulyani ngundurin diri ikutan nangis juga dan malah bangga in sri mulyani. sungguh tuhan maha membolak balikan hati manusia senmudah itu """"",positive,punya temen lama hujat sri mulyani terus even pas penjarahan rumah kek puas kemaren pas sri mulyani ngundurin diri ikut nang malah bangga in sri mulyani sungguh tuhan maha bolak balik hati manusia senmudah
"""""@koyaboyfiee @mdkousik31 @efraimsthoughts Ga dikasih perlindungan juga padahal beliau udah minta tolong bantuan pengamanan ketika di info ada penjarahan.""""",negative,ga kasih lindung padahal beliau minta bantu pengamanan info penjarahan
"""""@O5Bravo Karena jarah rumah pejabat dikit bilangnya pelakunya intel atau polisi atau tentara. Gaada yang bangga ngaku dia sendiri pelakunya. Baru penjarahan belum pembakaran atau persekusi. Giliran ga tjd malah nyesel. Gajelas mereka ini""""",negative,jarah rumah jabat dikit bilang laku intel polisi tentara gaada bangga ngaku sendiri laku baru penjarahan belum pembakaran persekusi gilir ga tjd malah nyesel gajelas
"""""@ekky1995 Giliran terjadi kerusuhan beneran Nyalahin intel nyalahin polisi nyalahin TNI. Padahal selalu seneng lihat penjarahan pejabat""""",positive,gilir jadi kerusuhan beneran nyalahin intel nyalahin polisi nyalahin tni padahal selalu neng lihat penjarahan jabat
"""""Penjarahan another level ..poor indonesia ku """"",negative,penjarahan another level poor indonesia ku
"""""@revolutia Waktu ada pembakaran/penjarahan mereka bilang itu penyusup kalau baca komen mereka ternyata ... memang itu targetnya""""",negative,waktu pembakaran penjarahan bilang susup kalau baca komen nyata memang target
"""""@RWWReborn Stop nangisin Pejabat termasuk kasus rumah yg dijarah. Meskipun penjarahan salah tp it jg akibat mulut2 busuk pejabat itu sndiri""""",negative,stop nangisin jabat masuk kasus rumah penjarahan meski penjarahan salah it akibat mulut busuk jabat sndiri
"""""Revolusi di nepal gagal total dimana akhirnya nepal mengalami kerusuhan dengan skala yg sangat besar. Dan peaknya adalah bank2 di nepal mengalami penjarahan oleh pendemo. Para pendemo Gen Z lepas tangan+cuci tangan. Mereka tdk mau disalahkan atas kondisi yang ada saat ini. https://t.co/oG9Dc1OG8H""""",negative,revolusi nepal gagal total akhir nepal alami kerusuhan skala sangat besar peaknya bank nepal alami penjarahan demo demo gen z lepas tangan cuci tangan tidak mau salah atas kondisi
"""""@teh_puer @Saham_fess Berdasarkan laporan dari Amnesty CNN dan sumber lain protes di Indonesia September 2025 melibatkan pembakaran gedung parlemen dan penjarahan rumah pejabat seperti Menteri Keuangan tapi tak ada kasus penelanjangan atau penyeretan pejabat. Mungkin karena dinamika protes """"",negative,dasar lapor amnesty cnn sumber protes indonesia september 2025 libat pembakaran gedung parlemen penjarahan rumah jabat menteri uang tak kasus telanjang seret jabat mungkin dinamika protes
"""""Penghapusan jabatan Ibu setelah demo kekerasan polisi dan penjarahan rumahnya menimbulkan ketidakpastian ekonomi jangka panjang.""""",negative,hapus jabat ibu demo keras polisi penjarahan rumah timbul ketidakpastian ekonomi jangka panjang
"""""@wibisonoys @Yusrilihza_Mhd @jokowi @prabowo @OTTOHASIBUAN1 Benar perubahan mindset pejabat dan aparat penting untuk tangani demo dengan baik. Ketakutan mungkin muncul dari kerusuhan Agustus 2025 yang sebabkan 10 korban jiwa dan penjarahan menurut Komnas HAM serta laporan Tempo. Solusi: Terapkan dialog dini seperti pengalaman Anda di""""",neutral,benar ubah mindset jabat aparat penting tangan demo bagus takut mungkin muncul kerusuhan agustus 2025 sebab 10 korban jiwa penjarahan komnas ham lapor tempo solusi terap dialog dini alam
"""""11 Orang Jadi Tersangka Penjarahan Rumah Sri Mulyani Langsung Ditahan https://t.co/P6ZZLzoBuW""""",negative,11 orang jadi sangka penjarahan rumah sri mulyani langsung tahan
"""""@AyamSegar3 Anak ini gak belajar kalo rakyat bisa kasih paham ke pejabat publik dan keluarganya yg sombong lewat aksi penjarahan rumah.""""",negative,anak tidak ajar kalo rakyat kasih paham jabat publik keluarga sombong lewat aksi penjarahan rumah
"""""@MurtadhaOne1 Ada yg salah sm pikiran nih anak kalo dia gak belajar bhw rakyat bisa kasih paham ke pejabat publik yg sombong lewat aksi penjarahan rmh.""""",negative,salah sama pikir nih anak kalo tidak ajar bhw rakyat kasih paham jabat publik sombong lewat aksi penjarahan rmh
"""""@wibisonoys @Yusrilihza_Mhd Terima kasih atas tanggapannya. Benar penanganan demo yang baik bisa cegah eskalasi. Menurut laporan terbaru (seperti dari Komnas HAM) kerusuhan Agustus 2025 dipicu protes tunjangan DPR tapi meluas jadi penjarahan dan kekerasan dengan 10 korban jiwa. Penyelidikan sedang""""",negative,terima kasih atas tanggap benar tangan demo bagus cegah eskalasi lapor baru komnas ham kerusuhan agustus 2025 picu protes tunjang dpr luas jadi penjarahan keras 10 korban jiwa lidi sedang
"""""ini anak mancing2 penjarahan ...tunggu tanggal penjarahan nya...mewek kamu sekeluarga""""",negative,anak mancing penjarahan tunggu tanggal penjarahan nya mewek kamu keluarga
"""""@txtdrimedia Dia gak paham kalo menteri itu jabatan PELAYAN bukan TUAN. Buat pejabat publik dan keluarganya yg sombong jgn smp rakyat sakit hati dan kasih paham kalian lewat aksi penjarahan lagi. Itu gak elok bagi semua pihak. Sama2 rugi.""""",negative,tidak paham kalo menteri jabat layan bukan tuan jabat publik keluarga sombong jgn samap rakyat sakit hati kasih paham kalian lewat aksi penjarahan tidak elok semua pihak sama rugi
"""""@frierensaga They're brave? Mereka ga takut demi masa depan walaupun kesannya agak brutal tp mungkin penyebabnya memang bikin mereka semarah itu. Yang penting sih bersatu. Bener satu suara. Gak ada pengkhianat/budak uang gak ada penjarahan non sense""""",positive,they re brave ga takut masa depan walaupun kesan brutal mungkin sebab memang bikin marah penting sih satu bener satu suara tidak khianat budak uang tidak penjarahan non sense
"""""@tham878 Ini ciri keluarga yg gak paham kalo jabatan menteri itu adalah jabatan PELAYAN bukan TUAN. Jangan smp dikasih pahamnya pake aksi penjarahan massa lagi. Gak bakal elok utk semua pihak.""""",negative,ciri keluarga tidak paham kalo jabat menteri jabat layan bukan tuan jangan samap kasih paham pake aksi penjarahan massa tidak bakal elok semua pihak
"""""@Fyang_23 @PartaiSocmed @grok Kemana aja lu..baru bangun ya Dr awal juga udah ketahuan itu hasil AI Malah di ser oleh pasukan sakit hati jadilah seperti sekarang ini penjarahan pengrusakan dan brutal..bangsa konoha belum maju sepenuhnya karna masih gampang di bodohi AI""""",negative,kamu baru bangun awal tahu hasil ai malah ser pasu sakit hati jadi sekarang penjarahan rusa brutal bangsa konoha belum maju sepenuh karna gampang bodoh ai
"""""@UzumakiYuuki1 @MurtadhaOne1 Lu pikir yg ngejarah organik nyettt? Aksi penjarahan itu udah ada skenarionya kocak""""",positive,kamu pikir ngejarah organik nyett aksi penjarahan skenario kocak
"""""@rckz_fc @unmagnetism Aku perlu bersabar bicara dengan udang berotak macam kau. Udah bangun kesiangan bahasa yg itu² aja. Lu awal² udah judging macem². Coba lu lihatin postingan gw yg organik udah lu judge buzzer. Penjarahan? Mana ada gw setuju. Udah pagi tuh sempak lu cuci aja dulu""""",negative,aku perlu sabar bicara udang otak macam kau bangun siang bahasa kamu awal judging macem coba kamu lihatin postingan organik kamu judge buzzer penjarahan mana tuju pagi tuh sempak kamu cuci dulu
"""""@frierensaga Demo berhasil itu spt nepal? Menteri di gebuki istrinya dibakar rumahnya dibakar. Penjarahan ke toko2 dan kantor. Kamu pengen itu terjadi di indonesia? Hmmmm""""",negative,demo hasil nepal menteri gebuk istri pembakaran rumah pembakaran penjarahan toko kantor kamu ken jadi indonesia hmm
"""""@PecintaSejarah2 belajar dari kasus penjarahan rumah Sahrono.""""",negative,ajar kasus penjarahan rumah sahrono
"""""@KiEdySularno Bapaknya aja SOMBONG nya kek gitu gimana mo didik anak. Buah jatuh gak jauh dari pohonnya.... Yang jadi ironis demo dan penjarahan baru terjadi beberapa hari yang lalu dan mereka TIDAK PEKA dan TIDAK PERNAH BELAJAR trus nasib bangsa ini dititipin sama orang kek gitu ??????""""",negative,bapak sombong nya kek gitu gimana mo didik anak buah jatuh tidak jauh pohon jadi ironis demo penjarahan baru jadi beberapa hari lalu tidak peka tidak pernah ajar trus nasib bangsa dititipin sama orang kek gitu
"""""Kemarin marah-marah enggak jelas tereak Ibu mantan Menkeu diganti. Hingga berujung penjarahan rumah beliau! Sekarang Menkeu yg baru juga diminta mundur karena baru 1 hari sudah blunder ya ucapan beliau ataupun sombongnya tingkah anak Menkeu yg baru! Nah kan bingung tuh! """"",negative,kemarin marah marah enggak jelas reak ibu mantan menkeu ganti hingga ujung penjarahan rumah beliau sekarang menkeu baru minta mundur baru 1 hari blunder ucap beliau atau sombong tingkah anak menkeu baru nah kan bingung tuh
"""""@Mdy_Asmara1701 Baru kemarin dapet karangan bunga ulang tahun kemudian aksi penjarahan lanjut diterimanya pengunduran dirinya dari kabinet merah putih selamat jalan Bu Sri Mulyani""""",neutral,baru kemarin dapet karang bunga ulang tahun kemudian aksi penjarahan lanjut terima undur diri kabinet merah putih selamat jalan bu sri mulyani
"""""ini nih yang organik sama kek penjarahan sahrontol mereka pada rekam dan bangga. engga kek penjarahan yg lain yang dilakuin malem tertutup gak asik gak random dan pembakaran halte sama gedung² di kita""""",negative,nih organik sama kek penjarahan sahrontol rekam bangga engga kek penjarahan dilakuin malem tutup tidak asik tidak random pembakaran halte sama gedung
"""""@AreaCakung Waduh takutnya nanti rakyat marah lagi terus bakalan ada lagi aja daftar rumah penjarahan . Mereka ga belajar kah dari kasus Eko Nafa Uya .""""",negative,waduh takut rakyat marah terus bakal daftar rumah penjarahan ga ajar kasus eko nafa uya
"""""Penjarahan sri mulyani kan memang rekayasa. Soalnya masa iya seekor prabowo dg kapabilitas lulusan kampus pertahanan amrik + pengalaman perangnya gabisa ngelindungin menterinya? Menteri itu cerminan harga diri presiden seharusnya.""""",negative,penjarahan sri mulyani kan memang rekayasa soal masa iya ekor prabowo kapabilitas kamulusan kampus tahan amrik alam perang gabisa ngelindungin menteri menteri cermin harga diri presiden
"""""SURAT TERBUKA untuk menteri-menteri anggota DPR yang tidak berkompeten problematic dan sombong gw gak membenarkan penjarahan tapi masih mending di Indonesia cuma rumah kalian yang kena. coba lihat andaikan Indonesia itu Nepal bisa habis kalian! https://t.co/iAvKqSzAFR""""",negative,surat buka menteri menteri anggota dpr tidak kompeten problematic sombong tidak benar penjarahan mending indonesia cuma rumah kalian kena coba lihat andai indonesia nepal habis kalian
"""""Tahukah anda Bu Sri Mulyani beritahu menteri SS Ada berita rumahnya mau dijarah malam hari. SS hanya respon kirim 20 tentara jaga rumah SMI ketika penjarahan terjadi tentara hilang Soal besar kenapa ke SS .itu bukan jobnya Jadi SMI tahu siapa pelaku perusuh itu """"",negative,tahu bu sri mulyani beritahu menteri ss berita rumah mau penjarahan malam hari ss respon kirim 20 tentara jaga rumah sama penjarahan jadi tentara hilang soal besar ss bukan jobnya jadi sama tahu siapa laku rusuh
"""""Penjarahan yg lebih parah..""""",negative,penjarahan lebih parah
"""""Fyi setelah penjarahan sampai hari ini seluruh pegawainya (trmasuk di daerah) dihimbau utk tdk memakai seragam &amp"";"" atribut instansi. Ini kontra dgn visi Bu SMI dlm bukunya yg melatarbelakangi kbijakan reformasi birokrasinya ingin membuat kemenkeu yg bisa dibanggakan pegawainya.""""",negative,fyi penjarahan hari seluruh pegawai trmasuk daerah dihimbau tidak pakai seragam amp atribut instansi kontra visi bu sama buku melatarbelakangi kbijakan reformasi birokrasi buat kemenkeu bangga pegawai
"""""*Terkait Penjarahan Kucing Uya Kuya Polisi Minta Klarifikasi Sherina Munaf* https://t.co/s2KPjCd5ca""""",neutral,kait penjarahan kucing uya kuya polisi minta klarifikasi sherina munaf
"""""@PartaiSocmed betul om ketum. saat menonton penggalan terakhir pidato beliau di gedung kemenkeu beliau berpesan untuk menjaga privasi keluarganya setelah menjadi warga negara biasa dan tetap mencintai indonesia. kelihatan banget beliau masih kecewa dan kesal terhadap aksi penjarahan.""""",negative,betul om tum tonton penggal akhir pidato beliau gedung kemenkeu beliau pesan jaga privasi keluarga jadi warga negara biasa tetap cinta indonesia lihat banget beliau kecewa kesal aksi penjarahan
"""""@PartaiSocmed Ikut sedih sakit seperti tersayat2 jg ending yg tk sepantasnya utk bu SMI apalagi dgn penjarahan di kediaman beliau""""",negative,ikut sedih sakit sayat ending tk pantas bu sama penjarahan diam beliau
"""""WHY?! DEMO YANG AWALNYA 'REFORMASI DPR' BERGESER JADI PEMBAKARAN DAN PENJARAHAN? INI DALANGNYA https://t.co/T9YNhXJuKB""""",negative,why demo awal reformasi dpr geser jadi pembakaran penjarahan dalang
"""""yak rumahmu akan jadi sasaran penjarahan part selanjutnya️️️""""",negative,yak rumah jadi sasar penjarahan part lanjut
"""""@mfatahilahakbar Pak Presiden Prabowo mengatakan mengarah ke tindakan makar dan terorisme . Itu maknanya kita harus waspada jangan sampai tindakan penjarahan pembakaran pengrusakan penghasutan dll berubah menjadi perbuatan makar dan terorisme. Tidak ada yang salah dalam hal ini..""""",negative,pak presiden prabowo kata arah tindak makar terorisme makna waspada jangan tindak penjarahan pembakaran rusa hasut ubah jadi buat makar terorisme tidak salah
"""""@IndoPopBase sebenarnya bu SM ini mah memanfaatkan momen penjarahan (ntah settingan atau bukan) dan vid AI kemarin buat ngundurin diri ga sih lol. pasti udah muak kemauan atasan ga logis""""",negative,benar bu sama mah manfaat momen penjarahan ntah settingan bukan vid ai kemarin ngundurin diri ga sih lol muak mau atas ga logis
"""""@pandji mukanya mengundang penjarahan""""",negative,muka undang penjarahan
"""""@hypebleasy Karena suara dan pilihan kita terpecah-pecah ada yg pro ada yg kontra ada yg cuek masa bodo. Bahkan saat ada rumah pejabat yg dijarah malah berujung ada drama penjarahan di tempat lain. Plus kita juga gak mau tragedi '98 terulang. Takut bukan cuma rumah pejabat aja yg dijarah.""""",negative,suara pilih pecah pecah pro kontra cuek masa bodo bahkan rumah jabat penjarahan malah ujung drama penjarahan tempat plus tidak mau tragedi 98 ulang takut bukan cuma rumah jabat penjarahan
"""""I just thinking that she was angry and dissapointed bcs dia udh segitunya cariin uang buat program2 aneh tp malah dijadiin tumbal penjarahan. Dia tetep ga dipihak masyarakat sampe akhir. Ga kaget. Semoga kedepannya bisa nunjukin kalo emang beneran berpihak ke rakyat.""""",negative,i just thinking that she was angry and dissapointed bcs segitunya cariin uang program aneh malah dijadiin tumbal penjarahan tetep ga pihak masyarakat sampe akhir ga kaget moga depan nunjukin kalo emang beneran pihak rakyat
"""""Tapi sangat di sayangkan... Di saat beliau ingin mengundurkan diri selalu di tolak oleh presiden @prabowo Pun di akhir jabatan beliau di @KemenkeuRI rasanya beliau sangat kecewa dgn presiden &amp"";"" aparat keamanan. Rumahnya jadi sasaran penjarahan oleh oknum yg tak bertanggung jawab""""",negative,sangat sayang beliau undur diri selalu tolak presiden akhir jabat beliau rasa beliau sangat kecewa presiden amp aparat aman rumah jadi sasar penjarahan oknum tak tanggung jawab
"""""Rela mundur dari kursi bank dunia buat mengabdi di negara sendiri bertahun-tahun. Eh rakyatnya ga entos gabisa diajak prihatin dan kebanyakan ngeluh ujung2nya kriminal penjarahan.""""",negative,rela mundur kursi bank dunia abdi negara sendiri tahun tahun eh rakyat ga entos gabisa ajak prihatin banyak ngeluh ujung2nya kriminalitas penjarahan
"""""*Terkait Penjarahan Kucing Uya Kuya Polisi Minta Klarifikasi Sherina Munaf* https://t.co/tOwBhzdH1V""""",neutral,kait penjarahan kucing uya kuya polisi minta klarifikasi sherina munaf
"""""Pasca Demo Kerusuhan dan Penjarahan yang harus di copot itu Kapolri dan Jaksa Agung bos @prabowo""""",negative,pasca demo kerusuhan penjarahan copot kapolri jaksa agung bos
"""""https://t.co/hJ2p7m7Ews Polisi tetapkan 11 orang tersangka kasus penjarahan rumah Sri Mulyani""""",neutral,polisi tetap 11 orang sangka kasus penjarahan rumah sri mulyani
"""""Inspired by penjarahan rumah sahroni""""",positive,inspired by penjarahan rumah sahroni
"""""@whereisglasses @_sseultry @TxtdariHI betul sekali. sayangnya mhs malah menganggap mobilisasi masyarakat sbg resiko/ancaman. takut tdk bisa dikendalikan takut penjarahan kerusuhan dst. dikira 27 tahun sejak reformasi masyarakat kita masih goblok semuanya. dlm hal ini mindset mereka gak beda sama para pejabat.""""",negative,betul sekali sayang mhs malah anggap mobilisasi masyarakat resiko ancam takut tidak kendali takut penjarahan kerusuhan kira 27 tahun sejak reformasi masyarakat goblok semua mindset tidak beda sama jabat
"""""@MurtadhaOne1 Srimul mundur keinginan sendiri kecewa rumahnya jadi sasaran penjarahan""""",negative,srimul mundur ingin sendiri kecewa rumah jadi sasar penjarahan
"""""Polres Madiun Kota meringkus sembilan orang dari kasus perusakan dan penjarahan DPRD saat demo 30 Agustus lalu. https://t.co/RM0jIZEndd""""",neutral,polres madiun kota ringkus sembilan orang kasus perusakan penjarahan dprd demo 30 agustus lalu
"""""Polres Madiun Kota meringkus sembilan orang dari kasus perusakan dan penjarahan DPRD saat demo 30 Agustus lalu. https://t.co/dlHymcPlXo""""",neutral,polres madiun kota ringkus sembilan orang kasus perusakan penjarahan dprd demo 30 agustus lalu
"""""Ko dia gak belajar ya dari kasus penjarahan kemarin gak membenarkan penjarahan tapi kejadian kemarin ngebuktiin bahwa masyarakat tuh bisa loh melakukan sesuatu. Congor2 kaya gini kok masih aja bisa nyapnyap gajelas.""""",negative,ko tidak ajar kasus penjarahan kemarin tidak benar penjarahan jadi kemarin ngebuktiin masyarakat tuh loh laku congor kaya gin kok nyapnyap gajelas
"""""PENJARAHAN YANG TERBESAR YANG DILAKUKAN OLEH MAKHLUK2 YANG DEKAT DENGAN KEKUASAAN BUKAN CUMA 1 2 RUMAH TAPI MENJARAH HUTAN GUNUNG JUGA LAUTAN APARAT2 YANG HARUSNYA MENJAGA RAKYAT MALAH DIGUNAKAN UNTUK MENINDAS RAKYAT AYO RAKYAT SEGERALAH LAWAN MEREKA DENGAN TIDAK MEMILIH MEREKA""""",negative,penjarahan besar laku makhluk dekat kuasa bukan cuma 1 2 rumah penjarahan hutan gunung laut aparat harus jaga rakyat malah guna tindas rakyat ayo rakyat segera lawan tidak pilih
"""""@billllliiee @efraimsthoughts Loh jadi penjarahan di rumah Sri Mulyani ini beneran ya bukan dibuat-buat oleh para oknum""""",negative,loh jadi penjarahan rumah sri mulyani beneran bukan buat oknum
"""""Jadi sama seperti anggota dpr Indonesia yang sudah tidak mendapatkan dukungan lagi dan mengalami penjarahan.""""",negative,jadi sama anggota dpr indonesia tidak dapat dukung alami penjarahan
"""""@PartaiSocmed @deddysitorus Kayaknya aksi penjarahan rumah bu Sri Mulyani beberpa hr lalu sengaja unk memaksa beliau mundur sekaligus melemahkan pemerintahan Prabowo. Saat ini makin curiga PDIP memang berada di balik skenario penjarahan tersebut. Krn rumah tokoh2 PDIP aman2 saja.""""",negative,kayak aksi penjarahan rumah bu sri mulyani beberpa hr lalu sengaja unk paksa beliau mundur sekaligus lemah perintah prabowo makin curiga pdip memang ada balik skenario penjarahan sebut rumah tokoh pdip aman
"""""Ketika melihat penjarahan rumah bu SMI saya langsung ngetwit kalo saya jd beliau saya akan minta mundur. Saya dpt info beliau pun minta mundur tp ngga langsung dipenuhi presiden. Akhirnya kemarin beliau resmi diganti terharu melihat adegan ini. Terima kasih banyak bu SMI utk https://t.co/ag8r5A8LUq""""",positive,lihat penjarahan rumah bu sama langsung ngetwit kalo jadi beliau minta mundur info beliau minta mundur ngga langsung penuh presiden akhir kemarin beliau resmi ganti haru lihat adegan terima kasih banyak bu sama
"""""@narkosun Apakah akan ada penjarahan lagi?""""",negative,penjarahan
"""""Menteri Yusril: 68 Pelaku Perusakan-Penjarahan di Jakarta Saat Demo Agustus Tak Lakukan Makar https://t.co/JjP3w65J6J""""",neutral,menteri yusril 68 laku perusakan penjarahan jakarta demo agustus tak laku makar
"""""@AbdulRachimmks Semua penjarahan itu kejahatan kecil maupun besar tetap pelanggaran hukum""""",negative,semua penjarahan jahat kecil maupun besar tetap langgar hukum
"""""@NovalAssegaf Karena diduga ada gerakan penjarahan nasional oleh kelompok yang akan menggulingkan pemerintahan yang syah.""""",negative,duga gera penjarahan nasional kelompok guling perintah syah
"""""@DMarginale Anaknya Purbaya memalukan. SMI itu MUNDUR krn KECEWA rumahnya digerudug massa kiriman dan dirampok tanpa ada penjagaan dari negara. Klo terjadi opini liar bahaya. Bgm klo tulisan yoga diartikan penjarahan rumah SMI itu DIDESAIN agar SMI lengser mundur. Siapa designernya? https://t.co/j9VG6bqSax""""",negative,anak purbaya malu sama mundur kecewa rumah digerudug massa kirim rampok jaga negara kalau jadi opini liar bahaya bgm kalau tulis yoga arti penjarahan rumah sama desain sama lengser mundur siapa designernya
"""""@RadioElshinta semoga ga langsung ada penjarahan""""",negative,moga ga langsung penjarahan
"""""Harus dibegimanain dulu biar jadi humble dan mau media training sih? Penjarahan di rumah pejabat dan pembakaran kantornya itu ga cukup untuk bikir orang orang ini sekedar MIKIR? Emang paling bener kecerdasan itu harus holistik terlebih decision makers""""",negative,dibegimanain dulu biar jadi humble mau media training sih penjarahan rumah jabat pembakaran kantor ga cukup bikir orang orang dar mikir emang paling bener cerdas holistik lebih decision makers
"""""(((((Tentara diturunkan untuk mengamankan.))))) (((((Penjarahan tetap terjadi.)))))""""",negative,tentara turun aman penjarahan tetap jadi
"""""@ardi_tama1 Kemungkinan masih beresin rumah dulu stelah penjarahan.. Bulan 1 n ke 2 selayaknya pengangguran sukses ga terima job dulu..""""",negative,mungkin resin rumah dulu stelah penjarahan bulan 1 n 2 layak anggur sukses ga terima job dulu
"""""@praenkeren @BigAlphaID Situ membenarkan penjarahan sebagai bukan dari kejahatan? Super sekali. Sipil aja kudu dilindungi apalagi beliau ni menkeu seorang CFO negara... Mundur aja investor cabut Rp 2T dalam 1 hari apalagi klu kenapa2. Kebentur apa bang? Standar perlindungannya kok turun.""""",negative,situ benar penjarahan bukan jahat super sekali sipil kudu lindung beliau ni menkeu orang cfo negara mundur investor cabut rp 2t 1 hari kalau bentur apa bang standar lindung kok turun
"""""@G0LIATH87 Buk SM tetap memiliki kompetensi yang sangat luar biasa dalam bidang ekonomi dan moneter sayang sekali akibat penjarahan rumah beliau beliau harus undur dari kabinet""""",positive,buk sama tetap milik kompetensi sangat kamuar biasa bidang ekonomi moneter sayang sekali akibat penjarahan rumah beliau beliau undur kabinet
"""""@karimnas_ Tapi pas dia komentarin tentang TNI yg diminta balik ke barak kelihatan banget sangat ga setujunya malah kejadian penjarahan sama bakar2an masih aja dia pikir itu ulah pendemo ga baca Tempo apa ya """"",negative,pas komentarin tni minta balik barak lihat banget sangat ga tuju malah jadi penjarahan sama bakar2an pikir ulah demo ga baca tempo apa
"""""Kalo ini soal penjarahan tanya ke atasan kementrian yg anggarannya anda naikin mulu""""",negative,kalo soal penjarahan tanya atas tri anggar naikin mulu
"""""Ya jadi paham sih alurnya.. Penjarahan rumah Sri Mulyani bukan dilakukan oleh rakyat melainkan orang bayaran pemerintah. Memang sengaja buat publik membenci sosok ini. Lalu dimunculkan lah sosok orang baru (Purbaya Yudhi Sadewa) digadang² superhero baru yg aslinya bawaan Luhut https://t.co/xu0WgkylWJ""""",negative,jadi paham sih alur penjarahan rumah sri mulyani bukan laku rakyat orang bayar perintah memang sengaja publik benci sosok lalu muncul lah sosok orang baru purbaya yudhi sadewa gadang superhero baru asli bawa kamuhut
"""""Sayangkan Penjarahan Rumah Uya Kuya Denny Sumargo: Dia Punya Rumah itu ... https://t.co/xX7I1jjBu9 lewat @YouTube""""",negative,sayang penjarahan rumah uya kuya denny sumargo punya rumah lewat
""""" Sebagian tentu menyuarakan aspirasinya secara murni tapi juga disayangkan ketika ada sejumlah provokator yang justru merusak melakukan pembakaran dan juga penjarahan kata AHY Klik untuk baca: https://t.co/qt2hpsdTf8 | #AHY #Demo https://t.co/Iiy4hzgwLL""""",negative,bagi suara aspirasi murni sayang jumlah provokator justru perusakan laku pembakaran penjarahan kata ahy klik baca
"""""Militer Nepal gak ada yang kepikiran buat bakar-bakar fasum dan staging penjarahan kah? Kurang canggih mainnya""""",negative,militer nepal tidak pikir bakar bakar fasum staging penjarahan kurang canggih main
"""""@NayDonuts Penjarah itu teman teman mu penjarah negeri penjarah rakyat. Penjarahan yg keu sebut pajak""""",negative,jarah teman teman mu jarah negeri jarah rakyat penjarahan keu sebut pajak
"""""@remi_remisilado @txtdrimedia Headline itu dari https://t.co/96H12GHeyM menceritakan insiden penjarahan rumah Uya Kuya oleh massa pada 30 Agustus 2025. Kucing-kucingnya hilang saat kejadian Sherina Munaf ikut menyelamatkannya dan polisi memanggilnya untuk klarifikasi pada 8 September. Itu berita nyata """"",negative,headline cerita insiden penjarahan rumah uya kuya massa 30 agustus 2025 kucing kucing hilang jadi sherina munaf ikut selamat polisi panggil klarifikasi 8 september berita nyata
"""""aku selama ini gk ngehype dukung atau apapun soal penjarahan. di manapun. Karena bagi aku penjarahan ini tidak benar dan malah kasian yang nanti jadi tersangka. Niat ngasih jera malah jadi kasus hukum. Jadi buat yang sudah menjarah its all because of you.""""",negative,aku lama tidak ngehype dukung apa soal penjarahan mana aku penjarahan tidak benar malah kasi jadi sangka niat ngasih jera malah jadi kasus hukum jadi penjarahan its all because of you
"""""@RadioElshinta Ini bisa jadi target penjarahan lagi nih menteri baru Ngomong ngalor ngidul ngelantur kaga jelas Masih kalah jauh dibawah bu sri banget banget ini mah""""",negative,jadi target penjarahan nih menteri baru ngomong ngalor ngidul ngelantur kaga jelas kalah jauh bawah bu sri banget banget mah
"""""@gegerriy @kpgnj Melakukan penjarahan kan maksudnya ehe""""",negative,laku penjarahan kan maksud ehe
"""""Dugaanku juga gini. Apalagi setelah penjarahan kemarin.""""",negative,duga gin penjarahan kemarin
"""""let s be real she was already exhausted years ago. apalagi pas karakternya dibunuh lewat deep fake yang bilang guru itu beban negara. belum lagi pas penjarahan dia minta perlindungan tapi ga digubris aparat. It was her final straw""""",negative,let s be real she was already exhausted years ago pas karakter bunuh lewat deep fake bilang guru beban negara belum pas penjarahan minta lindung ga gubris aparat it was her final straw
"""""kegiatan sosialisasi kepada kepala desa dan perangkat desa doko dengan adanya berita yang sedang rame kamu menghimbau agar warganya terutama pemuda agar tidak terprovokasi dari hal perusakan dan pembakaran serta penjarahan #sosialisasi #humaspolresblitar #binmaspolresblitar #fyp https://t.co/c5Pxqv9pTD""""",neutral,giat sosialisasi kepala desa perangkat desa doko ada berita sedang rame kamu menghimbau warga utama pemuda tidak provokasi perusakan pembakaran penjarahan
"""""@Gunawan75_ Tolong kalian smua jgn diam. Indonesia milik kita bersama bkn hny milik sgelintir para Pejabat manusia2 syetan nan serakah jk Pemerintah ini&amp"";""para Pejabatnya msih zolim trhdp penjarahan kekayaan Alam ini kita lakukan kembali perlawanan""""",negative,kalian samaua jgn diam indonesia milik sama bukan hny milik sgelintir jabat manusia syetan nan serakah jk perintah amp jabat msih zolim trhdp penjarahan kaya alam laku lawan
"""""kegiatan sosialisasi kepada kepala desa dan perangkat desa doko dengan adanya berita yang sedang rame kamu menghimbau agar warganya terutama pemuda agar tidak terprovokasi dari hal perusakan dan pembakaran serta penjarahan #sosialisasi #humaspolresblitar #binmaspolresblitar #fyp https://t.co/2zH6Amsy9a""""",neutral,giat sosialisasi kepala desa perangkat desa doko ada berita sedang rame kamu menghimbau warga utama pemuda tidak provokasi perusakan pembakaran penjarahan
"""""32 barang hasil penjarahan rumah Ahmad Sahroni di Tanjung Priok akhirnya dikembalikan secara sukarela oleh warga lho! Polisi dan keluarga pun memilih menyelesaikannya dengan damai tanpa proses hukum. Yuk jaga persatuan dan saling menghormati hak milik ya! https://t.co/8cjdQLyn4e""""",positive,32 barang hasil penjarahan rumah ahmad sahroni tanjung priok akhir kembali sukarela warga lho polisi keluarga pilih selesai damai proses hukum yuk jaga satu saling hormat hak milik
"""""Di Nepal terjadi penjarahan dibeberapa rumah pejabat beberapa sumber anak-anak mudanya terinspirasi indonesia """"",negative,nepal jadi penjarahan beberapa rumah jabat beberapa sumber anak anak muda inspirasi indonesia
"""""@27Dwy @Norman_Bates_88 @blue_berets7 Skrg aja lapor penjarahan kagak diladeni palingan""""",negative,skrg lapor penjarahan kagak laden paling
"""""@shakuyaaa @IndoPopBase cek tempo. tapi selain kontroversi yang guru beban negara ada jg nyamain pajak sama zakat. sebelum direshuffle ini smi banyak blunder makanya jadi target penjarahan juga. rakyat udh capek apa apa dipajakin pdhl umr segitu2 aja dll""""",negative,cek tempo kontroversi guru beban negara nyamain pajak sama zakat direshuffle sama banyak blunder makanya jadi target penjarahan rakyat capek apa apa dipajakin pdhl umr segitu
"""""@kiwiwi43 @RWWReborn penjarahan itupun tidak murni sih.""""",negative,penjarahan itu tidak murni sih
"""""Penjarahan rumahnya emg berlebihan tpi lepas dari itu gak salah kalo dia dapat level 'kebencian' seperti sekarang. 1. Gak ada evaluasi perpajakan dan cukai ini kesalahan yg bener2 fatal. 2. Statemen ngawur 3. Gak bs ngerem nafsu Jokowi yg bikin ekonomi stagnan""""",negative,penjarahan rumah emg lebih tapi lepas tidak salah kalo level benci sekarang 1 tidak evaluasi paja cukai salah bener fatal 2 statemen ngawur 3 tidak bs ngerem nafsu jokowi bikin ekonomi stagnan
"""""@jokoanwar Titipan luhut makin merasa bebas dari penjarahan""""",negative,titip kamuhut makin rasa bebas penjarahan
"""""Polisi Tetapkan 11 Tersangka Penjarahan Rumah Sri Mulyani https://t.co/EK6QUnvLM2""""",neutral,polisi tetap 11 sangka penjarahan rumah sri mulyani
"""""Rumah mantan Menkeu Sri Mulyani dijarah 11 orang jadi tersangka Yang mengejutkan ada 2 pelaku yang malah balikin barang ke polisi! Kenapa mereka balikin? Takut? Menyesal? #Menkeu #Tangsel #Banten #BeritaViral #update #news #seketika https://t.co/FF46AxUvtF""""",negative,rumah mantan menkeu sri mulyani penjarahan 11 orang jadi sangka kejut 2 laku malah balikin barang polisi balikin takut sesal
"""""@yaniarsim @Menkeu Srimul emg udh niat keluar Gelagatnya udh sejak lama keliatan Plus kejadian penjarahan itu membuat ia bertekad keluar mungkin ia berfikir demonstrasi kemaren itu cm gelombang awal Akan ada gelombang baru yg lebih dahsyat Dr pd jd tumbal. Mending segera cabut Srimul pinter""""",negative,srimul emg niat keluar gelagat sejak lama liat plus jadi penjarahan buat tekad keluar mungkin berfikir demonstrasi kemaren cm gelombang awal gelombang baru lebih dahsyat jadi tumbal mending segera cabut srimul pinter
"""""Penjarahan yang lebih gila Tetapi tak tersentuh hukum.. Yg cinta negeri ini tolong di share!! https://t.co/476XEKIkgS""""",negative,penjarahan lebih gila tetapi tak sentuh hukum cinta negeri share
"""""@AbdulRachimmks Memang benar ada penjarahan sumber daya alam tapi tidak dibenarkan juga rakyat harus ikutah menjarah. Cobalah berpikir teguh dan berpijak kebenaran di tengah gelombang kerusakan warisan rezim Mulyono penjarahan 10 tahun bukanlah waktu yg singkat.""""",negative,memang benar penjarahan sumber daya alam tidak benar rakyat ikutah penjarahan coba pikir teguh pijak benar tengah gelombang rusa waris rezim mulyono penjarahan 10 tahun bukan waktu singkat
"""""Penjarahan yang sesungguhnya ... masif dan terstruktur ... korbannya? Tetap ... RAKYAT JELANTAH ...""""",negative,penjarahan sungguh masif struktur korban tetap rakyat jelantah
"""""Polisi Tetapkan 11 Tersangka Penjarahan Rumah Sri Mulyani https://t.co/cJPloLBWd6""""",neutral,polisi tetap 11 sangka penjarahan rumah sri mulyani
"""""aneh bgt sekelas menteri bisa kena penjarahan """"",negative,aneh banget kelas menteri kena penjarahan
"""""Pasca Demo Kerusuhan dan Penjarahan seharusnya Kapolri @ListyoSigitP dan Jaksa Agung @ST_Burhanuddin ikut dicopot @prabowo https://t.co/TiEslAqkXt""""",neutral,pasca demo kerusuhan penjarahan kapolri jaksa agung ikut copot
"""""Narasi yang mengundang penjarahan hahaha""""",negative,narasi undang penjarahan hahaha
"""""Sri Mulyani Penjarahan Lukisan Bunga Itu dan Isu Mundur dari Kabinet https://t.co/Og4ul0aRWJ""""",negative,sri mulyani penjarahan kamukisan bunga isu mundur kabinet
"""""Maraknya aksi demo yang berujung ricuh dan penjarahan mendorong pemerintah mengaktifkan siskamling dan ronda di masyarakat https://t.co/8JlOVArPRb""""",neutral,marak aksi demo ujung ricuh penjarahan dorong perintah aktif siskamling ronda masyarakat
"""""@Homo_sapiens21 @BruhGusGus Tidak dia sudah dapat Informasi dari BIN dan penjarahan memiliki pola. Kasihan emang i think it's best for her. She deserves going back into what she was. Melebar kan sayap tidak di sangkar""""",negative,tidak informasi bin penjarahan milik pola kasihan emang i think it s best for her she deserves going back into what she was lebar kan sayap tidak sangkar
"""""Sosok 'Om Agus' yang Viral Foto Bareng Sahroni Purnawirawan TNI AL? Netizen terus menguliti masa lalu Ahmad Sahroni pasca aksi penjarahan rumahnya di kawasan Tanjung Priok Jakarta Timur akhir Agustus lalu. https://t.co/pmhejmMIP5""""",negative,sosok om agus viral foto bareng sahroni purnawirawan tni al netizen terus ulit masa lalu ahmad sahroni pasca aksi penjarahan rumah kawasan tanjung priok jakarta timur akhir agustus lalu
"""""@yourbaeee23 @RedArmyNika @kelixmann Yg sejarah² tapi pas ada penjarahan di cagar budaya gada bahas² itu blas sama sekali :))))""""",negative,sejarah pas penjarahan cagar budaya tidak bahas blas sama sekali
"""""@RR_FR01 @Konohakeras Benar tokoh seperti Sri Mulyani menghadapi kontroversi video viral guru beban negara (yang ia klarifikasi) dan penjarahan rumahnya baru-baru ini. Jokowi akui kritik seperti planga-plongo dan bodoh dalam pidatonya 2023 serta terima secara pribadi. Ridwan Kamil juga""""",negative,benar tokoh sri mulyani hadap kontroversi video viral guru beban negara klarifikasi penjarahan rumah baru baru jokowi aku kritik planga plongo bodoh pidato 2023 terima pribadi ridwan kamil
"""""Perkembangan Kasus Penjarahan Rumah Uya Kuya: Polisi Tangkap Pelaku dan Buru Provokator https://t.co/c4YX49AHPU https://t.co/7VRX9WSQlf""""",negative,kembang kasus penjarahan rumah uya kuya polisi tangkap laku buru provokator
"""""Polisi mengatakan ke-11 tersangka ini seluruhnya merupakan orang dewasa tanpa melibatkan anak. Mereka juga berasal dari sejumlah wilayah. https://t.co/HqT1qmQmUO""""",negative,polisi kata 11 sangka seluruh rupa orang dewasa libat anak asal jumlah wilayah
"""""Kalo ga anarki dan ga lakukan penjarahan satu demonstran pun haram ditahan. Ini bukan jaman penjajahan Mul dan oligarki.""""",negative,kalo ga anarki ga laku penjarahan satu demonstran haram tahan bukan jaman jajah mul oligarki
"""Presiden Minta Polri dan TNI Tindak Tegas Penjarahan Rumah Pejabat #StopMenjarah #StopMenjarahPejabat #StopAnarkis #Indonesia #IndonesiaEmas https://t.co/yk97Cv10wC""",neutral,presiden minta polri tni tindak tegas penjarahan rumah jabat
"""Presiden Minta Polri dan TNI Tindak Tegas Penjarahan Rumah Pejabat #StopMenjarah #StopMenjarahPejabat #StopAnarkis #Indonesia #IndonesiaEmas https://t.co/zF5PMO2Ms0""",neutral,presiden minta polri tni tindak tegas penjarahan rumah jabat
"""Presiden Minta Polri dan TNI Tindak Tegas Penjarahan Rumah Pejabat #StopMenjarah #StopMenjarahPejabat #StopAnarkis #Indonesia #IndonesiaEmas https://t.co/3dAuCYsUUq""",neutral,presiden minta polri tni tindak tegas penjarahan rumah jabat
"""@Belok_dong Penjarahan pasti di lakukan orang miskin (gak mungkin orang kaya)orang miskin identik wong cilik wong cilik identik dengan PARTAI... PAHAM...""",negative,penjarahan laku orang miskin tidak mungkin orang kaya orang miskin identik wong cilik wong cilik identik partai paham
"""Menurut Dino Pati Djalal bhw Penjarahan rumah Sri Mulyani direncanakan secara sistematis dan sudah ditarget dari kekuatan tertentu yg melibatkan TANGAN SILUMAN """,negative,dino pati djalal bhw penjarahan rumah sri mulyani rencana sistematis target kuat tentu libat tangan siluman
"""@OpikAf @Hegie_bae 17+8 setelah adanya kerusuhan dan lebih di isi oleh influenzer. Rakyat mulai menarik dukungan ketika arahnya sudah ke arah penjarahan. Trauma kelam 98 masih membekas.""",negative,17 8 ada kerusuhan lebih isi influenzer rakyat mulai tarik dukung arah arah penjarahan trauma kelam 98 bekas
"""@_akunkomen @txtdrimedia @prabowo gerakin penjarahan harta koruptor.""",negative,gerakin penjarahan harta koruptor
"""@AdlawiSamsudin @dinopattidjalal Saya orang bodoh tapi Para alumni LPDP pastinya orang2 pinter dan cerdas. .... Mengapa mereka/alumni lpdp tidak membantu memberikan masukan utk mencari dalang penjarahan rumah SM spt yg dikemukakan oleh @dinopattidjalal ini""",negative,orang bodoh alumni lpdp pasti orang pinter cerdas alumni lpdp tidak bantu beri masuk cari dalang penjarahan rumah sama muka
"""@ARSIPAJA kenapa gua yakin penjarahan kemaren cuma skenario penguasa ? ya karena rumahnya bahlil aman """,negative,yakin penjarahan kemaren cuma skenario kuasa rumah bahlil aman
"""@Mas_zobirin @sharpandshark kalo dalam agama kami dan ajaran nabi muhammad kami penjarahan itu haram mas sobirin dalam agama kami juga setuju dengan perbuatan maksiat sama dengan melakukanya""",negative,kalo agama ajar nabi muhammad penjarahan haram mas sobirin agama tuju buat maksiat sama melakukanya
"""@BebySoSweet Mulai...kumat buat statement asal njeplak Giliran masuk penjarahan bikin drama Zul..Zul...moga cepet mati dah lu org""",negative,mulai kumat statement asal njeplak gilir masuk penjarahan bikin drama zul zul moga cepet mati dah kamu org
"""Penjarahan rumah / toko dan apapun milik pribadi warga itu kriminal. INSTRUKSI : tindak tegas utk tangkap adili penjarakan. Penjarahan pantai. Penjarahan hutan Penjarahan tambang Penjarahan APBN / APBN ? INSTRUKSI : ????""",negative,penjarahan rumah toko apa milik pribadi warga kriminalitas instruksi tindak tegas tangkap adil penjara penjarahan pantai penjarahan hutan penjarahan tambang penjarahan apbn apbn instruksi
"""@nyctogna Gak membenarkan penjarahan tapi dia sok asik sih Emak bapaknya juga.""",negative,tidak benar penjarahan sok asik sih emak bapak
"""@inijoejoe itu realita yg ada dimsyrkt saat ini. Menormalisasi sesuatu yg sbnrnya ga normal. byk case spt kasus penjarahan pengerusakan fasum dll. termasuk diantaranya kalo pacaran ga ada acara sedot sedotan bukan pacaran katanya. pdhl kalo mau nyedot bs juice atau wc ya """,negative,realita dimsyrkt normalisasi sbnrnya ga normal byk case kasus penjarahan rusa fasum masuk antara kalo pacar ga acara sedot sedot bukan pacar kata pdhl kalo mau nyedot bs juice wc
"""@dinopattidjalal Hal yang tidak mengherankan si asam sulfat aja bisa jadi wp krn penjarahan peraturan oleh pasukan siluman berdasi.""",negative,tidak heran si asam sulfat jadi wp penjarahan atur pasu siluman das
"""@zimaya5 @sudahsaatnyaa @BudiBukanIntel @barengwarga Gak heran sih indonesia masih begini aja kalai masih ada orang kayak anda yang mewajarkan penjarahan :)""",negative,tidak heran sih indonesia begini kalai orang kayak wajar penjarahan
"""@userxmlf Jangan sampe ada penjarahan part sekian sekian dah lu pada yang jadi pejabrut. Heran kerja gajinya hasil iuran rakyat kok songong bgt""",negative,jangan sampe penjarahan part sekian sekian dah kamu jadi pejabrut heran kerja gaji hasil iur rakyat kok songong banget
"""Penjarahan rumah pribadi SMI di mobilisasi pake truk. Artinya by setting @bangyupi_006""",negative,penjarahan rumah pribadi sama mobilisasi pake truk arti by setting
"""@DivHumas_Polri Bravo pak..kejar terus para pelaku pengrusakan dan penjarahan""",negative,bravo pak kejar terus laku rusa penjarahan
"""@Om_Awang @WagimanDeep212_ Halahh elu yg tolol. Tanpa mengurangi rasa hormat atas pengiriman bantuan (tentu atas seijin otoritas udara Israel). Indonesia bisa menekan PBB agar sgr mendistribusikan bantuan utk warga Gaza yg jumlahnya RIBUAN TON n minta pengamanan dr penjarahan bantuan oleh TERORIS HAMAS.""",negative,halahh elu tolol kurang rasa hormat atas kirim bantu atas seijin otoritas udara israel indonesia tekan pbb sgr distribusi bantu warga gaza jumlah ribu ton n minta pengamanan penjarahan bantu teroris hamas
"""@EdwardSevino @CNNIndonesia Jika mempertahankan hak hidup harus menyuap maka boleh. Misalnya di suatu daerah terjadi kekacauan ada penjarahan pembakaran rumah dll maka seseorang menyuap petugas untuk menjaga keselamatan dan hak dia untuk hidup itu dibenarkan.""",negative,tahan hak hidup suap misal suatu daerah jadi kacau penjarahan pembakaran rumah orang suap tugas jaga selamat hak hidup benar
"""@dinopattidjalal Wa alaikum salam sayangnya pembentukan TGPF (tim gabungan pencari fakta) penjarahan pembakaran dll Agustus 2025 di cancel jadi gak terkuak apa motif dan siapa dalangnya ?""",negative,wa alaikum salam sayang bentuk tgpf tim gabung cari fakta penjarahan pembakaran agustus 2025 cancel jadi tidak kuak apa motif siapa dalang
"""@dinopattidjalal Saya awam Om cuma heran aja sama perbedaan penjarahan di rumah Om Sahroni ama yg di rumah Tante Sri. Di rumah Om Sahroni penjarahannya begitu spontan kalau Tante Sri eeemmm gimana yaa kaya terlalu adem dan santai bener sih.""",negative,awam om cuma heran sama beda penjarahan rumah om sahroni ama rumah tante sri rumah om sahroni jarah spontan kalau tante sri eemm gimana yaa kaya terlalu adem santai bener sih
"""VIDEO: Kekuatan Siluman Rekayasa Penjarahan Rumah Mantan Menkeu Sri Mulyani Sudah Ditarget! https://t.co/iSBA3ZMRZ9""",neutral,video kuat siluman rekayasa penjarahan rumah mantan menkeu sri mulyani target
"""@gendut4444 Yang dimaksud itu jeda apa ya? Setelah hari kejadian penjarahan kah? Atau apa?""",negative,maksud jeda apa hari jadi penjarahan apa
"""Kepolisian Daerah Jawa Timur (Polda Jatim) mengamankan sejumlah tersangka baru terkait aksi perusakan penjarahan dan perusakan fasilitas umum yang terjadi serentak di beberapa wilayah. #energiinspirasiindonesia Baca selengkapnya di https://t.co/HLSrQVn5gE https://t.co/Z9Xdwg2MSS""",neutral,polisi daerah jawa timur polda jatim aman jumlah sangka baru kait aksi perusakan penjarahan perusakan fasilitas umum jadi serentak beberapa wilayah baca lengkap
"""@ArmaZulfikar @dinopattidjalal Analisa kamu menarik. Berdasarkan berita dari Tempo Kompas dan CNBC (Sept 2025) penjarahan rumah Sri Mulyani tampak bagian dari demo besar dengan dugaan konspirasi seperti yang disebut Dino Patti Djalal. Teori false flag atau targeting oleh pihak lain belum ada bukti kuat;""",negative,analisa kamu tarik dasar berita tempo kompas cnbc sept 2025 penjarahan rumah sri mulyani tampak bagi demo besar duga konspirasi sebut dino patti djalal teori false flag targeting pihak belum bukti kuat
"""Arloji Mewah Swiss Dari Mana Mulanya? Selain cokelat dan pisau saku multiguna Swiss juga terkenal dengan arloji mewahnya. Harga arloji-arlojinya selangit. Seperti arloji Richard Mille milik mantan anggota DPR Ahmad Sahroni yang sempat digondol seorang remaja dalam penjarahan https://t.co/PVFFUXN62A""",negative,arloji mewah swiss mana mula cokelat pisau saku multiguna swiss kenal arloji mewah harga arloji arloji langit arloji richard mille milik mantan anggota dpr ahmad sahroni sempat gondol orang remaja penjarahan
"""@dinopattidjalal Untuk analisa penjarahan gw sepakat gw juga menduga demikian bahkan dari mulai penjarahan rumah pejabat pertama sepakat usut tuntas TAPI kalo narasinya digiring jadi PENILAIAN PERSONAL DAN SUBJEKTIF terhadap kinerja SRM sebentar2 setiap orang punya penilaian masing2 jg""",negative,analisa penjarahan sepakat duga bahkan mulai penjarahan rumah jabat pertama sepakat usut tuntas kalo narasi giring jadi nilai personal subjektif kerja srm sebentar orang punya nilai masing
"""@dinopattidjalal Penjarahan nya juga aku gak setuju dan harus diusut Tapi Sri Mulyani gak innocent2 banget Banyak kebijakan nya bikin sengsara Rakyat""",negative,penjarahan nya aku tidak tuju usut sri mulyani tidak innocent banget banyak bijak nya bikin sengsara rakyat
"""@dinopattidjalal Perlu investigasi siapa dalang penjarahan Sri Mulyani.""",neutral,perlu investigasi siapa dalang penjarahan sri mulyani
"""Eks Jubir SBY Curiga Ada Kekuatan Siluman di Balik Penjarahan Rumah Sri Mulyani https://t.co/O0Qtoulp5e""",neutral,eks jubir sby curiga kuat siluman balik penjarahan rumah sri mulyani
"""warga indonesia udah main marah-marah dan penjarahan. sekali viral warga marah.""",negative,warga indonesia main marah marah penjarahan sekali viral warga marah
"""@dinopattidjalal Penjarahan yang terjadi sporadis oleh satu kelompok yang terorganisir - lalu mempengaruhi masyarakat tertentu hingga terjadi gelombang massa yang tak terbendung...""",negative,penjarahan jadi sporadis satu kelompok organisir lalu pengaruh masyarakat tentu hingga jadi gelombang massa tak bendung
"""@dinopattidjalal Mungkin saja orangnya sama dengan yg memobilisasi dan memprovokasi penjarahan dan pembakaran di Jakarta tahun 1998. Ytta.""",negative,mungkin orang sama mobilisasi provokasi penjarahan pembakaran jakarta tahun 1998 ytta
"""@Kappa_2023 @Valhallaah @spektrumku @bnsphrxyzzz @RefublikAteis @iphone7decoco @Sentjoko @PaijoKentirr @tepig_pignite @FaktaBerita89 @iam_zelt @balaputra_deva @NamoAryatara @mbienyambay2 Betul Itulah gunanya tuhan nabi wahyu ayat2 dst sbg alat legitimasi penyerangan pemerkosaan penjarahan penjajahan &amp; perbudakan. Mk jgn brharap hal baik apa pun dr mrk.""",negative,betul guna tuhan nabi wahyu ayat alat legitimasi serang perkosa penjarahan jajah amp budak mk jgn brharap bagus apa
"""@pmd_sehat @sharpandshark Yg bilang penjarahan tindakan terpuji siapa ???""",negative,bilang penjarahan tindak puji siapa
"""Yang buat saya bingung Dalam penjarahan rumah tokoh2 tsb tak ada pertolongan dari pihak tetangga warga pihak kampung sekitar. Apakah tokoh2 tsb tidak bermasyarakat atau kehidupan disana siapa loe siapa gue atau warga sekitar benar2 tak berdaya/takut? """,negative,bingung penjarahan rumah tokoh tsb tak tolong pihak tetangga warga pihak kampung tokoh tsb tidak masyarakat hidup sana siapa kamu siapa gue warga benar tak daya takut
"""@oman_man89 @sharpandshark Penjarahan itu perampokan mau di rencanakan atau spontan itu tindakan kriminal harus di tangkap.""",negative,penjarahan perampokan mau rencana spontan tindak kriminalitas tangkap
"""Sesama Agen Cai Got mulai muncul saling membela mungkin krn hilangnya Dokumen Rahasia yg tertera nama² antek Global yg hilang saat penjarahan...ituh simpulnya...""",negative,sama agen cai got mulai muncul saling bela mungkin hilang dokumen rahasia tera nama antek global hilang penjarahan ituh simpul
"""@sharpandshark Okelah aksi penjarahan kemarin terorganisir krn ada yg hunting lokasi sahroni sri mulyani dll. Tapi juga jangan lupa murka rakyat kemarin itu akumulatif. Kesalnya udah lama. Soal ditumpangi atau enggk siapa yg akhirnya peduli? Kalaupun diinvestigasi siapa yg percaya aparat?""",negative,oke aksi penjarahan kemarin organisir hunting lokasi sahroni sri mulyani jangan kamupa murka rakyat kemarin akumulatif kesal lama soal tumpang enggk siapa akhir peduli kalaupun investigasi siapa percaya aparat
"""Berikut video ulasan saya mengenai Jejak2 SILUMAN dalam PENJARAHAN Sri Mulyani . What do you think? Silahkan komentari kalau analisa saya masuk akal atau ngawur. https://t.co/etemzS8Ej6""",negative,ikut video ulas kena jejak siluman penjarahan sri mulyani what do you think silah komentar kalau analisa masuk akal ngawur
"""@e100ss Apakah karyawan Shell tidak ada niatan untuk membakar rumah si Bahlil? Kan seru gitu penjarahan rumah pejabat part 2""",negative,karyawan shell tidak niat pembakaran rumah si bahlil kan seru gitu penjarahan rumah jabat part 2
"""@tempodotco Apa jng2 penjarahan di rumah orang yg di ilustrasi sedang digunting itu dibuat agar jadi alasan biar bisa anu po yaaa""",negative,apa jng penjarahan rumah orang ilustrasi sedang gunting buat jadi alas biar po yaa
"""@oman_man89 @sharpandshark Ada benarnya. Namun baru pertama kali ini terjadi ada demo yg dilakukan tengah malam dan terjadi penjarahan. Seperti perampokan yg telah direncanakan dengan rapi. Apakah semua masuk akal?""",negative,benar baru pertama kali jadi demo laku tengah malam jadi penjarahan perampokan rencana rapi semua masuk akal
"""@sharpandshark yg namanya penjarahan pencurian atau perampokan itu ngga perlu ada dalang. Tapi sdh spontanitas aksi massa krn ada jurang kemiskinan yg sangat dalam antara pejabat negara dgn rakyatnya. Kalau semua pejabat nya tolol seperti ini. lalu kapan pemerintah bisa introspeksi diri ??""",negative,nama penjarahan curi perampokan ngga perlu dalang spontanitas aksi massa jurang miskin sangat jabat negara rakyat kalau semua jabat nya tolol lalu kapan perintah introspeksi diri
"""@HetsiyHetsiy1 @sharpandshark Berdasarkan penelusuran insiden penjarahan rumah Sri Mulyani memang terjadi pada 31 Agustus 2025 di Bintaro. Namun rumor ia melapor ke Menhan untuk minta pengamanan sebelum kejadian tidak dikonfirmasi oleh sumber berita kredibel seperti Tempo atau CNN Indonesia. Kemungkinan""",negative,dasar telusur insiden penjarahan rumah sri mulyani memang jadi 31 agustus 2025 bintaro rumor lapor menhan minta pengamanan jadi tidak konfirmasi sumber berita kredibel tempo cnn indonesia mungkin
"""@sharpandshark kalo penjarahan 1998 pkai pemerkosaan itu iblis yg melebihi iblis ya teman² . klo menjarah tnpa ada rape dll dsebut tgn siluman lalu penjarahan pemerkosaan pembunuhan pembakaran bahkan ada mayat dimutilasi 1998 itu apa namanya pak? nanya doang kok pak️ https://t.co/4WrOrS2qqV""",negative,kalo penjarahan 1998 pkai perkosa iblis lebih iblis teman kalau penjarahan tnpa rape dsebut tgn siluman lalu penjarahan perkosa bunuh pembakaran bahkan mayat mutilasi 1998 apa nama pak nanya kok pak
"""@taufik_q Ga usah bawa2 nama anies baswedan. Semua pejabat akan mengalami penjarahan bahkan dkroyok bakar habis2an.jgn bawa ani2 sok suci. Kalian juga yg bawanma anis akan bernasib sama. Dari segala partai akan dijarah dan mati sia besrta kekuarga""",negative,ga usah bawa nama anies baswedan semua jabat alami penjarahan bahkan dkroyok bakar habis2an jgn bawa ani sok suci kalian bawanma anis nasib sama segala partai penjarahan mati sia besrta kekuarga
"""Bisa jadi jangan2 dipdipeh ada komplotan pemakar. Pendemoan penjarahan penempatan perusuh ada settingan yg khas opsus gaya pdipeh. BG sebagai menkopolkam lumpuh tak berdaya dan hilang akal sehingga seperti memaksa Presiden untuk terima proposal keadaan darurat sipil. FUTSCH.""",negative,jadi jangan dipdipeh komplot makar demo penjarahan tempat rusuh settingan khas opsus gaya pdipeh bg menkopolkam kamumpuh tak daya hilang akal paksa presiden terima proposal ada darurat sipil futsch
"""Polri melalui Polda Nusa Tenggara Barat (NTB) menetapkan 20 tersangka terkait aksi perusakan dan penjarahan saat unjuk rasa 30 Agustus 2025 di Mapolda NTB dan Gedung DPRD NTB. https://t.co/jNbyytNRlC""",neutral,polri lalu polda nusa tenggara barat ntb tetap 20 sangka kait aksi perusakan penjarahan unjuk rasa 30 agustus 2025 mapolda ntb gedung dprd ntb
"""Yg dituduh dalang penjarahan sahroni itu bukan ya? Kirain nyewa stuntwoman eh lah nyari kambing itam beneran????""",negative,tuduh dalang penjarahan sahroni bukan kirain nyewa stuntwoman eh lah nyari kambing itam beneran
"""Polisi Tangkap Pelaku Penjarahan Gerai Ponsel di Garut Plaza Terungkap dari Rekaman CCTV https://t.co/Qh0WOZltrc""",neutral,polisi tangkap laku penjarahan gerai ponsel garut plaza ungkap rekam cctv
"""Kita bisanya hanya nebak2 doang sahabat baikku jg jd korban brutal aksi penjarahan dan pengursakan akhir Agustus kmrin. Kita memohon pd @DivHumas_Polri untuk mengusut tuntas dn menemukan para aktor tsb. Udahlah gak usah bicara HAM dulu atau aktifis dulu.""",negative,bisa nebak sahabat baik jadi korban brutal aksi penjarahan pengursakan akhir agustus kmrin mohon usut tuntas dn temu aktor tsb udahlah tidak usah bicara ham dulu aktif dulu
"""@andi_chotimah Kebetulan atau emang udah waktunya? Setelah demo rusuh yg kemarin rame banget sampai ada penjarahan segala dua tokoh langsung out: Hendrar Prihadi &amp; Budi Gunawan. PRABOWO IN PDIP OUT #Bersih2AnasirMerah""",negative,betul emang waktu demo rusuh kemarin rame banget penjarahan segala tokoh langsung out hendrar prihadi amp budi gunawan prabowo in pdip out
"""Polisi Ungkap Ratusan Pelaku Aksi Anarkis di Jawa Timur Kerugian Capai Rp 256 Miliar SURABAYA Polda Jawa Timur merilis perkembangan penanganan kasus perusakan penjarahan dan pembakaran fasilitas umum yang terjadi dalam rangkaian aksi anarkis di sejumlah wilayah Jatim https://t.co/ltNxpFCDTK""",neutral,polisi ungkap ratus laku aksi anarkis jawa timur rugi capai rp 256 miliar surabaya polda jawa timur rilis kembang tangan kasus perusakan penjarahan pembakaran fasilitas umum jadi rangkai aksi anarkis jumlah wilayah jatim
"""Publik mulai mikir: ini reshuffle beneran buat kabinet makin solid atau ada hubungannya sama chaos kemarin yg nyisain jejak penjarahan dan kegaduhan? Ada yg bilang terlalu kebetulan. Coincidence or not? PRABOWO IN PDIP OUT #Bersih2AnasirMerah""",negative,publik mulai mikir reshuffle beneran kabinet makin solid hubung sama chaos kemarin nyisain jejak penjarahan gaduh bilang terlalu betul coincidence or not prabowo in pdip out
"""Padahal penjarahan yg sesungguhnya sudah dilakukan oleh pemerintah sendiri... https://t.co/6BGCZnRd5E""",negative,padahal penjarahan sungguh laku perintah sendiri
"""Jika kudeta dg skema kerusuhan dan penjarahan massal tdk berhasil maka akan ada plain B.""",negative,kudeta skema kerusuhan penjarahan massal tidak hasil plain b
"""@andi_chotimah Budi Gunawan dan Hendrar Prihadi dicopot pasca demo rusuh plus penjarahan publik jadi bertanya PRABOWO IN PDIP OUT #Bersih2AnasirMerah""",negative,budi gunawan hendrar prihadi copot pasca demo rusuh plus penjarahan publik jadi tanya prabowo in pdip out
"""Budi Gunawan juga out barengan sama Hendrar Prihadi. Timing-nya pasca demo rusuh+penjarahan kemarin... kebetulan doang atau ada benang merah? PRABOWO IN PDIP OUT #Bersih2AnasirMerah""",negative,budi gunawan out bareng sama hendrar prihadi timing nya pasca demo rusuh penjarahan kemarin betul benang merah prabowo in pdip out
"""@andi_chotimah Demo rusuh + penjarahan kemarin malah makin bikin publik yakin. Reshuffle ini jawabannya: PRABOWO IN PDIP OUT #Bersih2AnasirMerah""",negative,demo rusuh penjarahan kemarin malah makin bikin publik yakin reshuffle jawab prabowo in pdip out
"""@andi_chotimah Kerusuhan + penjarahan kemarin keliatan kaya terorganisir tapi kok aparat kayak slow response? Netizen jadi makin mikir apa ada benang merah sama partai tertentu? PRABOWO IN PDIP OUT #Bersih2AnasirMerah""",negative,kerusuhan penjarahan kemarin liat kaya organisir kok aparat kayak slow response netizen jadi makin mikir apa benang merah sama partai tentu prabowo in pdip out
"""Dan gak cuma Mahfud yang gagal tayang . Budi Gunawan &amp; Hendi juga dicut dari posisi masing-masing. Semua kejadian ini numpuk pasca kerusuhan &amp; penjarahan misterius PRABOWO IN PDIP OUT #Bersih2AnasirMerah""",negative,tidak cuma mahfud gagal tayang budi gunawan amp hendi cut posisi masing masing semua jadi numpuk pasca kerusuhan amp penjarahan misterius prabowo in pdip out
"""Sementara itu Hendrar Prihadi &amp; Budi Gunawan diputusin cabut. Publik langsung mikir kok pas banget setelah demo rusuh + penjarahan kemarin? Coincidence or what? PRABOWO IN PDIP OUT #Bersih2AnasirMerah""",negative,hendrar prihadi amp budi gunawan diputusin cabut publik langsung mikir kok pas banget demo rusuh penjarahan kemarin coincidence or what prabowo in pdip out
"""Apalagi bersamaan sama out-nya Hendrar &amp; Budi Gunawan. Kok timingnya bisa klop banget sama rusuh+penjarahan kemarin? PRABOWO IN PDIP OUT #Bersih2AnasirMerah""",negative,sama sama out nya hendrar amp budi gunawan kok timingnya kalaup banget sama rusuh penjarahan kemarin prabowo in pdip out
"""Belum lagi tiba-tiba Hendrar Prihadi out dari BPKP. Timingnya pas banget abis demo rusuh &amp; penjarahan PRABOWO IN PDIP OUT #Bersih2AnasirMerah""",positive,belum tiba tiba hendrar prihadi out bpkp timingnya pas banget abis demo rusuh amp penjarahan prabowo in pdip out
"""Budi Gunawan copot pasca demo rusuh Agustus yang ada penjarahan di mana-mana. Publik pada curiga apa ini ada hubungan sama elemen tertentu? PRABOWO IN PDIP OUT #Bersih2AnasirMerah""",negative,budi gunawan copot pasca demo rusuh agustus penjarahan mana mana publik curiga apa hubung sama elemen tentu prabowo in pdip out
"""Demo rusuh itu bikin chaos penjarahan sampe bikin rakyat geram. Kecurigaan publik ke PDIP muncul lagi tapi ya kan cuma spekulasi doang. PRABOWO IN PDIP OUT #Bersih2AnasirMerah""",negative,demo rusuh bikin chaos penjarahan sampe bikin rakyat geram curiga publik pdip muncul kan cuma spekulasi prabowo in pdip out
"""Rusuh plus penjarahan? Publik bilang itu bukan aspirasi tapi akting gagal. PRABOWO IN PDIP OUT #Bersih2AnasirMerah""",negative,rusuh plus penjarahan publik bilang bukan aspirasi akting gagal prabowo in pdip out
"""Hendrar Prihadi dicopot Budi Gunawan juga out. Publik jadi kepo kok barengan banget ya pasca demo rusuh+penjarahan kemarin. PRABOWO IN PDIP OUT #Bersih2AnasirMerah""",negative,hendrar prihadi copot budi gunawan out publik jadi kepo kok bareng banget pasca demo rusuh penjarahan kemarin prabowo in pdip out
"""Di sisi lain Hendrar Prihadi dicopot juga. Padahal baru aja rame soal demo rusuh sampe ada penjarahan. Kok waktunya barengan bikin makin banyak spekulasi. PRABOWO IN PDIP OUT #Bersih2AnasirMerah""",negative,sisi hendrar prihadi copot padahal baru rame soal demo rusuh sampe penjarahan kok waktu bareng bikin makin banyak spekulasi prabowo in pdip out
"""Trus tiba-tiba Hendrar Prihadi out Budi Gunawan juga out timing-nya pas banget abis demo rusuh + penjarahan kemarin. Kebetulan kah? Atau publik emang punya feeling beda soal ini? PRABOWO IN PDIP OUT #Bersih2AnasirMerah""",negative,trus tiba tiba hendrar prihadi out budi gunawan out timing nya pas banget abis demo rusuh penjarahan kemarin betul publik emang punya feeling beda soal prabowo in pdip out
"""Rusuh plus penjarahan? Publik nyebutnya bukan demo tapi drama murahan. PRABOWO IN PDIP OUT #Bersih2AnasirMerah""",negative,rusuh plus penjarahan publik nyebutnya bukan demo drama murah prabowo in pdip out
"""Demo yang berubah jadi kekacauan dengan penjarahan lalu dua pejabat kunci out. Pertanyaan besar: bagaimana keterkaitan potensial dengan kelompok politik tertentu? PRABOWO IN PDIP OUT #Bersih2AnasirMerah""",negative,demo ubah jadi kacau penjarahan lalu jabat kunci out tanya besar bagaimana kait potensial kelompok politik tentu prabowo in pdip out
"""Mengapa pemberhentian Budi Gunawan dan Hendrar Prihadi tepat setelah demo rusuh disertai penjarahan? Adakah benang merah dengan dinamika partai oposisi? Publik ingin tahu. PRABOWO IN PDIP OUT #Bersih2AnasirMerah""",negative,henti budi gunawan hendrar prihadi tepat demo rusuh serta penjarahan ada benang merah dinamika partai oposisi publik tahu prabowo in pdip out
"""Demo chaos plus penjarahan lebih mirip sinetron murahan dibanding aksi nyata. PRABOWO IN PDIP OUT #Bersih2AnasirMerah""",negative,demo chaos plus penjarahan lebih mirip sinetron murah banding aksi nyata prabowo in pdip out
"""Apalagi ini kejadian setelah demo rusuh dan penjarahan aneh yang tiba-tiba aja muncul di beberapa kota. Rakyat mulai nanya: ini gerakan rakyat atau ada yang nyulut PRABOWO IN PDIP OUT #Bersih2AnasirMerah""",negative,jadi demo rusuh penjarahan aneh tiba tiba muncul beberapa kota rakyat mulai nanya gera rakyat nyulut prabowo in pdip out
"""Terus pas banget abis demo rusuh &amp; penjarahan malah muncul kabar pencopotan Hendrar Prihadi &amp; Budi Gunawan. Publik jadi makin penasaran kok momennya selalu kebetulan ? PRABOWO IN PDIP OUT #Bersih2AnasirMerah""",negative,terus pas banget abis demo rusuh amp penjarahan malah muncul kabar copot hendrar prihadi amp budi gunawan publik jadi makin penasaran kok momen selalu betul prabowo in pdip out
"""Budi Gunawan sebagai Menkopolkam diganti Hendrar Prihadi juga out dari LKPP. Publik pada bisik-bisik apa ada hubungannya sama demo rusuh yang berujung penjarahan itu? Kayaknya timingnya pas banget tapi ya cuma dugaan aja sih. PRABOWO IN PDIP OUT #Bersih2AnasirMerah""",negative,budi gunawan menkopolkam ganti hendrar prihadi out lkpp publik bisik bisik apa hubung sama demo rusuh ujung penjarahan kayak timingnya pas banget cuma duga sih prabowo in pdip out
"""Di sisi lain Hendrar Prihadi dan Budi Gunawan diberhentikan tepat setelah demo chaos + penjarahan. Bukan nuduh tapi timingnya cinematic. PRABOWO IN PDIP OUT #Bersih2AnasirMerah""",negative,sisi hendrar prihadi budi gunawan henti tepat demo chaos penjarahan bukan nuduh timingnya cinematic prabowo in pdip out
"""Pasca demo rusuh yang bikin chaos kemarin tiba-tiba Budi Gunawan dan Hendrar Prihadi kena copot. Demo yang sampe ada penjarahan itu emang bikin situasi panas. PRABOWO IN PDIP OUT #Bersih2AnasirMerah""",negative,pasca demo rusuh bikin chaos kemarin tiba tiba budi gunawan hendrar prihadi kena copot demo sampe penjarahan emang bikin situasi panas prabowo in pdip out
"""Bukan cuma itu ada juga pemberhentian Hendrar Prihadi sama Budi Gunawan pasca demo chaos yg diiringi penjarahan. Publik auto mikir kok timingnya pas banget? PRABOWO IN PDIP OUT #Bersih2AnasirMerah""",negative,bukan cuma henti hendrar prihadi sama budi gunawan pasca demo chaos iring penjarahan publik auto mikir kok timingnya pas banget prabowo in pdip out
"""Belum lagi Budi Gunawan juga kena reshuffle setelah muncul demo rusuh yang bahkan disertai penjarahan. Banyak yang bilang momennya nyambung banget bikin makin banyak tanda tanya. PRABOWO IN PDIP OUT #Bersih2AnasirMerah""",negative,belum budi gunawan kena reshuffle muncul demo rusuh bahkan serta penjarahan banyak bilang momen nyambung banget bikin makin banyak tanda tanya prabowo in pdip out
"""Demo rusuh plus penjarahan vibesnya kayak proyek tontonan murahan. PRABOWO IN PDIP OUT #Bersih2AnasirMerah""",negative,demo rusuh plus penjarahan vibesnya kayak proyek tonton murah prabowo in pdip out
"""Di saat yang hampir bersamaan pemberhentian Hendrar Prihadi dan Budi Gunawan juga menambah tanda tanya. Apalagi waktunya berdekatan dengan demo rusuh dan penjarahan kemarin PRABOWO IN PDIP OUT #Bersih2AnasirMerah""",negative,hampir sama henti hendrar prihadi budi gunawan tambah tanda tanya waktu dekat demo rusuh penjarahan kemarin prabowo in pdip out
"""Bonus drama lain: Budi Gunawan dan Hendrar Prihadi ikut dicopot. Pas banget setelah demo rusuh plus penjarahan. Publik cuma geleng-geleng: kok timingnya pas banget ya? PRABOWO IN PDIP OUT #Bersih2AnasirMerah""",negative,bonus drama budi gunawan hendrar prihadi ikut copot pas banget demo rusuh plus penjarahan publik cuma geleng geleng kok timingnya pas banget prabowo in pdip out
"""Pasca demo rusuh yang berujung penjarahan sama kerusuhan Budi Gunawan sama Hendrar Prihadi langsung dicopot. Publik pada heboh nanya-nanya apa ada benang merah sama PDIP atau cuma kebetulan aja sih? PRABOWO IN PDIP OUT #Bersih2AnasirMerah""",negative,pasca demo rusuh ujung penjarahan sama kerusuhan budi gunawan sama hendrar prihadi langsung copot publik heboh nanya nanya apa benang merah sama pdip cuma betul sih prabowo in pdip out
"""Pasca demo rusuh plus penjarahan ala pesta pora Budi Gunawan dan Hendrar Prihadi langsung dipecat. Kebetulan banget atau ada yang merah di balik layar? Hehe pertanyaan retoris aja kok. PRABOWO IN PDIP OUT #Bersih2AnasirMerah""",negative,pasca demo rusuh plus penjarahan ala pesta pora budi gunawan hendrar prihadi langsung pecat betul banget merah balik layar haha tanya retoris kok prabowo in pdip out
"""Publik mulai kepo: kok pasca demo rusuh &amp; penjarahan tiba-tiba ada pencopotan Hendrar Prihadi sama Budi Gunawan? Kebetulan aja atau memang timingnya pas banget? PRABOWO IN PDIP OUT #Bersih2AnasirMerah""",negative,publik mulai kepo kok pasca demo rusuh amp penjarahan tiba tiba copot hendrar prihadi sama budi gunawan betul memang timingnya pas banget prabowo in pdip out
"""Waktu chaos &amp; penjarahan rame muncul pertanyaan di medsos: Siapa yang manfaatin momen? Ada yang bilang chaos itu bukan murni gerakan rakyat PRABOWO IN PDIP OUT #Bersih2AnasirMerah""",negative,waktu chaos amp penjarahan rame muncul tanya medsos siapa manfaatin momen bilang chaos bukan murni gera rakyat prabowo in pdip out
"""Hendrar Prihadi juga out barengan. Netizen auto bilang: kok bisa pas banget sama rusuh demo + penjarahan kemarin ya? PRABOWO IN PDIP OUT #Bersih2AnasirMerah""",negative,hendrar prihadi out bareng netizen auto bilang kok pas banget sama rusuh demo penjarahan kemarin prabowo in pdip out
"""Demo yang harusnya damai malah jadi rusuh plus penjarahan. Orang-orang jadi mikir ini beneran spontan apa ada dalang. PRABOWO IN PDIP OUT #Bersih2AnasirMerah""",negative,demo harus damai malah jadi rusuh plus penjarahan orang orang jadi mikir beneran spontan apa dalang prabowo in pdip out
"""Kerusuhan dan penjarahan sempet nyambung ke spekulasi publik soal anasir politik tertentu. Dari situ makin jelas PRABOWO IN PDIP OUT #Bersih2AnasirMerah""",negative,kerusuhan penjarahan sempet nyambung spekulasi publik soal anasir politik tentu situ makin jelas prabowo in pdip out
"""Budi Gunawan pun diberhentikan. Publik mengaitkan timingnya dengan demo ricuh dan penjarahan. Apakah ini bentuk pembersihan ? PRABOWO IN PDIP OUT #Bersih2AnasirMerah""",negative,budi gunawan henti publik kait timingnya demo ricuh penjarahan bentuk bersih prabowo in pdip out
"""Demo kemarin malah chaos plus ada penjarahan. Banyak yang bilang vibesnya kayak ada settingan. Pertanyaan makin numpuk. PRABOWO IN PDIP OUT #Bersih2AnasirMerah""",negative,demo kemarin malah chaos plus penjarahan banyak bilang vibesnya kayak settingan tanya makin numpuk prabowo in pdip out
"""Habis demo rusuh sama penjarahan yang bikin heboh Budi Gunawan sama Hendrar Prihadi langsung dipecat. Banyak yang ngerasa aneh apa ada keterlibatan PDIP di balik kerusuhan itu atau cuma teori aja? PRABOWO IN PDIP OUT #Bersih2AnasirMerah""",negative,habis demo rusuh sama penjarahan bikin heboh budi gunawan sama hendrar prihadi langsung pecat banyak ngerasa aneh apa libat pdip balik kerusuhan cuma teori prabowo in pdip out
"""Trus Budi Gunawan juga kena reshuffle. Timing pas abis demo ricuh + penjarahan. Publik: hmm sus banget ini kalo dibilang kebetulan. PRABOWO IN PDIP OUT #Bersih2AnasirMerah""",negative,trus budi gunawan kena reshuffle timing pas abis demo ricuh penjarahan publik hmm sus banget kalo bilang betul prabowo in pdip out
"""Demo rusuh plus penjarahan kemarin bikin publik mikir keras. Kalau liat rangkaian peristiwa rasa-rasanya pesan besar udah jelas: PRABOWO IN PDIP OUT #Bersih2AnasirMerah""",negative,demo rusuh plus penjarahan kemarin bikin publik mikir keras kalau liat rangkai peristiwa rasa rasa pesan besar jelas prabowo in pdip out
"""Demo kemarin bukan demo biasa ‍️ Ada rusuh ada penjarahan vibes-nya kok kayak chaos setting-an? ️ PRABOWO IN PDIP OUT #Bersih2AnasirMerah""",negative,demo kemarin bukan demo biasa rusuh penjarahan vibes nya kok kayak chaos setting an prabowo in pdip out
"""Budi Gunawan ikut diberhentikan. Momennya pas banget setelah demo rusuh dan penjarahan. Kebetulan? Atau ada pola yang terasa familiar? PRABOWO IN PDIP OUT #Bersih2AnasirMerah""",positive,budi gunawan ikut henti momen pas banget demo rusuh penjarahan betul pola asa familiar prabowo in pdip out
"""Demo rusuh plus penjarahan bikin banyak orang mikir kok bisa chaos segitunya. Ada skenario atau kebetulan aja. PRABOWO IN PDIP OUT #Bersih2AnasirMerah""",negative,demo rusuh plus penjarahan bikin banyak orang mikir kok chaos segitunya skenario betul prabowo in pdip out
"""Barengan itu Budi Gunawan juga diberhentikan. Pasca demo rusuh plus penjarahan publik jadi makin mikir: kebetulan atau ada benang merah? PRABOWO IN PDIP OUT #Bersih2AnasirMerah""",negative,bareng budi gunawan henti pasca demo rusuh plus penjarahan publik jadi makin mikir betul benang merah prabowo in pdip out
"""Rusuh dan penjarahan kemarin gak bisa dipisahin dari narasi besar. Publik makin sadar ada pola lama yang diputus. PRABOWO IN PDIP OUT #Bersih2AnasirMerah""",negative,rusuh penjarahan kemarin tidak dipisahin narasi besar publik makin sadar pola lama putus prabowo in pdip out
"""Trus ada kabar Hendrar Prihadi dicopot. Publik langsung rame: kok bisa momennya pas banget sama demo rusuh + penjarahan kemarin? PRABOWO IN PDIP OUT #Bersih2AnasirMerah""",negative,trus kabar hendrar prihadi copot publik langsung rame kok momen pas banget sama demo rusuh penjarahan kemarin prabowo in pdip out
"""Yang lebih rame lagi publik nyambungin reshuffle sama pencopotan Hendrar Prihadi dan Budi Gunawan. Apalagi setelah demo rusuh kemarin yg anehnya kebetulan berujung penjarahan. Netizen pada nanya kebetulan doang atau ada kaitannya? PRABOWO IN PDIP OUT #Bersih2AnasirMerah""",negative,lebih rame publik nyambungin reshuffle sama copot hendrar prihadi budi gunawan demo rusuh kemarin aneh betul ujung penjarahan netizen nanya betul kait prabowo in pdip out
"""Lalu Budi Gunawan juga diberhentikan. Timingnya berdekatan dengan demo rusuh dan penjarahan. Publik merasa ini bukan kebetulan semata. PRABOWO IN PDIP OUT #Bersih2AnasirMerah""",negative,lalu budi gunawan henti timingnya dekat demo rusuh penjarahan publik rasa bukan betul semata prabowo in pdip out
"""Publik langsung heboh karena timingnya deket sama demo rusuh + penjarahan kemarin... PRABOWO IN PDIP OUT #Bersih2AnasirMerah""",negative,publik langsung heboh timingnya deket sama demo rusuh penjarahan kemarin prabowo in pdip out
"""Kerusuhan demo kemarin masih fresh diingatan. Penjarahan di mana-mana bikin publik mikir keras siapa yang diuntungkan? Setelah reshuffle narasi PRABOWO IN PDIP OUT jadi kayak jawaban tersembunyi. #Bersih2AnasirMerah""",negative,kerusuhan demo kemarin fresh ingat penjarahan mana mana bikin publik mikir keras siapa untung reshuffle narasi prabowo in pdip out jadi kayak jawab sembunyi
"""Demo rusuh yang ada penjarahan jadi bahan omongan. Publik bertanya ini aksi beneran atau ada agenda. PRABOWO IN PDIP OUT #Bersih2AnasirMerah""",negative,demo rusuh penjarahan jadi bahan omong publik tanya aksi beneran agenda prabowo in pdip out
"""Chaos demo plus penjarahan kemarin makin bikin orang curiga. Wajar kan kalau publik mikir ada benang merah di situ? PRABOWO IN PDIP OUT #Bersih2AnasirMerah""",negative,chaos demo plus penjarahan kemarin makin bikin orang curiga wajar kan kalau publik mikir benang merah situ prabowo in pdip out
"""Budi Gunawan juga hilang dari line-up. Timingnya pas abis demo rusuh + penjarahan. Publik: kok plotnya mirip script lama ya? PRABOWO IN PDIP OUT #Bersih2AnasirMerah""",negative,budi gunawan hilang line up timingnya pas abis demo rusuh penjarahan publik kok plot mirip script lama prabowo in pdip out
"""Belum lagi barengan sama pencopotan Hendrar Prihadi. Publik jadi mikir kok bisa pasca demo ricuh + penjarahan langsung ada perubahan? PRABOWO IN PDIP OUT #Bersih2AnasirMerah""",negative,belum bareng sama copot hendrar prihadi publik jadi mikir kok pasca demo ricuh penjarahan langsung ubah prabowo in pdip out
"""Trus jangan lupa ada momen Hendrar Prihadi &amp; Budi Gunawan diberhentikan setelah demo rusuh + penjarahan kemarin. Banyak yang mulai bertanya-tanya kok timingnya pas banget ya? PRABOWO IN PDIP OUT #Bersih2AnasirMerah""",negative,trus jangan kamupa momen hendrar prihadi amp budi gunawan henti demo rusuh penjarahan kemarin banyak mulai tanya tanya kok timingnya pas banget prabowo in pdip out
"""Setelah kerusuhan demo plus penjarahan kabinet gerak cepet copot Budi Gunawan dan Hendrar Prihadi. Banyak yang mikir apa ini sinyal ada keterlibatan elemen politik lama? Tanya aja netizen deh. PRABOWO IN PDIP OUT #Bersih2AnasirMerah""",negative,kerusuhan demo plus penjarahan kabinet gerak cepet copot budi gunawan hendrar prihadi banyak mikir apa sinyal libat elemen politik lama tanya netizen deh prabowo in pdip out
"""Budi Gunawan juga diberhentikan pasca demo ricuh + penjarahan. Netizen nyambungin timingnya kok kebetulan banget? PRABOWO IN PDIP OUT #Bersih2AnasirMerah""",negative,budi gunawan henti pasca demo ricuh penjarahan netizen nyambungin timingnya kok betul banget prabowo in pdip out
"""Di sisi lain Hendrar Prihadi dicopot. Publik langsung tanya-tanya kenapa timingnya deket banget sama demo ricuh + penjarahan? PRABOWO IN PDIP OUT #Bersih2AnasirMerah""",negative,sisi hendrar prihadi copot publik langsung tanya tanya timingnya deket banget sama demo ricuh penjarahan prabowo in pdip out
"""Nggak berhenti di situ. Budi Gunawan juga ikut out. Pasca demo rusuh dan penjarahan publik makin curiga: kebetulan atau ada kaitan yang lebih dalam? PRABOWO IN PDIP OUT #Bersih2AnasirMerah""",negative,tidak henti situ budi gunawan ikut out pasca demo rusuh penjarahan publik makin curiga betul kait lebih prabowo in pdip out
"""Demo rusuh Agustus itu bikin Budi Gunawan sama Hendrar Prihadi langsung bye-bye. Publik pada spekulasi apa PDIP ada andil di kerusuhan dan penjarahan? PRABOWO IN PDIP OUT #Bersih2AnasirMerah""",negative,demo rusuh agustus bikin budi gunawan sama hendrar prihadi langsung bye bye publik spekulasi apa pdip andil kerusuhan penjarahan prabowo in pdip out
"""Demo rusuh plus penjarahan makin bikin curiga. PRABOWO IN PDIP OUT #Bersih2AnasirMerah""",negative,demo rusuh plus penjarahan makin bikin curiga prabowo in pdip out
"""Yang rame malah pemberhentian Budi Gunawan dan Hendrar Prihadi. Timing-nya pasca demo rusuh plus penjarahan. Hmm publik jadi kepo. PRABOWO IN PDIP OUT #Bersih2AnasirMerah""",negative,rame malah henti budi gunawan hendrar prihadi timing nya pasca demo rusuh plus penjarahan hmm publik jadi kepo prabowo in pdip out
"""Demo rusuh bareng penjarahan bikin publik curiga walau ga ada tuduhan langsung mereka kaitin dengan momentum reshuffle PRABOWO IN PDIP OUT #Bersih2AnasirMerah""",negative,demo rusuh bareng penjarahan bikin publik curiga ga tuduh langsung kaitin momentum reshuffle prabowo in pdip out
"""Budi Gunawan juga out. Timingnya deket banget sama rusuh demo plus penjarahan. Publik makin mikir: kebetulan random atau puzzle yang mulai nyatu? PRABOWO IN PDIP OUT #Bersih2AnasirMerah""",negative,budi gunawan out timingnya deket banget sama rusuh demo plus penjarahan publik makin mikir betul random puzzle mulai nyatu prabowo in pdip out
"""Demo besar sempat mengguncang. Situasi memanas penjarahan terjadi. Beberapa hari berselang dua pejabat kunci dicopot. Publik bertanya-tanya ini hanya kebetulan? PRABOWO IN PDIP OUT #Bersih2AnasirMerah""",negative,demo besar sempat guncang situasi panas penjarahan jadi beberapa hari selang jabat kunci copot publik tanya tanya betul prabowo in pdip out
"""Pasca demo chaos plus penjarahan muncul pertanyaan publik: sebenernya siapa yang paling diuntungkan dari semua kekacauan itu PRABOWO IN PDIP OUT #Bersih2AnasirMerah""",negative,pasca demo chaos plus penjarahan muncul tanya publik sebenernya siapa paling untung semua kacau prabowo in pdip out
"""Publik ngeliat kok ada pola. Demo chaos penjarahan terus ada copot-copotan pejabat yg katanya deket merah. PRABOWO IN PDIP OUT #Bersih2AnasirMerah""",negative,publik ngeliat kok pola demo chaos penjarahan terus copot copot jabat kata deket merah prabowo in pdip out
"""Tak lama Budi Gunawan juga ikut diberhentikan. Dan momen itu berbarengan dengan rusuh demo plus penjarahan. Publik mulai merangkai tanda tanya. PRABOWO IN PDIP OUT #Bersih2AnasirMerah""",negative,tak lama budi gunawan ikut henti momen bareng rusuh demo plus penjarahan publik mulai rangkai tanda tanya prabowo in pdip out
"""Kerusuhan demo plus penjarahan masih jadi bahan omongan netizen apakah kebetulan atau ada benang merah sama reshuffle PRABOWO IN PDIP OUT #Bersih2AnasirMerah""",negative,kerusuhan demo plus penjarahan jadi bahan omong netizen betul benang merah sama reshuffle prabowo in pdip out
"""Kerusuhan demo ditambah penjarahan bikin suasana makin panas dan reshuffle jadi momen yang menegaskan PRABOWO IN PDIP OUT. #Bersih2AnasirMerah""",negative,kerusuhan demo tambah penjarahan bikin suasana makin panas reshuffle jadi momen tegas prabowo in pdip out
"""Demo chaos plus penjarahan vibesnya kayak settingan bukan spontan. PRABOWO IN PDIP OUT #Bersih2AnasirMerah""",negative,demo chaos plus penjarahan vibesnya kayak settingan bukan spontan prabowo in pdip out
"""Publik wajar dong curiga. Demo chaos ada penjarahan tiba-tiba pejabat yg diduga deket sama lingkaran merah dicopot barengan. Pola ini kebetulan banget atau ada bersih-bersih besar-besaran? PRABOWO IN PDIP OUT #Bersih2AnasirMerah""",negative,publik wajar dong curiga demo chaos penjarahan tiba tiba jabat duga deket sama lingkar merah copot bareng pola betul banget bersih bersih besar besar prabowo in pdip out
"""Sementara itu sosok Hendrar Prihadi dan Budi Gunawan diberhentikan. Pas timingnya setelah demo chaos plus penjarahan. PRABOWO IN PDIP OUT #Bersih2AnasirMerah""",negative,sosok hendrar prihadi budi gunawan henti pas timingnya demo chaos plus penjarahan prabowo in pdip out
"""Setelah demo chaos disertai penjarahan publik jadi makin curiga-curiga halus kayak ada kaitan tipis-tipis ke warna tertentu PRABOWO IN PDIP OUT #Bersih2AnasirMerah""",negative,demo chaos serta penjarahan publik jadi makin curiga curiga halus kayak kait tipis tipis warna tentu prabowo in pdip out
"""Netizen auto ngaitin sama rusuh plus penjarahan kemarin. PRABOWO IN PDIP OUT #Bersih2AnasirMerah""",negative,netizen auto ngaitin sama rusuh plus penjarahan kemarin prabowo in pdip out
"""Reshuffle kemarin juga bikin publik kaget. Hendrar Prihadi dan Budi Gunawan off dari panggung. Apalagi momentumnya deket banget sama demo rusuh plus penjarahan kemarin. Kebetulan doang atau emang ada puzzle politik di baliknya? PRABOWO IN PDIP OUT #Bersih2AnasirMerah""",negative,reshuffle kemarin bikin publik kaget hendrar prihadi budi gunawan off panggung momentum deket banget sama demo rusuh plus penjarahan kemarin betul emang puzzle politik balik prabowo in pdip out
"""Demo besar berujung ricuh dan penjarahan. Tak lama setelah itu dua nama besar dicopot. Kebetulan? Atau ada pesan di balik keputusan? PRABOWO IN PDIP OUT #Bersih2AnasirMerah""",negative,demo besar ujung ricuh penjarahan tak lama nama besar copot betul pesan balik putus prabowo in pdip out
"""Kerusuhan plus penjarahan kemarin bikin spekulasi makin liar #Bersih2AnasirMerah PRABOWO IN PDIP OUT""",negative,kerusuhan plus penjarahan kemarin bikin spekulasi makin liar prabowo in pdip out
"""Chaos demo plus penjarahan bikin reshuffle makin dramatis dan di tengah semua itu sinyal PRABOWO IN PDIP OUT makin keras kedengeran. #Bersih2AnasirMerah""",negative,chaos demo plus penjarahan bikin reshuffle makin dramatis tengah semua sinyal prabowo in pdip out makin keras kedengeran
"""Yang bikin makin rame Hendrar Prihadi &amp; Budi Gunawan malah out pasca demo rusuh + penjarahan. PRABOWO IN PDIP OUT #Bersih2AnasirMerah""",negative,bikin makin rame hendrar prihadi amp budi gunawan malah out pasca demo rusuh penjarahan prabowo in pdip out
"""Demo rusuh plus penjarahan kemarin malah jadi bahan gosip netizen kepo apakah ada benang merah dengan dinamika politik belakangan PRABOWO IN PDIP OUT #Bersih2AnasirMerah""",negative,demo rusuh plus penjarahan kemarin malah jadi bahan gosip netizen kepo benang merah dinamika politik belakang prabowo in pdip out
"""Penjarahan di tengah demo kemarin nggak keliatan natural. Masyarakat wajar curiga: ada kepentingan politik di baliknya? PRABOWO IN PDIP OUT #Bersih2AnasirMerah""",negative,penjarahan tengah demo kemarin tidak liat natural masyarakat wajar curiga penting politik balik prabowo in pdip out
"""Setelah gelombang demo rusuh dan penjarahan dua pejabat dicopot. Publik mulai bertanya: Apakah ini kebetulan atau bagian dari respons yang lebih dalam? PRABOWO IN PDIP OUT #Bersih2AnasirMerah""",negative,gelombang demo rusuh penjarahan jabat copot publik mulai tanya betul bagi respons lebih prabowo in pdip out
"""Pasca demo yang chaos sampe penjarahan publik makin kepo ada yang ngerasa timingnya kok pas banget sama reshuffle terus muncul pertanyaan siapa sih yang sebenernya main di balik layar? PRABOWO IN PDIP OUT #Bersih2AnasirMerah""",negative,pasca demo chaos sampe penjarahan publik makin kepo ngerasa timingnya kok pas banget sama reshuffle terus muncul tanya siapa sih sebenernya main balik layar prabowo in pdip out
"""Posisi Budi Gunawan juga tergeser. Perubahan ini diumumkan berdekatan dengan peristiwa demonstrasi ricuh yang berujung penjarahan. PRABOWO IN PDIP OUT #Bersih2AnasirMerah""",negative,posisi budi gunawan geser ubah umum dekat peristiwa demonstrasi ricuh ujung penjarahan prabowo in pdip out
"""Penjarahan kemarin tuh bikin publik ilfeel. Mau dibilang spontan tapi kok kayak ada script. PRABOWO IN PDIP OUT #Bersih2AnasirMerah""",negative,penjarahan kemarin tuh bikin publik ilfeel mau bilang spontan kok kayak script prabowo in pdip out
"""Chaos demo kemarin makin bikin tanda tanya. Ada kerusuhan ada penjarahan lalu beberapa pejabat dicopot mendadak. Kebetulan doang atau ada hubungannya? #Bersih2AnasirMerah PRABOWO IN PDIP OUT""",negative,chaos demo kemarin makin bikin tanda tanya kerusuhan penjarahan lalu beberapa jabat copot dadak betul hubung prabowo in pdip out
"""Budi Gunawan ikut tersingkir. Kebetulan terjadi pasca demo rusuh + penjarahan. Publik bertanya: apa benar hanya kebetulan? PRABOWO IN PDIP OUT #Bersih2AnasirMerah""",negative,budi gunawan ikut singkir betul jadi pasca demo rusuh penjarahan publik tanya apa benar betul prabowo in pdip out
"""Sementara itu demo ricuh dengan penjarahan jadi turning point. Publik mulai bertanya siapa yang diuntungkan dari chaos itu. PRABOWO IN PDIP OUT #Bersih2AnasirMerah""",negative,demo ricuh penjarahan jadi turning point publik mulai tanya siapa untung chaos prabowo in pdip out
"""Momen ini datang setelah demo rusuh &amp; penjarahan. Wajar publik bertanya: apakah ada keterkaitan antara dinamika lapangan dengan reshuffle? PRABOWO IN PDIP OUT #Bersih2AnasirMerah""",negative,momen datang demo rusuh amp penjarahan wajar publik tanya kait dinamika lapang reshuffle prabowo in pdip out
"""Apalagi sebelumnya ada demo rusuh + penjarahan. Publik langsung ngegas: jangan-jangan ada jejak merah ? PRABOWO IN PDIP OUT #Bersih2AnasirMerah""",negative,belum demo rusuh penjarahan publik langsung ngegas jangan jangan jejak merah prabowo in pdip out
"""Pencopotan itu pas banget setelah demo rusuh plus penjarahan. Kok momentumnya mirip skenario? PRABOWO IN PDIP OUT #Bersih2AnasirMerah""",negative,copot pas banget demo rusuh plus penjarahan kok momentum mirip skenario prabowo in pdip out
"""Budi Gunawan juga digeser. Pas waktunya bareng sama demo ricuh dan penjarahan. Orang kampung jadi mikir ini kebetulan atau gimana ya? PRABOWO IN PDIP OUT #Bersih2AnasirMerah""",negative,budi gunawan geser pas waktu bareng sama demo ricuh penjarahan orang kampung jadi mikir betul gimana prabowo in pdip out
"""Demo rusuh disertai penjarahan masih bikin orang mikir ada kepentingan politik di belakangnya walau ga ada tuduhan langsung PRABOWO IN PDIP OUT #Bersih2AnasirMerah""",negative,demo rusuh serta penjarahan bikin orang mikir penting politik belakang ga tuduh langsung prabowo in pdip out
"""Demo rusuh + penjarahan kemarin publik mikir: ini demo politik apa lagi casting film zombie? PRABOWO IN PDIP OUT #Bersih2AnasirMerah""",negative,demo rusuh penjarahan kemarin publik mikir demo politik apa casting film zombie prabowo in pdip out
"""Apalagi setelah kejadian demo rusuh disertai penjarahan netizen makin kepo dan nyambung-nyambungin ke dinamika elite walau cuma sebatas dugaan publik yang jadi bahan obrolan di medsos PRABOWO IN PDIP OUT #Bersih2AnasirMerah""",negative,jadi demo rusuh serta penjarahan netizen makin kepo nyambung nyambungin dinamika elite cuma batas duga publik jadi bahan obrol medsos prabowo in pdip out
"""Abis demo rusuh &amp; penjarahan dua pejabat langsung out. Hendi &amp; BG. Publik mulai mikir: Ini kebetulan atau emang udah waktunya? PRABOWO IN PDIP OUT #Bersih2AnasirMerah""",negative,abis demo rusuh amp penjarahan jabat langsung out hendi amp bg publik mulai mikir betul emang waktu prabowo in pdip out
"""Budi Gunawan juga out pasca demo rusuh + penjarahan. Timingnya bikin publik garuk kepala. PRABOWO IN PDIP OUT #Bersih2AnasirMerah""",negative,budi gunawan out pasca demo rusuh penjarahan timingnya bikin publik garuk kepala prabowo in pdip out
"""Apalagi abis demo rusuh + penjarahan kemarin. Publik pun mulai sambung-sambungin puzzle. PRABOWO IN PDIP OUT #Bersih2AnasirMerah""",negative,abis demo rusuh penjarahan kemarin publik mulai sambung sambungin puzzle prabowo in pdip out
"""Setelah kejadian demo chaos plus penjarahan wajar kalau publik ngelempar pertanyaan sebenernya siapa yang ambil untung dari situasi itu PRABOWO IN PDIP OUT #Bersih2AnasirMerah""",negative,jadi demo chaos plus penjarahan wajar kalau publik ngelempar tanya sebenernya siapa ambil untung situasi prabowo in pdip out
""": demo rusuh → penjarahan → reshuffle → PDIP out. Mirip puzzle horror makin lama makin jelas gambarnya. PRABOWO IN PDIP OUT #Bersih2AnasirMerah""",negative,demo rusuh penjarahan reshuffle pdip out mirip puzzle horror makin lama makin jelas gambar prabowo in pdip out
"""Rusuh plus penjarahan bikin publik mikir ada apa di balik semua ini. Spontanitas kok vibesnya kayak settingan. PRABOWO IN PDIP OUT #Bersih2AnasirMerah""",negative,rusuh plus penjarahan bikin publik mikir apa balik semua spontanitas kok vibesnya kayak settingan prabowo in pdip out
"""Di saat yang sama Hendrar Prihadi malah dicopot. Publik auto tanya-tanya kok momennya deket banget sama demo rusuh + penjarahan? PRABOWO IN PDIP OUT #Bersih2AnasirMerah""",negative,sama hendrar prihadi malah copot publik auto tanya tanya kok momen deket banget sama demo rusuh penjarahan prabowo in pdip out
"""Hendrar Prihadi diberhentikan tak lama setelah demo berujung kericuhan dan penjarahan. Publik menilai ini bukan sekadar kebetulan meski tafsirnya masih terbuka. PRABOWO IN PDIP OUT #Bersih2AnasirMerah""",negative,hendrar prihadi henti tak lama demo ujung ricuh penjarahan publik nilai bukan sekadar betul meski tafsir buka prabowo in pdip out
"""Demo bercampur penjarahan bikin publik curiga. Jawabannya ada di langkah tegas PRABOWO IN PDIP OUT #Bersih2AnasirMerah""",negative,demo campur penjarahan bikin publik curiga jawab langkah tegas prabowo in pdip out
"""Publik jadi makin curiga apakah ada benang merah antara kerusuhan penjarahan dan reshuffle ini? Belum ada jawaban pasti. PRABOWO IN PDIP OUT #Bersih2AnasirMerah""",negative,publik jadi makin curiga benang merah kerusuhan penjarahan reshuffle belum jawab prabowo in pdip out
"""Abis ada demo rusuh plus penjarahan spekulasi publik makin liar ada yang ngait-ngaitin ke warna politik tertentu PRABOWO IN PDIP OUT #Bersih2AnasirMerah""",negative,abis demo rusuh plus penjarahan spekulasi publik makin liar ngait ngaitin warna politik tentu prabowo in pdip out
"""Abis demo rusuh + penjarahan tiba-tiba reshuffle turun. Hendrar Prihadi out. Kok timingnya pas banget ya? Kebetulan? Hmmm~ PRABOWO IN PDIP OUT #Bersih2AnasirMerah""",negative,abis demo rusuh penjarahan tiba tiba reshuffle turun hendrar prihadi out kok timingnya pas banget betul hmm prabowo in pdip out
"""Budi Gunawan juga kena. Pasca demo ricuh + penjarahan. Kebetulan? Atau bersih² level pro? PRABOWO IN PDIP OUT #Bersih2AnasirMerah""",negative,budi gunawan kena pasca demo ricuh penjarahan betul bersih level pro prabowo in pdip out
"""Apalagi terjadi setelah demo ricuh &amp; penjarahan. Pertanyaan publik wajar: apa ini jawaban dari gejolak kemarin? PRABOWO IN PDIP OUT #Bersih2AnasirMerah""",negative,jadi demo ricuh amp penjarahan tanya publik wajar apa jawab gejolak kemarin prabowo in pdip out
"""Eh btw Hendrar Prihadi out. Budi Gunawan juga out. Kok ya momennya pas banget setelah demo rusuh disertai penjarahan. Rakyat jadi mikir kebetulan atau emang timing yang diatur? PRABOWO IN PDIP OUT #Bersih2AnasirMerah""",negative,eh btw hendrar prihadi out budi gunawan out kok momen pas banget demo rusuh serta penjarahan rakyat jadi mikir betul emang timing atur prabowo in pdip out
"""Demo rusuh plus penjarahan kemarin bikin banyak yang ngehubungin ke dinamika elite wajar sih publik jadi curiga-curiga halus PRABOWO IN PDIP OUT #Bersih2AnasirMerah""",negative,demo rusuh plus penjarahan kemarin bikin banyak ngehubungin dinamika elite wajar sih publik jadi curiga curiga halus prabowo in pdip out
"""Begitu juga dengan Budi Gunawan. Saat rakyat resah karena demo ricuh dan penjarahan justru presiden memberi jawaban lewat perombakan tegas. PRABOWO IN PDIP OUT #Bersih2AnasirMerah""",negative,budi gunawan rakyat resah demo ricuh penjarahan justru presiden beri jawab lewat ombak tegas prabowo in pdip out
"""Ditambah rusuh demo kemarin. Penjarahan random chaos vibes settingan. Publik auto mikir: siapa yg dapet benefit kalo negara ribut? PRABOWO IN PDIP OUT #Bersih2AnasirMerah""",negative,tambah rusuh demo kemarin penjarahan random chaos vibes settingan publik auto mikir siapa dapet benefit kalo negara ribut prabowo in pdip out
"""Rusuh rusuh demo penjarahan reshuffle pencopotan Semua kejadian dalam minggu yang sama Dan nama yang keluar bukan nama kecil PRABOWO IN PDIP OUT #Bersih2AnasirMerah""",negative,rusuh rusuh demo penjarahan reshuffle copot semua jadi minggu sama nama keluar bukan nama kecil prabowo in pdip out
"""Budi Gunawan out juga. Setelah ribut-ribut &amp; penjarahan namanya lenyap. Kebetulan? Atau bersih-bersih sudah dimulai? PRABOWO IN PDIP OUT #Bersih2AnasirMerah""",negative,budi gunawan out ribut ribut amp penjarahan nama lenyap betul bersih bersih mulai prabowo in pdip out
"""Bersamaan dengan itu publik juga terkejut dengan pemberhentian Budi Gunawan dan Hendrar Prihadi. Keputusan ini keluar tak lama setelah demo rusuh yang berujung penjarahan di beberapa kota. PRABOWO IN PDIP OUT #Bersih2AnasirMerah""",negative,sama publik kejut henti budi gunawan hendrar prihadi putus keluar tak lama demo rusuh ujung penjarahan beberapa kota prabowo in pdip out
"""Lalu giliran Budi Gunawan ikut tersapu. Dan momennya pas sekali berbarengan dengan demo ricuh + penjarahan. Kebetulan atau pertanda? PRABOWO IN PDIP OUT #Bersih2AnasirMerah""",positive,lalu gilir budi gunawan ikut sapu momen pas sekali bareng demo ricuh penjarahan betul tanda prabowo in pdip out
"""Demo yang rusuh penjarahan yang gaduh publik pun bertanya: adakah benang merah di antara semua ini? PRABOWO IN PDIP OUT #Bersih2AnasirMerah""",negative,demo rusuh penjarahan gaduh publik tanya ada benang merah semua prabowo in pdip out
"""Plot twist-nya: kerusuhan kemarin bukan cuma demo biasa tapi diboncengin penjarahan. Publik jadi kepo siapa sih yang nge-design beginian? PRABOWO IN PDIP OUT #Bersih2AnasirMerah""",negative,plot twist nya kerusuhan kemarin bukan cuma demo biasa diboncengin penjarahan publik jadi kepo siapa sih nge design begini prabowo in pdip out
"""Orang2 di medsos udah mulai connect the dots antara demo rusuh penjarahan sampe reshuffle. Apakah ini kebetulan doang? PRABOWO IN PDIP OUT #Bersih2AnasirMerah""",negative,orang medsos mulai connect the dots demo rusuh penjarahan sampe reshuffle betul prabowo in pdip out
"""Di sisi lain Hendrar Prihadi kena sikat. Publik bisik-bisik ini ada hubungannya sama demo rusuh plus penjarahan kemarin? PRABOWO IN PDIP OUT #Bersih2AnasirMerah""",negative,sisi hendrar prihadi kena sikat publik bisik bisik hubung sama demo rusuh plus penjarahan kemarin prabowo in pdip out
"""Apalagi di saat yg sama Hendrar Prihadi dan Budi Gunawan justru diberhentikan. Timingnya pasca demo rusuh+penjarahan bikin makin banyak dugaan publik. PRABOWO IN PDIP OUT #Bersih2AnasirMerah""",negative,sama hendrar prihadi budi gunawan justru henti timingnya pasca demo rusuh penjarahan bikin makin banyak duga publik prabowo in pdip out
"""Budi Gunawan pun tergeser. Dan waktunya bertepatan dengan demo rusuh plus penjarahan. Kebetulan? Atau justru tanda bahwa benang merahnya sudah terbaca? PRABOWO IN PDIP OUT #Bersih2AnasirMerah""",negative,budi gunawan geser waktu tepat demo rusuh plus penjarahan betul justru tanda benang merah baca prabowo in pdip out
"""Yang dapet kejutan malah Hendrar Prihadi &amp; Budi Gunawan. Dicopot langsung setelah episode demo rusuh + penjarahan. PRABOWO IN PDIP OUT #Bersih2AnasirMerah""",negative,dapet kejut malah hendrar prihadi amp budi gunawan copot langsung episode demo rusuh penjarahan prabowo in pdip out
"""Publik mulai nyambungin titik-titik: demo rusuh → penjarahan → reshuffle → PDIP out. Mirip puzzle horror makin lama makin jelas gambarnya. PRABOWO IN PDIP OUT #Bersih2AnasirMerah""",negative,publik mulai nyambungin titik titik demo rusuh penjarahan reshuffle pdip out mirip puzzle horror makin lama makin jelas gambar prabowo in pdip out
"""Knp yak setelah demo rusuh &amp; penjarahan malah Budi Gunawan dan Hendrar Prihadi yg ditendang? Kgk ada yg curiga yak? Ato mungkin PDIP yg emang jago bgt bikin skenario supaya publik lupa? Mungkin mereka terlalu ahli nyembunyiin bukti? PRABOWO IN PDIP OUT #Bersih2AnasirMerah""",negative,knp yak demo rusuh amp penjarahan malah budi gunawan hendrar prihadi tendang kgk curiga yak ato mungkin pdip emang jago banget bikin skenario publik kamupa mungkin terlalu ahli nyembunyiin bukti prabowo in pdip out
"""Ditambah lagi momen rusuh + penjarahan bikin spekulasi makin liar. PRABOWO IN PDIP OUT #Bersih2AnasirMerah""",negative,tambah momen rusuh penjarahan bikin spekulasi makin liar prabowo in pdip out
"""Plus pemberhentian Hendrar Prihadi makin bikin suasana politik makin panas. Apalagi momentumnya pasca demo rusuh + penjarahan. PRABOWO IN PDIP OUT #Bersih2AnasirMerah""",negative,plus henti hendrar prihadi makin bikin suasana politik makin panas momentum pasca demo rusuh penjarahan prabowo in pdip out
"""Apalagi demo rusuh kemarin sempet ada penjarahan. Warga jadi mikir kok bisa chaos segitunya? Ada yang ngatur atau cuma spontanitas? PRABOWO IN PDIP OUT #Bersih2AnasirMerah""",negative,demo rusuh kemarin sempet penjarahan warga jadi mikir kok chaos segitunya ngatur cuma spontanitas prabowo in pdip out
"""Trus barengan ada ricuh demo plus penjarahan. Koneksi publik langsung kebentuk. PRABOWO IN PDIP OUT #Bersih2AnasirMerah""",negative,trus bareng ricuh demo plus penjarahan koneksi publik langsung bentuk prabowo in pdip out
"""Penjarahan di demo aneh bgt. Publik mulai sadar siapa yg diuntungkan. Jawaban ada: PRABOWO IN PDIP OUT #Bersih2AnasirMerah""",negative,penjarahan demo aneh banget publik mulai sadar siapa untung jawab prabowo in pdip out
"""Rusuh demo dan penjarahan kemarin bikin suasana makin panas reshuffle pun langsung kena sorot publik apalagi nyambung sama isu #Bersih2AnasirMerah. PRABOWO IN PDIP OUT""",negative,rusuh demo penjarahan kemarin bikin suasana makin panas reshuffle langsung kena sorot publik nyambung sama isu prabowo in pdip out
"""Banyak yang mikir apakah ada benang merah antara kerusuhan penjarahan sama pergeseran kursi ini PRABOWO IN PDIP OUT #Bersih2AnasirMerah""",negative,banyak mikir benang merah kerusuhan penjarahan sama geser kursi prabowo in pdip out
"""Pasca demo rusuh+penjarahan publik mulai nanya apakah reshuffle yg dilakukan Presiden PRABOWO IN PDIP OUT ada hubungannya sama situasi tersebut? Mengingat ada dugaan PDIP ikut bermain. #Bersih2AnasirMerah""",negative,pasca demo rusuh penjarahan publik mulai nanya reshuffle laku presiden prabowo in pdip out hubung sama situasi sebut ingat duga pdip ikut main
"""Apakah ini kebetulan?? Soalnya pemberhentian itu datang setelah demo rusuh+penjarahan kemarin. Dan demo rusuh sepertinya memang bukan demo biasa ada penumpang gelap yg ingn negara chaos. Dan bisa aja PRABOWO IN PDIP OUT bukan sekadar reshuffle biasa. #Bersih2AnasirMerah""",negative,betul soal henti datang demo rusuh penjarahan kemarin demo rusuh seperti memang bukan demo biasa tumpang gelap ingn negara chaos prabowo in pdip out bukan sekadar reshuffle biasa
"""Timingnya persis abis demo ricuh + penjarahan. Too close to ignore. PRABOWO IN PDIP OUT #Bersih2AnasirMerah""",negative,timingnya persis abis demo ricuh penjarahan too close to ignore prabowo in pdip out
"""Lanjut Budi Gunawan juga out. Pas banget abis demo ricuh + penjarahan. Publik: hmm ini kebetulan atau lagi ada event clearance sale pejabat? PRABOWO IN PDIP OUT #Bersih2AnasirMerah""",negative,lanjut budi gunawan out pas banget abis demo ricuh penjarahan publik hmm betul event clearance sale jabat prabowo in pdip out
"""Pasca demo rusuh &amp; penjarahan tiba-tiba reshuffle begini. Publik mulai ngehubungin: ada hubungannya gak ya? PRABOWO IN PDIP OUT #Bersih2AnasirMerah""",negative,pasca demo rusuh amp penjarahan tiba tiba reshuffle begini publik mulai ngehubungin hubung tidak prabowo in pdip out
"""Sebelum itu demo rusuh pecah. Penjarahan merajalela. Publik nyeletuk: Kok baunya kayak cat merah yang baru tumpah? PRABOWO IN PDIP OUT #Bersih2AnasirMerah""",negative,demo rusuh pecah penjarahan rajalela publik nyeletuk kok bau kayak cat merah baru tumpah prabowo in pdip out
"""Publik nginget juga demo rusuh yang disertai penjarahan beberapa waktu lalu abis itu ada pergantian di Hendrar Prihadi dan Budi Gunawan PRABOWO IN PDIP OUT #Bersih2AnasirMerah""",negative,publik nginget demo rusuh serta penjarahan beberapa waktu lalu abis ganti hendrar prihadi budi gunawan prabowo in pdip out
"""Kerusuhan + penjarahan yg bikin kota panas langsung jadi bahan tebak-tebakan. PRABOWO IN PDIP OUT #Bersih2AnasirMerah""",negative,kerusuhan penjarahan bikin kota panas langsung jadi bahan tebak tebak prabowo in pdip out
"""Bersamaan dengan itu pasca demo rusuh dan penjarahan Hendrar Prihadi tiba-tiba dicopot. Timingnya bikin publik makin curiga: apakah ada pesan di balik langkah itu? PRABOWO IN PDIP OUT #Bersih2AnasirMerah""",negative,sama pasca demo rusuh penjarahan hendrar prihadi tiba tiba copot timingnya bikin publik makin curiga pesan balik langkah prabowo in pdip out
"""Trus abis itu Hendrar Prihadi dicopot Budi Gunawan juga ga lolos reshuffle. Kok pasca demo rusuh + penjarahan gitu loh waktunya. Kebetulan? Atau gimana nih. PRABOWO IN PDIP OUT #Bersih2AnasirMerah""",negative,trus abis hendrar prihadi copot budi gunawan ga lolos reshuffle kok pasca demo rusuh penjarahan gitu loh waktu betul gimana nih prabowo in pdip out
"""Demo itu sampe ada penjarahan. Abis itu pejabat yg deket partai tertentu diganti. Publik makin mikir ada hubungannya ga ya? PRABOWO IN PDIP OUT #Bersih2AnasirMerah""",negative,demo sampe penjarahan abis jabat deket partai tentu ganti publik makin mikir hubung ga prabowo in pdip out
"""Penjarahan di demo kemarin jadi titik balik. Rakyat mulai sadar ada pola lama yg terus diulang. Bedanya skrg ada jawaban: PRABOWO IN PDIP OUT #Bersih2AnasirMerah""",negative,penjarahan demo kemarin jadi titik balik rakyat mulai sadar pola lama terus ulang beda skrg jawab prabowo in pdip out
"""Apalagi demo kemarin ga cuma rame tapi sampai ada penjarahan. Setelah itu justru pejabat yg dikenal dekat dengan partai tertentu digeser. Publik pun makin penasaran kebetulan atau memang ada hubungannya? PRABOWO IN PDIP OUT #Bersih2AnasirMerah""",negative,demo kemarin ga cuma rame penjarahan justru jabat kenal dekat partai tentu geser publik makin penasaran betul memang hubung prabowo in pdip out
"""Budi Gunawan juga ikut tersapu. Dan waktunya berbarengan dengan demo rusuh + penjarahan. Publik sulit untuk tidak mengaitkan momentum ini. PRABOWO IN PDIP OUT #Bersih2AnasirMerah""",negative,budi gunawan ikut sapu waktu bareng demo rusuh penjarahan publik sulit tidak kait momentum prabowo in pdip out
"""Sementara itu Hendrar Prihadi tiba-tiba dicopot. Banyak yang mikir apa timingnya kebetulan banget sama demo rusuh + penjarahan? PRABOWO IN PDIP OUT #Bersih2AnasirMerah""",negative,hendrar prihadi tiba tiba copot banyak mikir apa timingnya betul banget sama demo rusuh penjarahan prabowo in pdip out
"""Demo yang harusnya damai malah jadi chaos plus penjarahan. Publik mikir ini beneran aksi organik atau ada agenda tersembunyi? PRABOWO IN PDIP OUT #Bersih2AnasirMerah""",negative,demo harus damai malah jadi chaos plus penjarahan publik mikir beneran aksi organik agenda sembunyi prabowo in pdip out
"""Pasca demo rusuh + penjarahan nama Hendi &amp; Budi Gunawan out. Kok timing-nya begitu ya? Banyak netizen mulai nanya ini by accident atau emang udah skenario? PRABOWO IN PDIP OUT #Bersih2AnasirMerah""",negative,pasca demo rusuh penjarahan nama hendi amp budi gunawan out kok timing nya banyak netizen mulai nanya by accident emang skenario prabowo in pdip out
"""Publik langsung mikir: kok pas banget abis rusuh + penjarahan? PRABOWO IN PDIP OUT #Bersih2AnasirMerah""",negative,publik langsung mikir kok pas banget abis rusuh penjarahan prabowo in pdip out
"""Publik makin rame bahas: kok yang dicopot rata-rata figur deket PDIP ya? Apalagi momen ini muncul setelah demo rusuh + penjarahan kemarin PRABOWO IN PDIP OUT #Bersih2AnasirMerah""",negative,publik makin rame bahas kok copot rata rata figur deket pdip momen muncul demo rusuh penjarahan kemarin prabowo in pdip out
"""Kerusuhan plus penjarahan jelas ninggalin tanda tanya besar. Arah reshuffle seakan jawabannya: PRABOWO IN PDIP OUT #Bersih2AnasirMerah""",negative,kerusuhan plus penjarahan jelas ninggalin tanda tanya besar arah reshuffle akan jawab prabowo in pdip out
"""Terus ada nama Hendrar Prihadi dicopot. Publik langsung flashback: demo rusuh + penjarahan kemarin. Kok nyambung? PRABOWO IN PDIP OUT #Bersih2AnasirMerah""",negative,terus nama hendrar prihadi copot publik langsung flashback demo rusuh penjarahan kemarin kok nyambung prabowo in pdip out
"""Demo rusuh yg kemarin keliatan beda bkn sekedar protes tp ada penjarahan. PRABOWO IN PDIP OUT #Bersih2AnasirMerah""",negative,demo rusuh kemarin liat beda bukan dar protes penjarahan prabowo in pdip out
"""Terus ada nama Hendrar Prihadi dicopot. Publik langsung flashback: demo rusuh + penjarahan kemarin. Kok nyambung? PRABOWO IN PDIP OUT #Bersih2AnasirMerah""",negative,terus nama hendrar prihadi copot publik langsung flashback demo rusuh penjarahan kemarin kok nyambung prabowo in pdip out
"""Yang menarik Hendrar Prihadi diberhentikan pasca demo ricuh yg anehnya disertai penjarahan. Publik mulai berspekulasi apakah ini bagian dr pola lama tp arah politik jelas PRABOWO IN PDIP OUT #Bersih2AnasirMerah""",negative,tarik hendrar prihadi henti pasca demo ricuh aneh serta penjarahan publik mulai spekulasi bagi pola lama arah politik jelas prabowo in pdip out
"""Di sisi lain reshuffle ini terjadi pasca demo yang ricuh dan diwarnai penjarahan. Situasi yang tidak biasa. Lalu hanya dalam hitungan hari dua nama dicopot dari jabatan strategis. Kebetulan waktu? PRABOWO IN PDIP OUT #Bersih2AnasirMerah""",negative,sisi reshuffle jadi pasca demo ricuh warna penjarahan situasi tidak biasa lalu hitung hari nama copot jabat strategis betul waktu prabowo in pdip out
"""Meanwhile demo kemarin chaos banget. Penjarahan di mana-mana bikin vibes makin dark. PRABOWO IN PDIP OUT #Bersih2AnasirMerah""",negative,meanwhile demo kemarin chaos banget penjarahan mana mana bikin vibes makin dark prabowo in pdip out
"""Terus tiba-tiba sehari setelah demo ricuh dan penjarahan Hendrar Prihadi sama BG malah diberhentikan. Kok nyambung banget ya momennya? PRABOWO IN PDIP OUT #Bersih2AnasirMerah""",negative,terus tiba tiba hari demo ricuh penjarahan hendrar prihadi sama bg malah henti kok nyambung banget momen prabowo in pdip out
"""Hendrar Prihadi diberhentikan bersamaan dengan gonjang ganjing demo rusuh dan penjarahan publik menduga ada kaitan dengan kelompok tertentu PRABOWO IN PDIP OUT #Bersih2AnasirMerah""",negative,hendrar prihadi henti sama gonjang ganjing demo rusuh penjarahan publik duga kait kelompok tentu prabowo in pdip out
"""Pasca demo chaos dan penjarahan tiba² Hendrar Prihadi out. Netizen cuma bisa nanya: kebetulan aja atau ada yang lebih dalem? PRABOWO IN PDIP OUT #Bersih2AnasirMerah""",negative,pasca demo chaos penjarahan tiba hendrar prihadi out netizen cuma nanya betul lebih dalem prabowo in pdip out
"""Belum reda Budi Gunawan juga diberhentikan. Timingnya deket banget sama rusuh demo plus penjarahan. Publik mulai ngaitin titik-titik ini. PRABOWO IN PDIP OUT #Bersih2AnasirMerah""",negative,belum reda budi gunawan henti timingnya deket banget sama rusuh demo plus penjarahan publik mulai ngaitin titik titik prabowo in pdip out
"""Mana timingnya menarik lagi setelah demo berubah ricuh + ada penjarahan. Publik mulai meraba-raba siapa yg diuntungkan dengan chaos? PRABOWO IN PDIP OUT #Bersih2AnasirMerah""",negative,mana timingnya tarik demo ubah ricuh penjarahan publik mulai raba raba siapa untung chaos prabowo in pdip out
"""Penjarahan kemarin jadi momen bikin tanda tanya besar PRABOWO IN PDIP OUT #Bersih2AnasirMerah""",negative,penjarahan kemarin jadi momen bikin tanda tanya besar prabowo in pdip out
"""Dan anehnya setelah demo rusuh kemarin yang sampai chaos dan penjarahan muncul kabar pemberhentian BG sama Hendrar. Kok bisa timing-nya pas banget? PRABOWO IN PDIP OUT #Bersih2AnasirMerah""",negative,aneh demo rusuh kemarin chaos penjarahan muncul kabar henti bg sama hendrar kok timing nya pas banget prabowo in pdip out
"""Demo chaos disertai penjarahan jadi latar panas reshuffle. Publik kepo: ada hubungannya nggak sih? PRABOWO IN PDIP OUT #Bersih2AnasirMerah""",negative,demo chaos serta penjarahan jadi latar panas reshuffle publik kepo hubung tidak sih prabowo in pdip out
"""Demo rusuh kemarin sampe penjarahan eh Hendrar Prihadi sama Budi Gunawan kena cabut. Timingnya bikin kepo ada apa ya? PRABOWO IN PDIP OUT #Bersih2AnasirMerah""",negative,demo rusuh kemarin sampe penjarahan eh hendrar prihadi sama budi gunawan kena cabut timingnya bikin kepo apa prabowo in pdip out
"""Yang rame malah abis demo rusuh kemarin. Ada penjarahan bikin warga shock. PRABOWO IN PDIP OUT #Bersih2AnasirMerah""",negative,rame malah abis demo rusuh kemarin penjarahan bikin warga shock prabowo in pdip out
"""Di sisi lain kabar pemberhentian Hendrar Prihadi muncul pasca demo rusuh + penjarahan. Pas banget momennya. PRABOWO IN PDIP OUT #Bersih2AnasirMerah""",negative,sisi kabar henti hendrar prihadi muncul pasca demo rusuh penjarahan pas banget momen prabowo in pdip out
"""Pasca demo rusuh sampe penjarahan Hendrar Prihadi sama Budi Gunawan kena pecat. Timingnya sus netizen nanya ada apa? PRABOWO IN PDIP OUT #Bersih2AnasirMerah""",negative,pasca demo rusuh sampe penjarahan hendrar prihadi sama budi gunawan kena pecat timingnya sus netizen nanya apa prabowo in pdip out
"""Demo rusuh penjarahan chaos terus mendadak ada reshuffle. Apakah kebetulan beruntun? atau puzzle yang lagi kebuka dikit-dikit PRABOWO IN PDIP OUT #Bersih2AnasirMerah""",negative,demo rusuh penjarahan chaos terus dadak reshuffle betul untun puzzle buka dikit dikit prabowo in pdip out
"""Demo rusuh penjarahan rakyat jadi korban. Publik wajar curiga: ada siapa di balik layar? Pertanyaan ini hak kita! PRABOWO IN PDIP OUT #Bersih2AnasirMerah""",negative,demo rusuh penjarahan rakyat jadi korban publik wajar curiga siapa balik layar tanya hak prabowo in pdip out
"""Demo rusuh plus penjarahan kemarin bikin banyak dugaan muncul. Publik wajar bertanya siapa sih yang diuntungkan dari kegaduhan itu? PRABOWO IN PDIP OUT #Bersih2AnasirMerah""",negative,demo rusuh plus penjarahan kemarin bikin banyak duga muncul publik wajar tanya siapa sih untung gaduh prabowo in pdip out
"""Sementara itu Hendrar Prihadi dicopot. Publik jadi ngerasa aneh aja momennya pasca demo rusuh plus penjarahan. Kebetulan doang apa gimana ya? PRABOWO IN PDIP OUT #Bersih2AnasirMerah""",negative,hendrar prihadi copot publik jadi ngerasa aneh momen pasca demo rusuh plus penjarahan betul apa gimana prabowo in pdip out
"""Chaos rusuh penjarahan semua bikin publik mikir jangan2 ada skenario tapi jawabannya jelas PRABOWO IN PDIP OUT #Bersih2AnasirMerah https://t.co/pFY25BEAIf""",negative,chaos rusuh penjarahan semua bikin publik mikir jangan skenario jawab jelas prabowo in pdip out
"""Barengan sama itu Budi Gunawan juga diberhentikan. Timingnya pas banget setelah demo ricuh + penjarahan. Publik ngerasa ini bukan kebetulan biasa. PRABOWO IN PDIP OUT #Bersih2AnasirMerah""",negative,bareng sama budi gunawan henti timingnya pas banget demo ricuh penjarahan publik ngerasa bukan betul biasa prabowo in pdip out
"""Belum selesai Hendrar Prihadi tiba-tiba out. Publik nyambungin sama rusuh + penjarahan kemarin. Pas banget ya timingnya PRABOWO IN PDIP OUT #Bersih2AnasirMerah""",negative,belum selesai hendrar prihadi tiba tiba out publik nyambungin sama rusuh penjarahan kemarin pas banget timingnya prabowo in pdip out
"""Demo yang awalnya damai malah jadi chaos plus bonus penjarahan. Publik jadi nanya2 ini rusuh beneran spontan atau ada tangan ga keliatan di belakang layar? PRABOWO IN PDIP OUT #Bersih2AnasirMerah""",negative,demo awal damai malah jadi chaos plus bonus penjarahan publik jadi nanya rusuh beneran spontan tangan ga liat belakang layar prabowo in pdip out
"""Demo kemarin ga cuma rame tapi sampe ada penjarahan. Abis itu pejabat deket partai tertentu malah digeser. Publik jadi mikir: wah ini mah bukan kebetulan ini vibes sinetron stripping PRABOWO IN PDIP OUT #Bersih2AnasirMerah""",negative,demo kemarin ga cuma rame sampe penjarahan abis jabat deket partai tentu malah geser publik jadi mikir wah mah bukan betul vibes sinetron stripping prabowo in pdip out
"""Pasca demo kemarin yang chaos sampe ada penjarahan tiba tiba Hendrar Prihadi dan Budi Gunawan diberhentikan publik bertanya PRABOWO IN PDIP OUT #Bersih2AnasirMerah""",negative,pasca demo kemarin chaos sampe penjarahan tiba tiba hendrar prihadi budi gunawan henti publik tanya prabowo in pdip out
"""Apalagi demo itu sempat ricuh hingga terjadi penjarahan. Setelah itu justru ada pergeseran pejabat yang dikenal dekat dengan partai tertentu. Publik pun tak bisa menahan rasa penasaran. PRABOWO IN PDIP OUT #Bersih2AnasirMerah""",negative,demo sempat ricuh hingga jadi penjarahan justru geser jabat kenal dekat partai tentu publik tak tahan rasa penasaran prabowo in pdip out
"""Belum lama Budi Gunawan juga diberhentikan. Pasca demo rusuh plus penjarahan. Netizen jadi banyak yang bertanya-tanya soal hubungannya. PRABOWO IN PDIP OUT #Bersih2AnasirMerah""",negative,belum lama budi gunawan henti pasca demo rusuh plus penjarahan netizen jadi banyak tanya tanya soal hubung prabowo in pdip out
"""Rakyat dibuat bertanya-tanya ada hubungan apa antara demo penjarahan dan pergantian pejabat ini. Jangan-jangan ini sebuah rangkaian? #Bersih2AnasirMerah PRABOWO IN PDIP OUT""",negative,rakyat buat tanya tanya hubung apa demo penjarahan ganti jabat jangan jangan buah rangkai prabowo in pdip out
"""Di saat yang sama Hendrar Prihadi malah diberhentikan pasca demo rusuh dan penjarahan publik pun bergumam apakah ini kebetulan PRABOWO IN PDIP OUT #Bersih2AnasirMerah""",negative,sama hendrar prihadi malah henti pasca demo rusuh penjarahan publik gumam betul prabowo in pdip out
"""Menariknya reshuffle muncul pasca demo rusuh &amp; penjarahan. Publik mulai bertanya: ada benang merah? Kok pas banget momennya? PRABOWO IN PDIP OUT #Bersih2AnasirMerah""",negative,tarik reshuffle muncul pasca demo rusuh amp penjarahan publik mulai tanya benang merah kok pas banget momen prabowo in pdip out
"""Apakah kebetulan atau ada korelasi dengan kerusuhan disertai penjarahan yang terjadi belakangan? Publik berhak bertanya. PRABOWO IN PDIP OUT #Bersih2AnasirMerah""",negative,betul korelasi kerusuhan serta penjarahan jadi belakang publik hak tanya prabowo in pdip out
"""Demo rusuh kemarin sampe penjarahan eh Hendrar Prihadi sama Budi Gunawan kena cabut. Timingnya bikin kepo ada apa ya? PRABOWO IN PDIP OUT #Bersih2AnasirMerah""",negative,demo rusuh kemarin sampe penjarahan eh hendrar prihadi sama budi gunawan kena cabut timingnya bikin kepo apa prabowo in pdip out
"""Pasca demo rusuh sampe penjarahan Hendrar Prihadi sama Budi Gunawan kena pecat. Timingnya sus netizen nanya ada apa? PRABOWO IN PDIP OUT #Bersih2AnasirMerah""",negative,pasca demo rusuh sampe penjarahan hendrar prihadi sama budi gunawan kena pecat timingnya sus netizen nanya apa prabowo in pdip out
"""Budi Gunawan pun ikut diberhentikan. Timingnya pas banget abis demo chaos + penjarahan. Publik wajar dong mikir: ada kaitan sama warna politik tertentu? PRABOWO IN PDIP OUT #Bersih2AnasirMerah""",negative,budi gunawan ikut henti timingnya pas banget abis demo chaos penjarahan publik wajar dong mikir kait sama warna politik tentu prabowo in pdip out
"""Sebelum itu demo rusuh pecah penjarahan terjadi. Rakyat bertanya: adakah jejak kekuatan lama yang ikut bermain? Pertanyaan ini wajar bukan tuduhan. PRABOWO IN PDIP OUT #Bersih2AnasirMerah""",negative,demo rusuh pecah penjarahan jadi rakyat tanya ada jejak kuat lama ikut main tanya wajar bukan tuduh prabowo in pdip out
"""Demo damai berubah chaos plus penjarahan. Rasanya lebih mirip prank YouTube daripada spontanitas rakyat PRABOWO IN PDIP OUT #Bersih2AnasirMerah""",negative,demo damai ubah chaos plus penjarahan rasa lebih mirip prank youtube spontanitas rakyat prabowo in pdip out
"""Rusuh demo kemarin ditambah penjarahan lalu pencopotan pejabat bikin publik curiga jangan-jangan ini bagian dari PRABOWO IN PDIP OUT yang mulai bersih-bersih . #Bersih2AnasirMerah""",negative,rusuh demo kemarin tambah penjarahan lalu copot jabat bikin publik curiga jangan jangan bagi prabowo in pdip out mulai bersih bersih
"""Belum reda Budi Gunawan juga diberhentikan. Timingnya deket sama demo rusuh plus penjarahan. Publik pun banyak yang nanya: apakah ada benang merahnya? PRABOWO IN PDIP OUT #Bersih2AnasirMerah""",negative,belum reda budi gunawan henti timingnya deket sama demo rusuh plus penjarahan publik banyak nanya benang merah prabowo in pdip out
"""Kerusuhan dan penjarahan adalah ujian. Namun dari setiap ujian selalu lahir pembersihan. Yang kotor tersingkir yang tulus tetap berdiri. PRABOWO IN PDIP OUT #Bersih2AnasirMerah""",negative,kerusuhan penjarahan uji uji selalu lahir bersih kotor singkir tulus tetap diri prabowo in pdip out
"""Penjarahan di demo kemarin bikin heboh trus dua kunci out. Spekulasi soal PDIP lagi viral tapi chill tunggu facts. PRABOWO IN PDIP OUT #Bersih2AnasirMerah""",negative,penjarahan demo kemarin bikin heboh trus kunci out spekulasi soal pdip viral chill tunggu facts prabowo in pdip out
"""Demo rusuh + penjarahan kemarin makin bikin tanda tanya. Spontan atau ada arahan? PRABOWO IN PDIP OUT #Bersih2AnasirMerah""",negative,demo rusuh penjarahan kemarin makin bikin tanda tanya spontan arah prabowo in pdip out
"""Publik juga mulai sadar drama penjarahan kemarin bisa jadi turning point buat langkah tegas ini PRABOWO IN PDIP OUT #Bersih2AnasirMerah""",negative,publik mulai sadar drama penjarahan kemarin jadi turning point langkah tegas prabowo in pdip out
"""Publik suka banget bikin cocoklogi. Demo rusuh penjarahan reshuffle pejabat out. Semuanya kayak puzzle. PRABOWO IN PDIP OUT #Bersih2AnasirMerah""",positive,publik suka banget bikin cocoklogi demo rusuh penjarahan reshuffle jabat out semua kayak puzzle prabowo in pdip out
"""Rusuhnya demo plus penjarahan makin bikin cerita reshuffle jadi dramatis PRABOWO IN PDIP OUT #Bersih2AnasirMerah""",negative,rusuh demo plus penjarahan makin bikin cerita reshuffle jadi dramatis prabowo in pdip out
"""Apalagi pas demo itu ada penjarahan dan kerusuhan terorganisir bukan random chaos Orang mulai nanya: siapa yang diuntungkan? PRABOWO IN PDIP OUT #Bersih2AnasirMerah""",negative,pas demo penjarahan kerusuhan organisir bukan random chaos orang mulai nanya siapa untung prabowo in pdip out
"""Demo damai berubah chaos plus penjarahan. Natural? Atau ada sutradara politik yang salah setting naskah? PRABOWO IN PDIP OUT #Bersih2AnasirMerah""",negative,demo damai ubah chaos plus penjarahan natural sutradara politik salah setting naskah prabowo in pdip out
"""Rusuh kemarin tuh udah lewat batas. Aksi jadi chaos ada penjarahan. Publik curiga ini demo apa settingan film. PRABOWO IN PDIP OUT #Bersih2AnasirMerah""",negative,rusuh kemarin tuh lewat batas aksi jadi chaos penjarahan publik curiga demo apa settingan film prabowo in pdip out
"""Demo rusuh plus penjarahan bikin tanda tanya: siapa yang diuntungkan? PRABOWO IN PDIP OUT #Bersih2AnasirMerah""",negative,demo rusuh plus penjarahan bikin tanda tanya siapa untung prabowo in pdip out
"""Tak lama dua nama besar Hendrar Prihadi dan Budi Gunawan resmi diberhentikan. Keputusan itu hadir setelah riuh rusuh dan penjarahan. PRABOWO IN PDIP OUT #Bersih2AnasirMerah""",negative,tak lama nama besar hendrar prihadi budi gunawan resmi henti putus hadir riuh rusuh penjarahan prabowo in pdip out
"""Peristiwa demo rusuh yang berujung penjarahan memunculkan pertanyaan di ruang publik: apakah sekadar kebetulan atau bagian dari pola yang lebih luas? PRABOWO IN PDIP OUT #Bersih2AnasirMerah""",negative,peristiwa demo rusuh ujung penjarahan muncul tanya ruang publik sekadar betul bagi pola lebih kamuas prabowo in pdip out
"""Publik jadi bertanya kenapa momen demo rusuh plus penjarahan kok pas banget sama momen reshuffle PRABOWO IN PDIP OUT #Bersih2AnasirMerah""",negative,publik jadi tanya momen demo rusuh plus penjarahan kok pas banget sama momen reshuffle prabowo in pdip out
"""Apalagi ada momen chaos pas demo. Penjarahan di beberapa titik bikin masyarakat curiga ada tangan yang ikut main. PRABOWO IN PDIP OUT #Bersih2AnasirMerah""",negative,momen chaos pas demo penjarahan beberapa titik bikin masyarakat curiga tangan ikut main prabowo in pdip out
"""Ga ketinggalan Budi Gunawan juga ikut digeser. Timingnya deket banget sama demo rusuh plus penjarahan kemarin. Kebetulan? atau publik wajar kalau curiga ada pola? PRABOWO IN PDIP OUT #Bersih2AnasirMerah""",negative,ga tinggal budi gunawan ikut geser timingnya deket banget sama demo rusuh plus penjarahan kemarin betul publik wajar kalau curiga pola prabowo in pdip out
"""Eh pada inget kan demo rusuh yang ada penjarahan itu? Nggak lama setelah itu Hendrar Prihadi sama Budi Gunawan diberhentikan. Timing-nya pas banget ya? PRABOWO IN PDIP OUT #Bersih2AnasirMerah""",negative,eh inget kan demo rusuh penjarahan tidak lama hendrar prihadi sama budi gunawan henti timing nya pas banget prabowo in pdip out
"""Di sisi lain Budi Gunawan dihapus dari daftar. Pas banget setelah rusuh demo dan penjarahan bikin publik curiga. PRABOWO IN PDIP OUT #Bersih2AnasirMerah""",negative,sisi budi gunawan hapus daftar pas banget rusuh demo penjarahan bikin publik curiga prabowo in pdip out
"""Abis demo yang berujung rusuh dan penjarahan suasana makin panas ada yang mulai nyambung-nyambungin peristiwa itu ke aktor politik tertentu tapi lebih banyak berupa dugaan dan pertanyaan publik sih PRABOWO IN PDIP OUT #Bersih2AnasirMerah""",negative,abis demo ujung rusuh penjarahan suasana makin panas mulai nyambung nyambungin peristiwa aktor politik tentu lebih banyak upa duga tanya publik sih prabowo in pdip out
"""Apalagi demo kemarin ga cuma rame tapi sampe ada penjarahan. Publik jadi banyak yg nanya kok setelah itu justru pejabat yg deket sama partai tertentu malah diganti? PRABOWO IN PDIP OUT #Bersih2AnasirMerah""",negative,demo kemarin ga cuma rame sampe penjarahan publik jadi banyak nanya kok justru jabat deket sama partai tentu malah ganti prabowo in pdip out
"""Pasca demo chaos plus penjarahan Hendrar Prihadi tiba-tiba dicopot. Publik bertanya-tanya: kebetulan atau ada alur cerita lain di balik panggung? PRABOWO IN PDIP OUT #Bersih2AnasirMerah""",negative,pasca demo chaos plus penjarahan hendrar prihadi tiba tiba copot publik tanya tanya betul alur cerita balik panggung prabowo in pdip out
"""Belum reda muncul kabar: Hendrar Prihadi out Budi Gunawan out. Timingnya pasca demo rusuh + penjarahan. Publik mulai bisik-bisik: kok berdekatan banget ya? PRABOWO IN PDIP OUT #Bersih2AnasirMerah""",negative,belum reda muncul kabar hendrar prihadi out budi gunawan out timingnya pasca demo rusuh penjarahan publik mulai bisik bisik kok dekat banget prabowo in pdip out
"""Apalagi demo itu sempet berujung penjarahan. Publik ada yg menduga-duga kok bisa pasca kejadian itu justru ada pergeseran di kursi pejabat yg dikenal punya kedekatan tertentu. PRABOWO IN PDIP OUT #Bersih2AnasirMerah""",negative,demo sempet ujung penjarahan publik duga duga kok pasca jadi justru geser kursi jabat kenal punya dekat tentu prabowo in pdip out
"""Sementara itu Budi Gunawan keluar dari panggung. Pasca rusuh demo plus penjarahan namanya langsung tenggelam. PRABOWO IN PDIP OUT #Bersih2AnasirMerah""",negative,budi gunawan keluar panggung pasca rusuh demo plus penjarahan nama langsung tenggelam prabowo in pdip out
"""Terus Budi Gunawan juga out. Kejadiannya deket sama demo rusuh plus penjarahan. Publik pun bertanya-tanya ada hubungannya kah atau cuma murni soal waktu aja? PRABOWO IN PDIP OUT #Bersih2AnasirMerah""",negative,terus budi gunawan out jadi deket sama demo rusuh plus penjarahan publik tanya tanya hubung cuma murni soal waktu prabowo in pdip out
"""Pas banget abis demo rusuh + penjarahan. Netizen auto bikin teori : ada benang merah ga sih ? Jawabannya : merahnya keliatan benangnya masih kabur. PRABOWO IN PDIP OUT #Bersih2AnasirMerah""",negative,pas banget abis demo rusuh penjarahan netizen auto bikin teori benang merah ga sih jawab merah liat benang kabur prabowo in pdip out
"""Apalagi momennya nempel dengan kerusuhan demo plus penjarahan. Publik ga bisa lepas dari pertanyaan : kebetulan doang atau ada pola yg lebih dalam ? PRABOWO IN PDIP OUT #Bersih2AnasirMerah""",negative,momen nempel kerusuhan demo plus penjarahan publik ga lepas tanya betul pola lebih prabowo in pdip out
"""Sementara itu pasca demo chaos plus penjarahan Hendrar Prihadi harus out. Wajar publik kepikiran kok momennya pas banget sama rusuh PRABOWO IN PDIP OUT #Bersih2AnasirMerah""",negative,pasca demo chaos plus penjarahan hendrar prihadi out wajar publik pikir kok momen pas banget sama rusuh prabowo in pdip out
"""Kebetulan banget ya setelah demo chaos + penjarahan ada pejabat yang out barengan. Kok bisa pas momen reshuffle? PRABOWO IN PDIP OUT #Bersih2AnasirMerah""",negative,betul banget demo chaos penjarahan jabat out bareng kok pas momen reshuffle prabowo in pdip out
"""Budi Gunawan bergeser dari panggung. Saat ricuh dan penjarahan meletup keputusan itu turun seperti hujan yang meredam api. PRABOWO IN PDIP OUT #Bersih2AnasirMerah""",negative,budi gunawan geser panggung ricuh penjarahan letup putus turun hujan redam api prabowo in pdip out
"""Btw out-nya Hendrar Prihadi &amp; Budi Gunawan juga bikin gosip makin kenceng. Netizen pada bilang kok pas banget momennya abis ada rusuh plus penjarahan? PRABOWO IN PDIP OUT #Bersih2AnasirMerah""",negative,btw out nya hendrar prihadi amp budi gunawan bikin gosip makin kenceng netizen bilang kok pas banget momen abis rusuh plus penjarahan prabowo in pdip out
"""Apalagi momentumnya pasca demo rusuh kemarin. Chaos penjarahan settingan siapa? Publik wajar dong curiga ada benang merahnya PRABOWO IN PDIP OUT #Bersih2AnasirMerah""",negative,momentum pasca demo rusuh kemarin chaos penjarahan settingan siapa publik wajar dong curiga benang merah prabowo in pdip out
"""Meski tentu tidak bisa langsung dituduhkan kecurigaan publik atas benang merah antara kerusuhan penjarahan dan dinamika di internal PDIP makin ramai dibicarakan. Apakah ini bagian dari strategi bersih-bersih? PRABOWO IN PDIP OUT #Bersih2AnasirMerah""",negative,meski tidak langsung tuduh curiga publik atas benang merah kerusuhan penjarahan dinamika internal pdip makin ramai bicara bagi strategi bersih bersih prabowo in pdip out
"""Di saat yang sama Hendrar Prihadi malah diberhentikan pasca demo rusuh dan penjarahan publik pun bergumam apakah ini kebetulan PRABOWO IN PDIP OUT #Bersih2AnasirMerah""",negative,sama hendrar prihadi malah henti pasca demo rusuh penjarahan publik gumam betul prabowo in pdip out
"""Hendrar Prihadi &amp; Budi Gunawan out di saat publik lagi panas-panasnya bahas demo brutal + penjarahan. Kebetulan? Atau udah waktunya bersih-bersih? Saatnya PRABOWO IN PDIP OUT #Bersih2AnasirMerah""",negative,hendrar prihadi amp budi gunawan out publik panas panas bahas demo brutal penjarahan betul waktu bersih bersih saat prabowo in pdip out
"""Demo kemarin chaos abis guys! Rusuh penjarahan parah! Terus gak lama Budi Gunawan out Hendrar Prihadi juga kena. Apa ini sinyal keras dari pemerintah? #Bersih2AnasirMerah vibes! PRABOWO IN PDIP OUT""",negative,demo kemarin chaos abis guys rusuh penjarahan parah terus tidak lama budi gunawan out hendrar prihadi kena apa sinyal keras perintah vibes prabowo in pdip out
"""Apalagi barengan sama reshuffle Hendrar Prihadi dan Budi Gunawan juga diberhentikan. Publik mikir jangan-jangan ada keterkaitan sama demo rusuh dan penjarahan kemarin. Dugaan makin kuat kalau arah politiknya PRABOWO IN PDIP OUT terjadi. #Bersih2AnasirMerah""",negative,bareng sama reshuffle hendrar prihadi budi gunawan henti publik mikir jangan jangan kait sama demo rusuh penjarahan kemarin duga makin kuat kalau arah politik prabowo in pdip out jadi
"""Di saat yang sama pemberhentian Hendrar Prihadi juga cukup mencuri perhatian. Banyak yang menduga momentum reshuffle ini berkaitan dengan kondisi politik pasca demo rusuh yang disertai penjarahan. PRABOWO IN PDIP OUT #Bersih2AnasirMerah""",negative,sama henti hendrar prihadi cukup curi perhati banyak duga momentum reshuffle kait kondisi politik pasca demo rusuh serta penjarahan prabowo in pdip out
"""Yang bikin kepo pasca demo rusuh plus penjarahan tiba-tiba Hendrar Prihadi sama Budi Gunawan kena cabut. Timingnya sus banget kan? Publik pada nanya ada apa ini? PRABOWO IN PDIP OUT #Bersih2AnasirMerah""",negative,bikin kepo pasca demo rusuh plus penjarahan tiba tiba hendrar prihadi sama budi gunawan kena cabut timingnya sus banget kan publik nanya apa prabowo in pdip out
"""Demo kemarin rusuh sempat chaos bahkan sampai ada penjarahan. Banyak pertanyaan publik yang penasaran ada kaitan politik atau murni massa lepas kontrol? PRABOWO IN PDIP OUT #Bersih2AnasirMerah https://t.co/zgZrcN8UAd""",negative,demo kemarin rusuh sempat chaos bahkan penjarahan banyak tanya publik penasaran kait politik murni massa lepas kontrol prabowo in pdip out
"""Setelah demo ricuh + penjarahan Hendrar Prihadi malah dicopot. Publik mikir: kok timingnya pas banget sih? Kebetulan apa tanda? PRABOWO IN PDIP OUT #Bersih2AnasirMerah""",negative,demo ricuh penjarahan hendrar prihadi malah copot publik mikir kok timingnya pas banget sih betul apa tanda prabowo in pdip out
"""Demo chaos plus penjarahan itu bukan vibes aspirasi tapi vibes sinetron murahan. Publik makin muak. PRABOWO IN PDIP OUT #Bersih2AnasirMerah""",negative,demo chaos plus penjarahan bukan vibes aspirasi vibes sinetron murah publik makin muak prabowo in pdip out
"""Demo kemarin aja udah plot twist: minta aspirasi tapi endingnya penjarahan. Lah ini demo atau midnight sale? PRABOWO IN PDIP OUT #Bersih2AnasirMerah""",negative,demo kemarin plot twist minta aspirasi endingnya penjarahan lah demo midnight sale prabowo in pdip out
"""Bersamaan dengan itu publik juga memperhatikan momentum reshuffle yang datang tak lama setelah demo rusuh dan penjarahan. Kebetulan semata atau memang ada pertimbangan khusus di balik keputusan? PRABOWO IN PDIP OUT #Bersih2AnasirMerah""",negative,sama publik perhati momentum reshuffle datang tak lama demo rusuh penjarahan betul semata memang timbang khusus balik putus prabowo in pdip out
"""Chaos demo kemarin yang berujung penjarahan dan pencopotan pejabat kayak Hendrar Prihadi makin bikin orang mikir jangan-jangan ini efek dari PRABOWO IN PDIP OUT yang pelan-pelan jalan. #Bersih2AnasirMerah""",negative,chaos demo kemarin ujung penjarahan copot jabat kayak hendrar prihadi makin bikin orang mikir jangan jangan efek prabowo in pdip out pelan pelan jalan
"""Demo rusuh + penjarahan → besoknya Hendrar Prihadi dicopot. Coincidence? Atau script hidden mission? PRABOWO IN PDIP OUT #Bersih2AnasirMerah""",negative,demo rusuh penjarahan besok hendrar prihadi copot coincidence script hidden mission prabowo in pdip out
"""Netizen mulai narik benang merah: demo rusuh penjarahan reshuffle mendadak pejabat tertentu dicopot. Kok puzzle-nya kayak pas-pasan banget? PRABOWO IN PDIP OUT #Bersih2AnasirMerah""",negative,netizen mulai narik benang merah demo rusuh penjarahan reshuffle dadak jabat tentu copot kok puzzle nya kayak pas pas banget prabowo in pdip out
"""Terus ada juga kabar Budi Gunawan ikut diberhentikan. Momen ini kebetulan deket banget sama demo rusuh plus penjarahan. Publik jadi penasaran: ada hubungannya atau cuma timing aja? PRABOWO IN PDIP OUT #Bersih2AnasirMerah""",negative,terus kabar budi gunawan ikut henti momen betul deket banget sama demo rusuh plus penjarahan publik jadi penasaran hubung cuma timing prabowo in pdip out
"""Budi Gunawan juga kena reshuffle bareng. Dan pas timingnya deket banget sama demo ricuh + penjarahan. Coincidence? Atau puzzle yang lagi dirakit? PRABOWO IN PDIP OUT #Bersih2AnasirMerah""",negative,budi gunawan kena reshuffle bareng pas timingnya deket banget sama demo ricuh penjarahan coincidence puzzle rakit prabowo in pdip out
"""Demo yg chaos itu bener2 bikin miris. Rusuh penjarahan sampe infrastruktur kena dampak. Terus langsung ada perubahan di posisi kunci kayak Menkopolkam. Budi Gunawan out tapi penggantinya bukan yg diharapin buzzer PDIP. Hmm interesting. #Bersih2AnasirMerah PRABOWO IN PDIP OUT""",negative,demo chaos bener bikin miris rusuh penjarahan sampe infrastruktur kena dampak terus langsung ubah posisi kunci kayak menkopolkam budi gunawan out ganti bukan diharapin buzzer pdip hmm interesting prabowo in pdip out
"""Budi Gunawan pun tergeser. Publik mengaitkan waktunya dengan rusuh demo dan penjarahan. Kebetulan? Atau justru langkah tegas merapikan jaringan lama? PRABOWO IN PDIP OUT #Bersih2AnasirMerah""",negative,budi gunawan geser publik kait waktu rusuh demo penjarahan betul justru langkah tegas rapi jaring lama prabowo in pdip out
"""Plus isu soal Budi Gunawan juga diganti bikin publik makin kepo. Kebetulan banget semua ini terjadi setelah demo chaos + penjarahan. PRABOWO IN PDIP OUT #Bersih2AnasirMerah""",negative,plus isu soal budi gunawan ganti bikin publik makin kepo betul banget semua jadi demo chaos penjarahan prabowo in pdip out
"""Trus ada momen mencurigakan: Hendrar Prihadi out Budi Gunawan out tepat pasca rusuh+penjarahan. #Bersih2AnasirMerah PRABOWO IN PDIP OUT""",negative,trus momen curiga hendrar prihadi out budi gunawan out tepat pasca rusuh penjarahan prabowo in pdip out
"""Timingnya pasca demo rusuh yg sempet chaos ada penjarahan bikin publik curiga. Kok kebetulan banget ada yang out bersamaan? PRABOWO IN PDIP OUT #Bersih2AnasirMerah""",negative,timingnya pasca demo rusuh sempet chaos penjarahan bikin publik curiga kok betul banget out sama prabowo in pdip out
"""Setelah demo rusuh plus penjarahan yang copot malah orang deket PDIP. Pertanyaannya: kebetulan atau pattern? Jawabannya PRABOWO IN PDIP OUT digandeng #Bersih2AnasirMerah""",negative,demo rusuh plus penjarahan copot malah orang deket pdip tanya betul pattern jawab prabowo in pdip out gandeng
"""Lucunya kalau dicocok-cocokin pola ini mirip drama politik awal buzzer rame endorse Mahfud lalu demo rusuh plus penjarahan lalu reshuffle PRABOWO IN PDIP OUT yang kena justru orang-orang yang sering dikaitin sama lingkar merah #Bersih2AnasirMerah""",negative,kamucunya kalau cocok cocokin pola mirip drama politik awal buzzer rame endorse mahfud lalu demo rusuh plus penjarahan lalu reshuffle prabowo in pdip out kena justru orang orang sering dikaitin sama lingkar merah
"""Apalagi setelah demo kemarin berakhir rusuh + ada penjarahan publik jadi makin curiga. Ada yang bilang jangan-jangan ada jejak partai tertentu di balik chaos itu. Tapi ya balik lagi itu baru dugaan publik. PRABOWO IN PDIP OUT #Bersih2AnasirMerah""",negative,demo kemarin akhir rusuh penjarahan publik jadi makin curiga bilang jangan jangan jejak partai tentu balik chaos balik baru duga publik prabowo in pdip out
"""Abis demo rusuh + penjarahan eh muncul reshuffle. Hendrar Prihadi dicopot. Netizen: pas banget momennya kebetulan kah? PRABOWO IN PDIP OUT #Bersih2AnasirMerah""",negative,abis demo rusuh penjarahan eh muncul reshuffle hendrar prihadi copot netizen pas banget momen betul prabowo in pdip out
"""4 Demo rusuh disertai penjarahan lalu reshuffle langsung ngegas. Netizen mulai ngait-ngaitin apa ada benang merah sama PDIP? Yah namanya juga publik suka kepo nyari clue. PRABOWO IN PDIP OUT #Bersih2AnasirMerah""",negative,4 demo rusuh serta penjarahan lalu reshuffle langsung ngegas netizen mulai ngait ngaitin apa benang merah sama pdip yah nama publik suka kepo nyari clue prabowo in pdip out
"""Chaos demo dan penjarahan jadi backdrop reshuffle bikin greget PRABOWO IN PDIP OUT #Bersih2AnasirMerah""",negative,chaos demo penjarahan jadi backdrop reshuffle bikin greget prabowo in pdip out
"""Kekuasaan bukan hanya soal siapa yang diangkat tapi juga siapa yang disingkirkan secara halus. Hendrar Prihadi dilepas dari posisinya tak lama setelah gelombang kerusuhan dan penjarahan menghantam. PRABOWO IN PDIP OUT #Bersih2AnasirMerah""",negative,kuasa bukan soal siapa angkat siapa singkir halus hendrar prihadi lepas posisi tak lama gelombang kerusuhan penjarahan hantam prabowo in pdip out
"""Apalagi barengan sama out-nya Hendrar Prihadi dan Budi Gunawan. Netizen auto ngait2in sama rusuh plus penjarahan kemarin. Kebetulan doang? Atau ada hubungannya? PRABOWO IN PDIP OUT #Bersih2AnasirMerah""",negative,bareng sama out nya hendrar prihadi budi gunawan netizen auto ngait2in sama rusuh plus penjarahan kemarin betul hubung prabowo in pdip out
"""Apalagi ada juga nama Budi Gunawan yang ikut diberhentikan. Kok pas banget sama momen demo chaos disertai penjarahan? PRABOWO IN PDIP OUT #Bersih2AnasirMerah""",negative,nama budi gunawan ikut henti kok pas banget sama momen demo chaos serta penjarahan prabowo in pdip out
"""reshuffle kabinet PRABOWO IN PDIP OUT ini dibuat biar publik lupa sama isu penjarahan yang baru terjadi tidak lama ini #Bersih2AnasirMerah""",negative,reshuffle kabinet prabowo in pdip out buat biar publik kamupa sama isu penjarahan baru jadi tidak lama
"""Demo rusuh sampe ada penjarahan tuh vibes-nya ga natural. Publik mulai nanya2: ada faktor X kah di balik layar? Atau cuma murni chaos aja? PRABOWO IN PDIP OUT #Bersih2AnasirMerah""",negative,demo rusuh sampe penjarahan tuh vibes nya ga natural publik mulai nanya faktor x balik layar cuma murni chaos prabowo in pdip out
"""Apalagi sebelumnya sempet ada kerusuhan plus penjarahan. Kebetulan aja? Atau ada kaitan sama lingkar politik tertentu PRABOWO IN PDIP OUT #Bersih2AnasirMerah""",negative,belum sempet kerusuhan plus penjarahan betul kait sama lingkar politik tentu prabowo in pdip out
"""Abis itu muncul kabar pemberhentian Hendrar Prihadi sama Budi Gunawan. Kok waktunya barengan banget sama kisruh demo + penjarahan? PRABOWO IN PDIP OUT #Bersih2AnasirMerah""",negative,abis muncul kabar henti hendrar prihadi sama budi gunawan kok waktu bareng banget sama kisruh demo penjarahan prabowo in pdip out
"""Di sisi lain publik juga menyoroti pemberhentian mendadak Hendrar Prihadi dari jabatan strategis di Lembaga Kebijakan Pengadaan Barang/Jasa Pemerintah (LKPP). Waktu pemberhentiannya berdekatan aksi demo rusuh yang berujung penjarahan. PRABOWO IN PDIP OUT #Bersih2AnasirMerah""",negative,sisi publik sorot henti dadak hendrar prihadi jabat strategis lembaga bijak ada barang jasa perintah lkpp waktu henti dekat aksi demo rusuh ujung penjarahan prabowo in pdip out
"""Pasca rusuh + penjarahan kemarin Hendrar Prihadi &amp; Budi Gunawan kena resuffle. Apakah faktor Kebetulan? PRABOWO IN PDIP OUT #Bersih2AnasirMerah""",negative,pasca rusuh penjarahan kemarin hendrar prihadi amp budi gunawan kena resuffle faktor betul prabowo in pdip out
"""Rusuh + penjarahan eh pejabat merah langsung di-delete kayak file korup ️ PRABOWO IN PDIP OUT #Bersih2AnasirMerah""",negative,rusuh penjarahan eh jabat merah langsung delete kayak file korup prabowo in pdip out
"""Apalagi sebelumnya ada momen Budi Gunawan dan Hendrar Prihadi diberhentikan pasca rusuh demo plus penjarahan publik jadi banyak tanya PRABOWO IN PDIP OUT #Bersih2AnasirMerah""",negative,belum momen budi gunawan hendrar prihadi henti pasca rusuh demo plus penjarahan publik jadi banyak tanya prabowo in pdip out
"""BG out Hendi out dua-duanya dikenal dekat dengan PDIP. Dan ini terjadi cuma beberapa saat setelah demo berujung ricuh + penjarahan misterius Kalian ngerasa ada yang janggal gak sih PRABOWO IN PDIP OUT #Bersih2AnasirMerah""",negative,bg out hendi out dua kenal dekat pdip jadi cuma beberapa demo ujung ricuh penjarahan misterius kalian ngerasa janggal tidak sih prabowo in pdip out
"""Belum lagi chaos demo + penjarahan terus ada pejabat out publik wajar curiga. Ini keliatan banget PRABOWO IN PDIP OUT jadi langkah buat rapihin #Bersih2AnasirMerah""",negative,belum chaos demo penjarahan terus jabat out publik wajar curiga liat banget prabowo in pdip out jadi langkah rapihin
"""Demo itu kan chaos banyak kerusakan ada penjarahan. Masa ga ada efek ke politik? PRABOWO IN PDIP OUT #Bersih2AnasirMerah""",negative,demo kan chaos banyak rusa penjarahan masa ga efek politik prabowo in pdip out
"""Chaos demo rusuh dan penjarahan kaya sengaja jadi backdrop PRABOWO IN PDIP OUT #Bersih2AnasirMerah""",negative,chaos demo rusuh penjarahan kaya sengaja jadi backdrop prabowo in pdip out
"""Apalagi abis demo rusuh &amp; penjarahan publik mulai nyambung²in PRABOWO IN PDIP OUT #Bersih2AnasirMerah""",negative,abis demo rusuh amp penjarahan publik mulai nyambung2in prabowo in pdip out
"""Publik juga mencatat setelah demo rusuh yang disertai penjarahan ada perubahan besar. Hendrar Prihadi diberhentikan BG dicopot dari Menkopolkam. Banyak yang menduga ada bayangan politik di baliknya. Presiden justru ambil langkah tegas. PRABOWO IN PDIP OUT #Bersih2AnasirMerah""",negative,publik catat demo rusuh serta penjarahan ubah besar hendrar prihadi henti bg copot menkopolkam banyak duga bayang politik balik presiden justru ambil langkah tegas prabowo in pdip out
"""Demo kemarin kan sempet chaos sampe ada penjarahan. Publik jadi mikir kok kayak ada benang merahnya gitu loh... PRABOWO IN PDIP OUT #Bersih2AnasirMerah""",negative,demo kemarin kan sempet chaos sampe penjarahan publik jadi mikir kok kayak benang merah gitu loh prabowo in pdip out
"""Kok timingnya pas banget ya setelah demo chaos + penjarahan? Hmmm pertanyaan publik makin rame. #Bersih2AnasirMerah PRABOWO IN PDIP OUT""",negative,kok timingnya pas banget demo chaos penjarahan hmm tanya publik makin rame prabowo in pdip out
"""Setelah demo rusuh dan penjarahan publik makin curiga ada yang aneh tapi jawaban politiknya justru PRABOWO IN PDIP OUT dengan #Bersih2AnasirMerah sebagai simbol""",negative,demo rusuh penjarahan publik makin curiga aneh jawab politik justru prabowo in pdip out simbol
"""Kebetulan atau tidak reshuffle terjadi setelah demo rusuh disertai penjarahan. Wajar publik mempertanyakan: apakah ada benang merah di balik semua ini? PRABOWO IN PDIP OUT #Bersih2AnasirMerah""",negative,betul tidak reshuffle jadi demo rusuh serta penjarahan wajar publik tanya benang merah balik semua prabowo in pdip out
"""Abis rusuh demo + penjarahan kok kebetulan pejabat yang punya jejak dekat ke PDIP malah diberhentikan? Netizen ga bego banyak yang nyambungin titik-titik. PRABOWO IN PDIP OUT #Bersih2AnasirMerah""",negative,abis rusuh demo penjarahan kok betul jabat punya jejak dekat pdip malah henti netizen ga bego banyak nyambungin titik titik prabowo in pdip out
"""Nama Budi Gunawan juga ikut-ikutan dicopot. Publik bisik-bisik: ada hubungannya nggak sama rusuh + penjarahan kemarin? Ngga ada yang tuduh sih tapi pertanyaan muncul sendiri PRABOWO IN PDIP OUT #Bersih2AnasirMerah""",negative,nama budi gunawan ikut ikut copot publik bisik bisik hubung tidak sama rusuh penjarahan kemarin ngga tuduh sih tanya muncul sendiri prabowo in pdip out
"""Budi Gunawan juga ikut lengser pasca rusuh + penjarahan kemarin publik wajar sih bertanya-tanya apa karena ada keterkaitan politik tertentu? Atau sekedar momen reshuffle biasa aja? PRABOWO IN PDIP OUT #Bersih2AnasirMerah""",negative,budi gunawan ikut lengser pasca rusuh penjarahan kemarin publik wajar sih tanya tanya apa kait politik tentu dar momen reshuffle biasa prabowo in pdip out
"""Jangan lupa setelah demo rusuh dan penjarahan ada dua nama yang langsung kehilangan kursi. Kok kebetulan yang deket PDIP? PRABOWO IN PDIP OUT #Bersih2AnasirMerah""",negative,jangan kamupa demo rusuh penjarahan nama langsung hilang kursi kok betul deket pdip prabowo in pdip out
"""Sementara itu dua tokoh besar: Hendrar Prihadi (Kepala LKPP) &amp; Budi Gunawan (Kepala BIN) dicopot dalam waktu berdekatan pasca demo rusuh yang kemarin rame sampe ada penjarahan segala. Hmm... PRABOWO IN PDIP OUT #Bersih2AnasirMerah""",negative,tokoh besar hendrar prihadi kepala lkpp amp budi gunawan kepala bin copot waktu dekat pasca demo rusuh kemarin rame sampe penjarahan segala hmm prabowo in pdip out
"""Kebetulan? Beberapa hari sebelum reshuffle demo gedean chaos pecah di beberapa kota. Disusul penjarahan &amp; kekacauan yang keliatan gak organik. Banyak netizen nanya Siapa yang mainin situasi PRABOWO IN PDIP OUT #Bersih2AnasirMerah""",negative,betul beberapa hari reshuffle demo gede chaos pecah beberapa kota susul penjarahan amp kacau liat tidak organik banyak netizen nanya siapa mainin situasi prabowo in pdip out
"""Publik udah mulai baca pola: Rusuh penjarahan chaos → abis itu ada kursi yg hilang. Kebetulan atau udah skenario lama yg kebongkar? PRABOWO IN PDIP OUT #Bersih2AnasirMerah""",negative,publik mulai baca pola rusuh penjarahan chaos abis kursi hilang betul skenario lama bongkar prabowo in pdip out
"""Demo rusuh &amp; penjarahan yang kemarin sempet chaos bikin istana langsung gercep. Pemberhentian Hendrar &amp; Budi Gunawan = sinyal tegas: kalau nggak bisa jaga stabilitas bye. PRABOWO IN PDIP OUT #Bersih2AnasirMerah""",negative,demo rusuh amp penjarahan kemarin sempet chaos bikin istana langsung gercep henti hendrar amp budi gunawan sinyal tegas kalau tidak jaga stabilitas bye prabowo in pdip out
"""Timing reshuffle ini menarik. Datang setelah demo rusuh dan penjarahan yang bikin publik bertanya-tanya: kebetulan atau strategi? PRABOWO IN PDIP OUT #Bersih2AnasirMerah""",negative,timing reshuffle tarik datang demo rusuh penjarahan bikin publik tanya tanya betul strategi prabowo in pdip out
"""Hendrar Prihadi diberhentikan pas banget setelah demo rusuh dan penjarahan. Publik kepikiran dong PRABOWO IN PDIP OUT #Bersih2AnasirMerah""",negative,hendrar prihadi henti pas banget demo rusuh penjarahan publik pikir dong prabowo in pdip out
"""Di sisi lain pemberhentian Hendrar Prihadi setelah kerusuhan demo dan penjarahan menimbulkan pertanyaan publik. Apakah hanya kebetulan atau bagian dari konsolidasi? PRABOWO IN PDIP OUT #Bersih2AnasirMerah""",negative,sisi henti hendrar prihadi kerusuhan demo penjarahan timbul tanya publik betul bagi konsolidasi prabowo in pdip out
"""Demo rusuh kemarin bahkan sempet diwarnai penjarahan. Banyak warga bilang seakan ada yang ngatur skenario. Gak ada yang nuduh langsung tapi publik punya pertanyaan besar. PRABOWO IN PDIP OUT #Bersih2AnasirMerah""",negative,demo rusuh kemarin bahkan sempet warna penjarahan banyak warga bilang akan ngatur skenario tidak nuduh langsung publik punya tanya besar prabowo in pdip out
"""Bersamaan sama itu Hendrar Prihadi sama Budi Gunawan malah diberhentikan. Timingnya pasca demo rusuh + penjarahan publik jadi bertanya-tanya hubungannya apa PRABOWO IN PDIP OUT #Bersih2AnasirMerah""",negative,sama sama hendrar prihadi sama budi gunawan malah henti timingnya pasca demo rusuh penjarahan publik jadi tanya tanya hubung apa prabowo in pdip out
"""Ngomongin soal penjarahan jadi keinget tragedi penjarahan yang baru kejadian kemarin-kemarin. Ternyata emang pake playbook yang sama ya """,negative,ngomongin soal penjarahan jadi keinget tragedi penjarahan baru jadi kemarin kemarin nyata emang pake playbook sama
"""perusakan dan penjarahan di DPRD NTB. Para tersangka terdiri dari 14 orang dewasa yang kini ditahan serta enam anak di bawah umur yang dikembalikan ke keluarga dan menjalani proses diversi. Wujud Upaya Pengabdian Maksimal Kepada""",positive,perusakan penjarahan dprd ntb sangka diri 14 orang dewasa kini tahan enam anak bawah umur kembali keluarga jalan proses versi wujud upaya abdi maksimal
"""Polri melalui Polda Nusa Tenggara Barat (NTB) menetapkan 20 tersangka terkait aksi perusakan dan penjarahan saat unjuk rasa 30 Agustus 2025 di Mapolda NTB dan Gedung DPRD NTB. Dari jumlah tersebut delapan orang terlibat dalam perusakan di Mapolda NTB sementara 12 lainnya dalam https://t.co/BS5LvWlAzY""",neutral,polri lalu polda nusa tenggara barat ntb tetap 20 sangka kait aksi perusakan penjarahan unjuk rasa 30 agustus 2025 mapolda ntb gedung dprd ntb jumlah sebut delapan orang libat perusakan mapolda ntb 12 lain
"""Polri melalui Polda Nusa Tenggara Barat (NTB) menetapkan 20 tersangka terkait aksi perusakan dan penjarahan saat unjuk rasa 30 Agustus 2025 di Mapolda NTB dan Gedung DPRD NTB. Dari jumlah tersebut delapan orang terlibat dalam perusakan di Mapolda NTB https://t.co/lNX8JLymcZ""",neutral,polri lalu polda nusa tenggara barat ntb tetap 20 sangka kait aksi perusakan penjarahan unjuk rasa 30 agustus 2025 mapolda ntb gedung dprd ntb jumlah sebut delapan orang libat perusakan mapolda ntb
"""Polri melalui Polda Nusa Tenggara Barat (NTB) menetapkan 20 tersangka terkait aksi perusakan dan penjarahan saat unjuk rasa 30 Agustus 2025 di Mapolda NTB dan Gedung DPRD NTB. Dari jumlah tersebut delapan orang terlibat dalam perusakan di Mapolda NTB https://t.co/huHiqfNiZr""",negative,polri lalu polda nusa tenggara barat ntb tetap 20 sangka kait aksi perusakan penjarahan unjuk rasa 30 agustus 2025 mapolda ntb gedung dprd ntb jumlah sebut delapan orang libat perusakan mapolda ntb
"""@NHPeeeeeeeeel @innovacommunity Lho iya saya paham itu. Ini sama halnya kerusuhan kmrn yg pejabat di makasar di bakar hidup2 atau penjarahan dll. Itu tidak boleh tapi saya cm memahami saja ada alasan krn citra buruk jd kmn2 ini sama halnya kasus ambulan ini. Saya tdk membenarkan namun bs dipahami jg kenapa.""",negative,lho iya paham sama hal kerusuhan kmrn jabat makasar bakar hidup penjarahan tidak cm paham alas citra buruk jadi kmn sama hal kasus ambul tidak benar bs paham
"""Setelah reshuffle kemarin semakin terlihat arah baru yang sedang dibangun. Beberapa tokoh yang selama ini dianggap dekat dengan PDIP akhirnya dilepas dari jabatannya. Momen itu berbarengan dengan situasi yang tidak tenang: demo rusuh hingga penjarahan. Banyak yang mulai https://t.co/1fh1VkpOoH""",negative,reshuffle kemarin makin lihat arah baru sedang bangun beberapa tokoh lama anggap dekat pdip akhir lepas jabat momen bareng situasi tidak tenang demo rusuh hingga penjarahan banyak mulai
"""Polri melalui Polda Nusa Tenggara Barat (NTB) menetapkan 20 tersangka terkait aksi perusakan dan penjarahan saat unjuk rasa 30 Agustus 2025 di Mapolda NTB dan Gedung DPRD NTB. https://t.co/V3tFpVeslO""",neutral,polri lalu polda nusa tenggara barat ntb tetap 20 sangka kait aksi perusakan penjarahan unjuk rasa 30 agustus 2025 mapolda ntb gedung dprd ntb
"""Polri melalui Polda Nusa Tenggara Barat (NTB) menetapkan 20 tersangka terkait aksi perusakan dan penjarahan saat unjuk rasa 30 Agustus 2025 di Mapolda NTB dan Gedung DPRD NTB. Dari jumlah tersebut delapan orang terlibat dalam perusakan di Mapolda NTB sementara 12 lainnya dalam https://t.co/HadQSpGLVX""",neutral,polri lalu polda nusa tenggara barat ntb tetap 20 sangka kait aksi perusakan penjarahan unjuk rasa 30 agustus 2025 mapolda ntb gedung dprd ntb jumlah sebut delapan orang libat perusakan mapolda ntb 12 lain
"""@ARSIPAJA aturan semena² pemerintah itu byk banget dan mereka baru nyadar itu semena² setelah misal kejadian kaya kemaren ada demo atau penjarahan.""",negative,atur semena perintah byk banget baru nyadar semena misal jadi kaya kemaren demo penjarahan
"""Polri melalui Polda Nusa Tenggara Barat (NTB) menetapkan 20 tersangka terkait aksi perusakan dan penjarahan saat unjuk rasa 30 Agustus 2025 di Mapolda NTB dan Gedung DPRD NTB. Dari jumlah tersebut delapan orang terlibat dalam perusakan di Mapolda NTB https://t.co/kjgorKIi5E""",neutral,polri lalu polda nusa tenggara barat ntb tetap 20 sangka kait aksi perusakan penjarahan unjuk rasa 30 agustus 2025 mapolda ntb gedung dprd ntb jumlah sebut delapan orang libat perusakan mapolda ntb
"""Polri melalui Polda Nusa Tenggara Barat (NTB) menetapkan 20 tersangka terkait aksi perusakan dan penjarahan saat unjuk rasa 30 Agustus 2025 di Mapolda NTB dan Gedung DPRD NTB. https://t.co/MnJotMlDhw""",neutral,polri lalu polda nusa tenggara barat ntb tetap 20 sangka kait aksi perusakan penjarahan unjuk rasa 30 agustus 2025 mapolda ntb gedung dprd ntb
"""Kini Sherina dipanggil polisi untuk klarifikasi bkn sebagai tersangka melainkan mengungkap apakah kucing tsb termasuk barang bukti dalam kasus penjarahan. Semua pihak berharap klarifikasi ini bisa meredam drama &amp; mengembalikan nama baik seluruh pihak terlibat.""",negative,kini sherina panggil polisi klarifikasi bukan sangka ungkap kucing tsb masuk barang bukti kasus penjarahan semua pihak harap klarifikasi redam drama amp kembali nama bagus seluruh pihak libat
"""Cinta Kuya Curhat Soal Penjarahan Rumah Hingga Kucing Hilang Tata Bahasanya Jadi Sorotan https://t.co/ZHKsaEOGX4""",negative,cinta kuya curhat soal penjarahan rumah hingga kucing hilang tata bahasa jadi sorot
"""tanda2nya udah jelas bgt sih rumahnya si bangsat dedi sitorus kok bisa2nya aman dri penjarahan. pdhl dibanding uya kuya/eko patrio yg cuma joget2 omongan si dedi lebih parah dan menyakitkan.""",negative,tanda2nya jelas banget sih rumah si bangsat dedi sitorus kok bisa2nya aman dri penjarahan pdhl banding uya kuya eko patrio cuma joget omong si dedi lebih parah sakit
"""@msaid_didu Srimul merasa bahwa NEGARA tdk bs melindunginya (dr penjarahan massa) buat apa dipertahankan jabatan klo tdk ada jaminan keamanan keluarga....""",negative,srimul rasa negara tidak bs lindung penjarahan massa apa tahan jabat kalau tidak jamin aman keluarga
"""Polri melalui Polda Nusa Tenggara Barat (NTB) menetapkan 20 tersangka terkait aksi perusakan dan penjarahan saat unjuk rasa 30 Agustus 2025 di Mapolda NTB dan Gedung DPRD NTB. Dari jumlah tersebut delapan orang terlibat dalam perusakan di Mapolda NTB. https://t.co/ZMnuS4bPN5""",neutral,polri lalu polda nusa tenggara barat ntb tetap 20 sangka kait aksi perusakan penjarahan unjuk rasa 30 agustus 2025 mapolda ntb gedung dprd ntb jumlah sebut delapan orang libat perusakan mapolda ntb
"""Polri melalui Polda Nusa Tenggara Barat (NTB) menetapkan 20 tersangka terkait aksi perusakan dan penjarahan saat unjuk rasa 30 Agustus 2025 di Mapolda NTB dan Gedung DPRD NTB. Dari jumlah tersebut delapan orang terlibat dalam perusakan di Mapolda NTB https://t.co/gYomnFEv0x""",neutral,polri lalu polda nusa tenggara barat ntb tetap 20 sangka kait aksi perusakan penjarahan unjuk rasa 30 agustus 2025 mapolda ntb gedung dprd ntb jumlah sebut delapan orang libat perusakan mapolda ntb
"""Polri melalui Polda Nusa Tenggara Barat (NTB) menetapkan 20 tersangka terkait aksi perusakan dan penjarahan saat unjuk rasa 30 Agustus 2025 di Mapolda NTB dan Gedung DPRD NTB. Dari jumlah tersebut delapan orang terlibat dalam perusakan di Mapolda NTB sementara 12 lainnya dalam https://t.co/J6hGyWU1S0""",neutral,polri lalu polda nusa tenggara barat ntb tetap 20 sangka kait aksi perusakan penjarahan unjuk rasa 30 agustus 2025 mapolda ntb gedung dprd ntb jumlah sebut delapan orang libat perusakan mapolda ntb 12 lain
"""Polri melalui Polda Nusa Tenggara Barat (NTB) menetapkan 20 tersangka terkait aksi perusakan dan penjarahan saat unjuk rasa 30 Agustus 2025 di Mapolda NTB dan Gedung DPRD NTB. Wujud Upaya Pengabdian Maksimal Kepada Bangsa dan Terus Meningkatkan #KinerjaLayaniIndonesia https://t.co/QRsyHFyGn0""",neutral,polri lalu polda nusa tenggara barat ntb tetap 20 sangka kait aksi perusakan penjarahan unjuk rasa 30 agustus 2025 mapolda ntb gedung dprd ntb wujud upaya abdi maksimal bangsa terus tingkat
"""Polri melalui Polda Nusa Tenggara Barat (NTB) menetapkan 20 tersangka terkait aksi perusakan dan penjarahan saat unjuk rasa 30 Agustus 2025 di Mapolda NTB dan Gedung DPRD NTB.#KinerjaLayaniIndonesia https://t.co/AIOF4FqS1w""",neutral,polri lalu polda nusa tenggara barat ntb tetap 20 sangka kait aksi perusakan penjarahan unjuk rasa 30 agustus 2025 mapolda ntb gedung dprd ntb
"""Dino Patti Djalal Bongkar 'Dalang' di Balik Penjarahan Rumah Sri Mulyani! https://t.co/m7Tqf80nR6""",neutral,dino patti djalal bongkar dalang balik penjarahan rumah sri mulyani
"""Ia menduga penjarahan terhadap rumah pribadi mantan Menteri Keuangan Sri Mulyani bukan aksi spontan tetapi terencana melibatkan tangan-tangan siluman . Dino sendiri mengaku tidak pernah tahu alamat rumah Sri Mulyani. #DinoPattiDjalal #Srimulyani #menkeu""",negative,duga penjarahan rumah pribadi mantan menteri uang sri mulyani bukan aksi spontan tetapi rencana libat tangan tangan siluman dino sendiri aku tidak pernah tahu alamat rumah sri mulyani
"""Polri melalui Polda Nusa Tenggara Barat (NTB) menetapkan 20 tersangka terkait aksi perusakan dan penjarahan saat unjuk rasa 30 Agustus 2025 di Mapolda NTB dan Gedung DPRD NTB. #KinerjaLayaniIndonesia https://t.co/CbZwyJbneI""",neutral,polri lalu polda nusa tenggara barat ntb tetap 20 sangka kait aksi perusakan penjarahan unjuk rasa 30 agustus 2025 mapolda ntb gedung dprd ntb
"""Polri melalui Polda Nusa Tenggara Barat (NTB) menetapkan 20 tersangka terkait aksi perusakan dan penjarahan saat unjuk rasa 30 Agustus 2025 di Mapolda NTB dan Gedung DPRD NTB. #KinerjaLayaniIndonesia https://t.co/oJjLZ18JzC""",neutral,polri lalu polda nusa tenggara barat ntb tetap 20 sangka kait aksi perusakan penjarahan unjuk rasa 30 agustus 2025 mapolda ntb gedung dprd ntb
"""Polri melalui Polda Nusa Tenggara Barat (NTB) menetapkan 20 tersangka terkait aksi perusakan dan penjarahan saat unjuk rasa 30 Agustus 2025 di Mapolda NTB dan Gedung DPRD NTB. https://t.co/F5acot6lF6""",neutral,polri lalu polda nusa tenggara barat ntb tetap 20 sangka kait aksi perusakan penjarahan unjuk rasa 30 agustus 2025 mapolda ntb gedung dprd ntb
"""Polri melalui Polda Nusa Tenggara Barat (NTB) menetapkan 20 tersangka terkait aksi perusakan dan penjarahan saat unjuk rasa 30 Agustus 2025 di Mapolda NTB dan Gedung DPRD NTB. Wujud Upaya Pengabdian Maksimal Kepada Bangsa dan Terus Meningkatkan #KinerjaLayaniIndonesia https://t.co/lPeuVjoSOQ""",neutral,polri lalu polda nusa tenggara barat ntb tetap 20 sangka kait aksi perusakan penjarahan unjuk rasa 30 agustus 2025 mapolda ntb gedung dprd ntb wujud upaya abdi maksimal bangsa terus tingkat
"""Polri melalui Polda Nusa Tenggara Barat (NTB) menetapkan 20 tersangka terkait aksi perusakan dan penjarahan saat unjuk rasa 30 Agustus 2025 di Mapolda NTB dan Gedung DPRD NTB. https://t.co/tGPkInvKrq""",neutral,polri lalu polda nusa tenggara barat ntb tetap 20 sangka kait aksi perusakan penjarahan unjuk rasa 30 agustus 2025 mapolda ntb gedung dprd ntb
"""Polri melalui Polda Nusa Tenggara Barat (NTB) menetapkan 20 tersangka terkait aksi perusakan dan penjarahan saat unjuk rasa 30 Agustus 2025 di Mapolda NTB dan Gedung DPRD NTB. Dari jumlah tersebut delapan orang terlibat dalam perusakan di Mapolda NTB sementara 12 lainnya""",neutral,polri lalu polda nusa tenggara barat ntb tetap 20 sangka kait aksi perusakan penjarahan unjuk rasa 30 agustus 2025 mapolda ntb gedung dprd ntb jumlah sebut delapan orang libat perusakan mapolda ntb 12 lain
"""Polri melalui Polda Nusa Tenggara Barat (NTB) menetapkan 20 tersangka terkait aksi perusakan dan penjarahan saat unjuk rasa 30 Agustus 2025 di Mapolda NTB dan Gedung DPRD NTB. https://t.co/HcrEoQpdtG""",neutral,polri lalu polda nusa tenggara barat ntb tetap 20 sangka kait aksi perusakan penjarahan unjuk rasa 30 agustus 2025 mapolda ntb gedung dprd ntb
"""Polri melalui Polda Nusa Tenggara Barat (NTB) menetapkan 20 tersangka terkait aksi perusakan dan penjarahan saat unjuk rasa 30 Agustus 2025 di Mapolda NTB dan Gedung DPRD NTB. Dari jumlah tersebut delapan orang terlibat dalam perusakan di Mapolda NTB sementara 12 lainnya https://t.co/hyV9otTtuU""",neutral,polri lalu polda nusa tenggara barat ntb tetap 20 sangka kait aksi perusakan penjarahan unjuk rasa 30 agustus 2025 mapolda ntb gedung dprd ntb jumlah sebut delapan orang libat perusakan mapolda ntb 12 lain
"""Polri melalui Polda Nusa Tenggara Barat (NTB) menetapkan 20 tersangka terkait aksi perusakan dan penjarahan saat unjuk rasa 30 Agustus 2025 di Mapolda NTB dan Gedung DPRD NTB. Wujud Upaya Pengabdian Maksimal Kepada Bangsa dan Terus Meningkatkan #KinerjaLayaniIndonesia https://t.co/kOFD0gPfEM""",neutral,polri lalu polda nusa tenggara barat ntb tetap 20 sangka kait aksi perusakan penjarahan unjuk rasa 30 agustus 2025 mapolda ntb gedung dprd ntb wujud upaya abdi maksimal bangsa terus tingkat
"""Polri melalui Polda Nusa Tenggara Barat (NTB) menetapkan 20 tersangka terkait aksi perusakan dan penjarahan saat unjuk rasa 30 Agustus 2025 di Mapolda NTB dan Gedung DPRD NTB. Dari jumlah tersebut delapan orang terlibat dalam perusakan di Mapolda NTB sementara 12 lainnya https://t.co/U8SNmulQ0y""",neutral,polri lalu polda nusa tenggara barat ntb tetap 20 sangka kait aksi perusakan penjarahan unjuk rasa 30 agustus 2025 mapolda ntb gedung dprd ntb jumlah sebut delapan orang libat perusakan mapolda ntb 12 lain
"""Polri melalui Polda Nusa Tenggara Barat (NTB) menetapkan 20 tersangka terkait aksi perusakan dan penjarahan saat unjuk rasa 30 Agustus 2025 di Mapolda NTB dan Gedung DPRD NTB. Wujud Upaya Pengabdian Maksimal Kepada Bangsa dan Terus Meningkatkan #KinerjaLayaniIndonesia https://t.co/YDhIuHZ2kl""",neutral,polri lalu polda nusa tenggara barat ntb tetap 20 sangka kait aksi perusakan penjarahan unjuk rasa 30 agustus 2025 mapolda ntb gedung dprd ntb wujud upaya abdi maksimal bangsa terus tingkat
"""Polri melalui Polda Nusa Tenggara Barat (NTB) menetapkan 20 tersangka terkait aksi perusakan dan penjarahan saat unjuk rasa 30 Agustus 2025 di Mapolda NTB dan Gedung DPRD NTB. #KinerjaLayaniIndonesia https://t.co/KVeGvARS3d""",neutral,polri lalu polda nusa tenggara barat ntb tetap 20 sangka kait aksi perusakan penjarahan unjuk rasa 30 agustus 2025 mapolda ntb gedung dprd ntb
"""Polri melalui Polda Nusa Tenggara Barat (NTB) menetapkan 20 tersangka terkait aksi perusakan dan penjarahan saat unjuk rasa 30 Agustus 2025 di Mapolda NTB dan Gedung DPRD NTB. Dari jumlah tersebut delapan orang terlibat dalam perusakan di Mapolda NTB https://t.co/CEdxqMerIB""",neutral,polri lalu polda nusa tenggara barat ntb tetap 20 sangka kait aksi perusakan penjarahan unjuk rasa 30 agustus 2025 mapolda ntb gedung dprd ntb jumlah sebut delapan orang libat perusakan mapolda ntb
"""Polri melalui Polda Nusa Tenggara Barat (NTB) menetapkan 20 tersangka terkait aksi perusakan dan penjarahan saat unjuk rasa 30 Agustus 2025 di Mapolda NTB dan Gedung DPRD NTB. https://t.co/NO0iQtdoCY""",neutral,polri lalu polda nusa tenggara barat ntb tetap 20 sangka kait aksi perusakan penjarahan unjuk rasa 30 agustus 2025 mapolda ntb gedung dprd ntb
"""Polri melalui Polda Nusa Tenggara Barat (NTB) menetapkan 20 tersangka terkait aksi perusakan dan penjarahan saat unjuk rasa 30 Agustus 2025 di Mapolda NTB dan Gedung DPRD NTB. https://t.co/gHofYtdEgP""",neutral,polri lalu polda nusa tenggara barat ntb tetap 20 sangka kait aksi perusakan penjarahan unjuk rasa 30 agustus 2025 mapolda ntb gedung dprd ntb
"""Polri melalui Polda Nusa Tenggara Barat (NTB) menetapkan 20 tersangka terkait aksi perusakan dan penjarahan saat unjuk rasa 30 Agustus 2025 di Mapolda NTB dan Gedung DPRD NTB. Dari jumlah tersebut delapan orang terlibat dalam perusakan di Mapolda NTB sementara 12 lainnya dalam https://t.co/8RAuwbiggo""",neutral,polri lalu polda nusa tenggara barat ntb tetap 20 sangka kait aksi perusakan penjarahan unjuk rasa 30 agustus 2025 mapolda ntb gedung dprd ntb jumlah sebut delapan orang libat perusakan mapolda ntb 12 lain
"""Polri melalui Polda Nusa Tenggara Barat (NTB) menetapkan 20 tersangka terkait aksi perusakan dan penjarahan saat unjuk rasa 30 Agustus 2025 di Mapolda NTB dan Gedung DPRD NTB. #KinerjaLayaniIndonesia https://t.co/rROgQ1Lj6L""",neutral,polri lalu polda nusa tenggara barat ntb tetap 20 sangka kait aksi perusakan penjarahan unjuk rasa 30 agustus 2025 mapolda ntb gedung dprd ntb
"""Polri melalui Polda Nusa Tenggara Barat (NTB) menetapkan 20 tersangka terkait aksi perusakan dan penjarahan saat unjuk rasa 30 Agustus 2025 di Mapolda NTB dan Gedung DPRD NTB. Dari jumlah tersebut delapan orang terlibat dalam perusakan di Mapolda NTB. #KinerjaLayaniIndonesia https://t.co/otj5SP1fKv""",neutral,polri lalu polda nusa tenggara barat ntb tetap 20 sangka kait aksi perusakan penjarahan unjuk rasa 30 agustus 2025 mapolda ntb gedung dprd ntb jumlah sebut delapan orang libat perusakan mapolda ntb
"""perusakan dan penjarahan di DPRD NTB. Para tersangka terdiri dari 14 orang dewasa yg kini ditahan serta enam anak di bawah umur yang dikembalikan ke keluarga &amp; menjalani proses diversi. Wujud Upaya Pengabdian Maksimal Kepada Bangsa dan Terus Meningkatkan #KinerjaLayaniIndonesia""",neutral,perusakan penjarahan dprd ntb sangka diri 14 orang dewasa kini tahan enam anak bawah umur kembali keluarga amp jalan proses versi wujud upaya abdi maksimal bangsa terus tingkat
"""Polri melalui Polda Nusa Tenggara Barat (NTB) menetapkan 20 tersangka terkait aksi perusakan dan penjarahan saat unjuk rasa 30 Agustus 2025 di Mapolda NTB dan Gedung DPRD NTB. Dari jumlah tersebut delapan orang terlibat dalam perusakan di Mapolda NTB sementara 12 lainnya dalam https://t.co/OCS8FIUVKh""",neutral,polri lalu polda nusa tenggara barat ntb tetap 20 sangka kait aksi perusakan penjarahan unjuk rasa 30 agustus 2025 mapolda ntb gedung dprd ntb jumlah sebut delapan orang libat perusakan mapolda ntb 12 lain
"""dalam perusakan dan penjarahan di DPRD NTB. Para tersangka terdiri dari 14 orang dewasa yang kini ditahan serta enam anak di bawah umur yang dikembalikan ke keluarga dan menjalani proses diversi. Wujud Upaya Pengabdian Maksimal Kepada Bangsa""",positive,perusakan penjarahan dprd ntb sangka diri 14 orang dewasa kini tahan enam anak bawah umur kembali keluarga jalan proses versi wujud upaya abdi maksimal bangsa
"""Polri melalui Polda Nusa Tenggara Barat (NTB) menetapkan 20 tersangka terkait aksi perusakan dan penjarahan saat unjuk rasa 30 Agustus 2025 di Mapolda NTB dan Gedung DPRD NTB. Dari jumlah tersebut delapan orang terlibat dalam perusakan di Mapolda NTB sementara 12 lainnya https://t.co/f6Plb4GX2h""",neutral,polri lalu polda nusa tenggara barat ntb tetap 20 sangka kait aksi perusakan penjarahan unjuk rasa 30 agustus 2025 mapolda ntb gedung dprd ntb jumlah sebut delapan orang libat perusakan mapolda ntb 12 lain
"""Polri melalui Polda Nusa Tenggara Barat (NTB) menetapkan 20 tersangka terkait aksi perusakan dan penjarahan saat unjuk rasa 30 Agustus 2025 di Mapolda NTB dan Gedung DPRD NTB. #KinerjaLayaniIndonesia https://t.co/mZbqwqlm3w""",neutral,polri lalu polda nusa tenggara barat ntb tetap 20 sangka kait aksi perusakan penjarahan unjuk rasa 30 agustus 2025 mapolda ntb gedung dprd ntb
"""Polri melalui Polda Nusa Tenggara Barat (NTB) menetapkan 20 tersangka terkait aksi perusakan dan penjarahan saat unjuk rasa 30 Agustus 2025 di Mapolda NTB dan Gedung DPRD NTB. Dari jumlah tersebut delapan orang terlibat dalam perusakan di Mapolda NTB https://t.co/0nDcbLRoFf""",neutral,polri lalu polda nusa tenggara barat ntb tetap 20 sangka kait aksi perusakan penjarahan unjuk rasa 30 agustus 2025 mapolda ntb gedung dprd ntb jumlah sebut delapan orang libat perusakan mapolda ntb
"""Polri melalui Polda Nusa Tenggara Barat (NTB) menetapkan 20 tersangka terkait aksi perusakan dan penjarahan saat unjuk rasa 30 Agustus 2025 di Mapolda NTB dan Gedung DPRD NTB. Dari jumlah tersebut delapan orang terlibat dalam perusakan di Mapolda NTB https://t.co/T2Eu8Myc2Y""",neutral,polri lalu polda nusa tenggara barat ntb tetap 20 sangka kait aksi perusakan penjarahan unjuk rasa 30 agustus 2025 mapolda ntb gedung dprd ntb jumlah sebut delapan orang libat perusakan mapolda ntb
"""Polri melalui Polda Nusa Tenggara Barat (NTB) menetapkan 20 tersangka terkait aksi perusakan dan penjarahan saat unjuk rasa 30 Agustus 2025 di Mapolda NTB dan Gedung DPRD NTB. Dari jumlah tersebut delapan https://t.co/y7tbq7fL0I""",neutral,polri lalu polda nusa tenggara barat ntb tetap 20 sangka kait aksi perusakan penjarahan unjuk rasa 30 agustus 2025 mapolda ntb gedung dprd ntb jumlah sebut delapan
"""Polri melalui Polda Nusa Tenggara Barat (NTB) menetapkan 20 tersangka terkait aksi perusakan dan penjarahan saat unjuk rasa 30 Agustus 2025 di Mapolda NTB dan Gedung DPRD NTB. https://t.co/jlj4iKDJDs""",neutral,polri lalu polda nusa tenggara barat ntb tetap 20 sangka kait aksi perusakan penjarahan unjuk rasa 30 agustus 2025 mapolda ntb gedung dprd ntb
"""Polri melalui Polda Nusa Tenggara Barat (NTB) menetapkan 20 tersangka terkait aksi perusakan dan penjarahan saat unjuk rasa 30 Agustus 2025 di Mapolda NTB dan Gedung DPRD NTB. Dari jumlah tersebut delapan orang terlibat dalam perusakan di Mapolda NTB sementara 12 lainnya dalam https://t.co/uVIVN1JevQ""",neutral,polri lalu polda nusa tenggara barat ntb tetap 20 sangka kait aksi perusakan penjarahan unjuk rasa 30 agustus 2025 mapolda ntb gedung dprd ntb jumlah sebut delapan orang libat perusakan mapolda ntb 12 lain
"""Polri melalui Polda Nusa Tenggara Barat (NTB) menetapkan 20 tersangka terkait aksi perusakan dan penjarahan saat unjuk rasa 30 Agustus 2025 di Mapolda NTB dan Gedung DPRD NTB. Dari jumlah tersebut delapan orang terlibat dalam perusakan di Mapolda NTB https://t.co/Znzfk543pt""",neutral,polri lalu polda nusa tenggara barat ntb tetap 20 sangka kait aksi perusakan penjarahan unjuk rasa 30 agustus 2025 mapolda ntb gedung dprd ntb jumlah sebut delapan orang libat perusakan mapolda ntb
"""Polri melalui Polda Nusa Tenggara Barat (NTB) menetapkan 20 tersangka terkait aksi perusakan dan penjarahan saat unjuk rasa 30 Agustus 2025 di Mapolda NTB dan Gedung DPRD NTB. Dari jumlah tersebut delapan orang terlibat dalam perusakan di Mapolda NTB. #KinerjaLayaniIndonesia https://t.co/U4qmzspz46""",neutral,polri lalu polda nusa tenggara barat ntb tetap 20 sangka kait aksi perusakan penjarahan unjuk rasa 30 agustus 2025 mapolda ntb gedung dprd ntb jumlah sebut delapan orang libat perusakan mapolda ntb
"""@Reiy_21 DIA ANAKNYA UYA KUYA... iyh rumah dia dijarah soalnya bapaknya tu anggota depeer walaupun penjarahan rumahnya dia ini agak sus sih tapi iyh pokoknya begitu ‍️‍️""",negative,anak uya kuya iyh rumah penjarahan soal bapak tu anggota depeer walaupun penjarahan rumah sus sih iyh pokok
"""Polri melalui Polda Nusa Tenggara Barat (NTB) menetapkan 20 tersangka terkait aksi perusakan dan penjarahan saat unjuk rasa 30 Agustus 2025 di Mapolda NTB dan Gedung DPRD NTB. Dari jumlah tersebut delapan orang terlibat dalam perusakan di Mapolda NTB. https://t.co/EXYXOGJ8nh""",neutral,polri lalu polda nusa tenggara barat ntb tetap 20 sangka kait aksi perusakan penjarahan unjuk rasa 30 agustus 2025 mapolda ntb gedung dprd ntb jumlah sebut delapan orang libat perusakan mapolda ntb
"""Polri melalui Polda Nusa Tenggara Barat (NTB) menetapkan 20 tersangka terkait aksi perusakan dan penjarahan saat unjuk rasa 30 Agustus 2025 di Mapolda NTB dan Gedung DPRD NTB. https://t.co/2dSVYQphdu""",neutral,polri lalu polda nusa tenggara barat ntb tetap 20 sangka kait aksi perusakan penjarahan unjuk rasa 30 agustus 2025 mapolda ntb gedung dprd ntb
"""Polri melalui Polda Nusa Tenggara Barat (NTB) menetapkan 20 tersangka terkait aksi perusakan dan penjarahan saat unjuk rasa 30 Agustus 2025 di Mapolda NTB dan Gedung DPRD NTB. #KinerjaLayaniIndonesia https://t.co/fs9XG5Wnak""",neutral,polri lalu polda nusa tenggara barat ntb tetap 20 sangka kait aksi perusakan penjarahan unjuk rasa 30 agustus 2025 mapolda ntb gedung dprd ntb
"""Polri melalui Polda Nusa Tenggara Barat (NTB) menetapkan 20 tersangka terkait aksi perusakan dan penjarahan saat unjuk rasa 30 Agustus 2025 di Mapolda NTB dan Gedung DPRD NTB.#KinerjaLayaniIndonesia https://t.co/F7oN1chD9m""",neutral,polri lalu polda nusa tenggara barat ntb tetap 20 sangka kait aksi perusakan penjarahan unjuk rasa 30 agustus 2025 mapolda ntb gedung dprd ntb
"""Polri melalui Polda Nusa Tenggara Barat (NTB) menetapkan 20 tersangka terkait aksi perusakan dan penjarahan saat unjuk rasa 30 Agustus 2025 di Mapolda NTB dan Gedung DPRD NTB. Dari jumlah tersebut delapan orang terlibat dalam perusakan di Mapolda NTB #KinerjaLayaniIndonesia https://t.co/aIgEQSMgCq""",neutral,polri lalu polda nusa tenggara barat ntb tetap 20 sangka kait aksi perusakan penjarahan unjuk rasa 30 agustus 2025 mapolda ntb gedung dprd ntb jumlah sebut delapan orang libat perusakan mapolda ntb
"""Polri melalui Polda Nusa Tenggara Barat (NTB) menetapkan 20 tersangka terkait aksi perusakan dan penjarahan saat unjuk rasa 30 Agustus 2025 di Mapolda NTB dan Gedung DPRD NTB. Dari jumlah tersebut delapan orang terlibat dalam perusakan di Mapolda NTB #KinerjaLayaniIndonesia https://t.co/hWDJpmkKcd""",neutral,polri lalu polda nusa tenggara barat ntb tetap 20 sangka kait aksi perusakan penjarahan unjuk rasa 30 agustus 2025 mapolda ntb gedung dprd ntb jumlah sebut delapan orang libat perusakan mapolda ntb
"""Polri melalui Polda Nusa Tenggara Barat (NTB) menetapkan 20 tersangka terkait aksi perusakan dan penjarahan saat unjuk rasa 30 Agustus 2025 di Mapolda NTB dan Gedung DPRD NTB. https://t.co/J0Re29rqpY""",neutral,polri lalu polda nusa tenggara barat ntb tetap 20 sangka kait aksi perusakan penjarahan unjuk rasa 30 agustus 2025 mapolda ntb gedung dprd ntb
"""Prompt text CNN Indonesia Dino : Ada kekuatan siluman di balik penjarahan rumah Sri Mulyani. Like what???? Who???""",negative,prompt text cnn indonesia dino kuat siluman balik penjarahan rumah sri mulyani like what who
"""Polri Tetapkan 20 Tersangka Aksi Anarkis di NTB Polda NTB amankan 14 dewasa &amp; proses diversi 6 anak terkait perusakan &amp; penjarahan di Mapolda &amp; DPRD NTB. Barang bukti diamankan kasus ditangani transparan. #KinerjaLayaniIndonesia https://t.co/eKNyBttwR9""",neutral,polri tetap 20 sangka aksi anarkis ntb polda ntb aman 14 dewasa amp proses versi 6 anak kait perusakan amp penjarahan mapolda amp dprd ntb barang bukti aman kasus tangan transparan
"""Polri melalui Polda Nusa Tenggara Barat (NTB) menetapkan 20 tersangka terkait aksi perusakan dan penjarahan saat unjuk rasa 30 Agustus 2025 di Mapolda NTB dan Gedung DPRD NTB. https://t.co/hnPoQPtMkn""",neutral,polri lalu polda nusa tenggara barat ntb tetap 20 sangka kait aksi perusakan penjarahan unjuk rasa 30 agustus 2025 mapolda ntb gedung dprd ntb
"""@PartaiSocmed Karena PDIP gatau terimakasih dan kayanya elit PDIP menikmati demo &amp; penjarahan kemaren. Atau jangan jangan ??? Menariq buat konspirasi""",negative,pdip gatau terimakasih kaya elit pdip nikmat demo amp penjarahan kemaren jangan jangan menariq konspirasi
"""Polri melalui Polda Nusa Tenggara Barat (NTB) menetapkan 20 tersangka terkait aksi perusakan dan penjarahan saat unjuk rasa 30 Agustus 2025 di Mapolda NTB dan Gedung DPRD NTB. https://t.co/aOkktKIr9F""",neutral,polri lalu polda nusa tenggara barat ntb tetap 20 sangka kait aksi perusakan penjarahan unjuk rasa 30 agustus 2025 mapolda ntb gedung dprd ntb
"""Polri melalui Polda Nusa Tenggara Barat (NTB) menetapkan 20 tersangka terkait aksi perusakan dan penjarahan saat unjuk rasa 30 Agustus 2025 di Mapolda NTB dan Gedung DPRD NTB. Dari jumlah tersebut delapan orang terlibat dalam perusakan di Mapolda NTB https://t.co/C9puRx4Idz""",neutral,polri lalu polda nusa tenggara barat ntb tetap 20 sangka kait aksi perusakan penjarahan unjuk rasa 30 agustus 2025 mapolda ntb gedung dprd ntb jumlah sebut delapan orang libat perusakan mapolda ntb
"""Polri melalui Polda Nusa Tenggara Barat (NTB) menetapkan 20 tersangka terkait aksi perusakan dan penjarahan saat unjuk rasa 30 Agustus 2025 di Mapolda NTB dan Gedung DPRD NTB. Dari jumlah tersebut delapan orang terlibat dalam perusakan di Mapolda NTB sementara 12 lainnya dalam https://t.co/wuqjRmtTYF""",neutral,polri lalu polda nusa tenggara barat ntb tetap 20 sangka kait aksi perusakan penjarahan unjuk rasa 30 agustus 2025 mapolda ntb gedung dprd ntb jumlah sebut delapan orang libat perusakan mapolda ntb 12 lain
"""Polri melalui Polda Nusa Tenggara Barat menetapkan 20 tersangka terkait aksi perusakan dan penjarahan saat unjuk rasa 30 Agustus 2025 di Mapolda NTB dan Gedung DPRD NTB.Dari jumlah tersebut delapan orang terlibat dalam perusakan di Mapolda NTB sementara 12 penjarahan di DPRD NTB. https://t.co/esd2Vvk49Q""",neutral,polri lalu polda nusa tenggara barat tetap 20 sangka kait aksi perusakan penjarahan unjuk rasa 30 agustus 2025 mapolda ntb gedung dprd ntb jumlah sebut delapan orang libat perusakan mapolda ntb 12 penjarahan dprd ntb
"""Polri melalui Polda Nusa Tenggara Barat (NTB) menetapkan 20 tersangka terkait aksi perusakan dan penjarahan saat unjuk rasa 30 Agustus 2025 di Mapolda NTB dan Gedung DPRD NTB. Dari jumlah tersebut delapan orang terlibat dalam perusakan di Mapolda NTB sementara 12 lainnya dalam https://t.co/oE5oxbMMHh""",neutral,polri lalu polda nusa tenggara barat ntb tetap 20 sangka kait aksi perusakan penjarahan unjuk rasa 30 agustus 2025 mapolda ntb gedung dprd ntb jumlah sebut delapan orang libat perusakan mapolda ntb 12 lain
"""Polri melalui Polda Nusa Tenggara Barat (NTB) menetapkan 20 tersangka terkait aksi perusakan dan penjarahan saat unjuk rasa 30 Agustus 2025 di Mapolda NTB dan Gedung DPRD NTB. #KinerjaLayaniIndonesia https://t.co/ue1SLlW1um""",neutral,polri lalu polda nusa tenggara barat ntb tetap 20 sangka kait aksi perusakan penjarahan unjuk rasa 30 agustus 2025 mapolda ntb gedung dprd ntb
"""Polri melalui Polda Nusa Tenggara Barat (NTB) menetapkan 20 tersangka terkait aksi perusakan dan penjarahan saat unjuk rasa 30 Agustus 2025 di Mapolda NTB dan Gedung DPRD NTB. Dari jumlah tersebut delapan orang terlibat dalam perusakan di Mapolda NTB https://t.co/s45SGbOy2h""",neutral,polri lalu polda nusa tenggara barat ntb tetap 20 sangka kait aksi perusakan penjarahan unjuk rasa 30 agustus 2025 mapolda ntb gedung dprd ntb jumlah sebut delapan orang libat perusakan mapolda ntb
"""Polri melalui Polda Nusa Tenggara Barat (NTB) menetapkan 20 tersangka terkait aksi perusakan dan penjarahan saat unjuk rasa 30 Agustus 2025 di Mapolda NTB dan Gedung DPRD NTB.#KinerjaLayaniIndonesia https://t.co/Z4fml4fv4o""",neutral,polri lalu polda nusa tenggara barat ntb tetap 20 sangka kait aksi perusakan penjarahan unjuk rasa 30 agustus 2025 mapolda ntb gedung dprd ntb
"""Polri melalui Polda Nusa Tenggara Barat (NTB) menetapkan 20 tersangka terkait aksi perusakan dan penjarahan saat unjuk rasa 30 Agustus 2025 di Mapolda NTB dan Gedung DPRD NTB. Dari jumlah tersebut delapan orang terlibat dalam perusakan di Mapolda NTB sementara 12 lainnya dalam https://t.co/3fGPt1thO7""",neutral,polri lalu polda nusa tenggara barat ntb tetap 20 sangka kait aksi perusakan penjarahan unjuk rasa 30 agustus 2025 mapolda ntb gedung dprd ntb jumlah sebut delapan orang libat perusakan mapolda ntb 12 lain
"""Polri melalui Polda Nusa Tenggara Barat (NTB) menetapkan 20 tersangka terkait aksi perusakan dan penjarahan saat unjuk rasa 30 Agustus 2025 di Mapolda NTB dan Gedung DPRD NTB. Dari jumlah tersebut delapan orang terlibat dalam perusakan di Mapolda NTB https://t.co/vBKDL1Ctyo""",neutral,polri lalu polda nusa tenggara barat ntb tetap 20 sangka kait aksi perusakan penjarahan unjuk rasa 30 agustus 2025 mapolda ntb gedung dprd ntb jumlah sebut delapan orang libat perusakan mapolda ntb
"""Polri melalui Polda Nusa Tenggara Barat (NTB) menetapkan 20 tersangka terkait aksi perusakan dan penjarahan saat unjuk rasa 30 Agustus 2025 di Mapolda NTB dan Gedung DPRD NTB. Wujud Upaya Pengabdian Maksimal Kepada Bangsa dan Terus Meningkatkan #KinerjaLayaniIndonesia https://t.co/4CB0J7WRFd""",neutral,polri lalu polda nusa tenggara barat ntb tetap 20 sangka kait aksi perusakan penjarahan unjuk rasa 30 agustus 2025 mapolda ntb gedung dprd ntb wujud upaya abdi maksimal bangsa terus tingkat
"""Polri melalui Polda Nusa Tenggara Barat menetapkan 20 tersangka terkait aksi perusakan dan penjarahan saat unjuk rasa 30 Agustus 2025 di Mapolda NTB dan Gedung DPRD NTB. Dari jumlah tersebut 8 orang terlibat dalam perusakan di Mapolda NTB https://t.co/x2uDHmgb3I""",neutral,polri lalu polda nusa tenggara barat tetap 20 sangka kait aksi perusakan penjarahan unjuk rasa 30 agustus 2025 mapolda ntb gedung dprd ntb jumlah sebut 8 orang libat perusakan mapolda ntb
"""Polri melalui Polda Nusa Tenggara Barat (NTB) menetapkan 20 tersangka terkait aksi perusakan dan penjarahan saat unjuk rasa 30 Agustus 2025 di Mapolda NTB dan Gedung DPRD NTB. #KinerjaLayaniIndonesia https://t.co/PApH6sLRZD""",neutral,polri lalu polda nusa tenggara barat ntb tetap 20 sangka kait aksi perusakan penjarahan unjuk rasa 30 agustus 2025 mapolda ntb gedung dprd ntb
"""Polri melalui Polda Nusa Tenggara Barat (NTB) menetapkan 20 tersangka terkait aksi perusakan dan penjarahan saat unjuk rasa 30 Agustus 2025 di Mapolda NTB dan Gedung DPRD NTB. Dari jumlah tersebut delapan orang terlibat dalam perusakan di Mapolda NTB sementara 12 lainnya dalam https://t.co/MYcnUH9BA0""",neutral,polri lalu polda nusa tenggara barat ntb tetap 20 sangka kait aksi perusakan penjarahan unjuk rasa 30 agustus 2025 mapolda ntb gedung dprd ntb jumlah sebut delapan orang libat perusakan mapolda ntb 12 lain
"""Polri melalui Polda Nusa Tenggara Barat (NTB) menetapkan 20 tersangka terkait aksi perusakan dan penjarahan saat unjuk rasa 30 Agustus 2025 di Mapolda NTB dan Gedung DPRD NTB. https://t.co/R3cziEHaAf""",neutral,polri lalu polda nusa tenggara barat ntb tetap 20 sangka kait aksi perusakan penjarahan unjuk rasa 30 agustus 2025 mapolda ntb gedung dprd ntb
"""Polri melalui Polda Nusa Tenggara Barat (NTB) menetapkan 20 tersangka terkait aksi perusakan dan penjarahan saat unjuk rasa 30 Agustus 2025 di Mapolda NTB dan Gedung DPRD NTB. Wujud Upaya Pengabdian Maksimal Kepada Bangsa dan Terus Meningkatkan #KinerjaLayaniIndonesia https://t.co/WDi9bFCCqV""",neutral,polri lalu polda nusa tenggara barat ntb tetap 20 sangka kait aksi perusakan penjarahan unjuk rasa 30 agustus 2025 mapolda ntb gedung dprd ntb wujud upaya abdi maksimal bangsa terus tingkat
"""Polri melalui Polda Nusa Tenggara Barat (NTB) menetapkan 20 tersangka terkait aksi perusakan dan penjarahan saat unjuk rasa 30 Agustus 2025 di Mapolda NTB dan Gedung DPRD NTB. Wujud Upaya Pengabdian Maksimal Kepada Bangsa dan Terus Meningkatkan #KinerjaLayaniIndonesia https://t.co/yodQ6jHr9m""",neutral,polri lalu polda nusa tenggara barat ntb tetap 20 sangka kait aksi perusakan penjarahan unjuk rasa 30 agustus 2025 mapolda ntb gedung dprd ntb wujud upaya abdi maksimal bangsa terus tingkat
"""Polri melalui Polda Nusa Tenggara Barat (NTB) menetapkan 20 tersangka terkait aksi perusakan dan penjarahan saat unjuk rasa 30 Agustus 2025 di Mapolda NTB dan Gedung DPRD NTB. #KinerjaLayaniIndonesia https://t.co/kzREJnzg8B""",neutral,polri lalu polda nusa tenggara barat ntb tetap 20 sangka kait aksi perusakan penjarahan unjuk rasa 30 agustus 2025 mapolda ntb gedung dprd ntb
"""Polri melalui Polda Nusa Tenggara Barat (NTB) menetapkan 20 tersangka terkait aksi perusakan dan penjarahan saat unjuk rasa 30 Agustus 2025 di Mapolda NTB dan Gedung DPRD NTB. Dari jumlah tersebut delapan orang terlibat dalam perusakan di Mapolda NTB sementara 12 lainnya dalam https://t.co/vgW8VdnGBD""",neutral,polri lalu polda nusa tenggara barat ntb tetap 20 sangka kait aksi perusakan penjarahan unjuk rasa 30 agustus 2025 mapolda ntb gedung dprd ntb jumlah sebut delapan orang libat perusakan mapolda ntb 12 lain
"""Polri melalui Polda Nusa Tenggara Barat (NTB) menetapkan 20 tersangka terkait aksi perusakan dan penjarahan saat unjuk rasa 30 Agustus 2025 di Mapolda NTB dan Gedung DPRD NTB. Wujud Upaya Pengabdian Maksimal Kepada Bangsa dan Terus Meningkatkan #KinerjaLayaniIndonesia https://t.co/kntybNXXDU""",neutral,polri lalu polda nusa tenggara barat ntb tetap 20 sangka kait aksi perusakan penjarahan unjuk rasa 30 agustus 2025 mapolda ntb gedung dprd ntb wujud upaya abdi maksimal bangsa terus tingkat
"""Polri melalui Polda Nusa Tenggara Barat (NTB) menetapkan 20 tersangka terkait aksi perusakan dan penjarahan saat unjuk rasa 30 Agustus 2025 di Mapolda NTB dan Gedung DPRD NTB. Wujud Upaya Pengabdian Maksimal Kepada Bangsa dan Terus Meningkatkan #KinerjaLayaniIndonesia https://t.co/FGlr3VavIJ""",neutral,polri lalu polda nusa tenggara barat ntb tetap 20 sangka kait aksi perusakan penjarahan unjuk rasa 30 agustus 2025 mapolda ntb gedung dprd ntb wujud upaya abdi maksimal bangsa terus tingkat
"""Polri melalui Polda Nusa Tenggara Barat (NTB) menetapkan 20 tersangka terkait aksi perusakan dan penjarahan saat unjuk rasa 30 Agustus 2025 di Mapolda NTB dan Gedung DPRD NTB. #KinerjaLayaniIndonesia https://t.co/zZqgaNwm3x""",neutral,polri lalu polda nusa tenggara barat ntb tetap 20 sangka kait aksi perusakan penjarahan unjuk rasa 30 agustus 2025 mapolda ntb gedung dprd ntb
"""Polda NTB menetapkan 20 tersangka terkait aksi perusakan dan penjarahan saat unjuk rasa 30 Agustus 2025 di Mapolda NTB dan Gedung DPRD NTB. 8 orang terlibat dalam perusakan di Mapolda NTB sementara 12 lainnya dalam perusakan dan penjarahan di DPRD NTB. #KinerjaLayaniIndonesia https://t.co/Y6065kzOLh""",neutral,polda ntb tetap 20 sangka kait aksi perusakan penjarahan unjuk rasa 30 agustus 2025 mapolda ntb gedung dprd ntb 8 orang libat perusakan mapolda ntb 12 lain perusakan penjarahan dprd ntb
"""Polri melalui Polda Nusa Tenggara Barat (NTB) menetapkan 20 tersangka terkait aksi perusakan dan penjarahan saat unjuk rasa 30 Agustus 2025 di Mapolda NTB dan Gedung DPRD NTB. Dari jumlah tersebut delapan orang terlibat dalam perusakan di Mapolda NTB https://t.co/0tiBCGIQRH""",neutral,polri lalu polda nusa tenggara barat ntb tetap 20 sangka kait aksi perusakan penjarahan unjuk rasa 30 agustus 2025 mapolda ntb gedung dprd ntb jumlah sebut delapan orang libat perusakan mapolda ntb
"""Polri melalui Polda Nusa Tenggara Barat (NTB) menetapkan 20 tersangka terkait aksi perusakan dan penjarahan saat unjuk rasa 30 Agustus 2025 di Mapolda NTB dan Gedung DPRD NTB. Dari jumlah tersebut delapan orang terlibat dalam perusakan di Mapolda NTB sementara 12 lainnya https://t.co/Tj1CcBWANZ""",neutral,polri lalu polda nusa tenggara barat ntb tetap 20 sangka kait aksi perusakan penjarahan unjuk rasa 30 agustus 2025 mapolda ntb gedung dprd ntb jumlah sebut delapan orang libat perusakan mapolda ntb 12 lain
"""Polri melalui Polda NTB menetapkan 20 TSK terkait aksi perusakan dan penjarahan saat unjuk rasa 30-08-2025 di Mapolda NTB dan Gedung DPRD NTB. Dari jumlah tersebut 8 orang terlibat dalam perusakan di Mapolda NTB sementara 12 lainnya dalam perusakan dan penjarahan di DPRD NTB https://t.co/CgoTeqRz2k""",neutral,polri lalu polda ntb tetap 20 tsk kait aksi perusakan penjarahan unjuk rasa 30 08 2025 mapolda ntb gedung dprd ntb jumlah sebut 8 orang libat perusakan mapolda ntb 12 lain perusakan penjarahan dprd ntb
"""Polri melalui Polda Nusa Tenggara Barat (NTB) menetapkan 20 tersangka terkait aksi perusakan dan penjarahan saat unjuk rasa 30 Agustus 2025 di Mapolda NTB dan Gedung DPRD NTB. Dari jumlah tersebut delapan orang terlibat dalam perusakan di Mapolda NTB https://t.co/Xi23WV4sHr""",neutral,polri lalu polda nusa tenggara barat ntb tetap 20 sangka kait aksi perusakan penjarahan unjuk rasa 30 agustus 2025 mapolda ntb gedung dprd ntb jumlah sebut delapan orang libat perusakan mapolda ntb
"""Polri melalui Polda Nusa Tenggara Barat (NTB) menetapkan 20 tersangka terkait aksi perusakan dan penjarahan saat unjuk rasa 30 Agustus 2025 di Mapolda NTB dan Gedung DPRD NTB. Wujud Upaya Pengabdian Maksimal Kepada Bangsa dan Terus Meningkatkan #KinerjaLayaniIndonesia https://t.co/Acogi0hU2G""",neutral,polri lalu polda nusa tenggara barat ntb tetap 20 sangka kait aksi perusakan penjarahan unjuk rasa 30 agustus 2025 mapolda ntb gedung dprd ntb wujud upaya abdi maksimal bangsa terus tingkat
"""Polri melalui Polda Nusa Tenggara Barat (NTB) menetapkan 20 tersangka terkait aksi perusakan dan penjarahan saat unjuk rasa 30 Agustus 2025 di Mapolda NTB dan Gedung DPRD NTB. https://t.co/DH6H13snPG""",neutral,polri lalu polda nusa tenggara barat ntb tetap 20 sangka kait aksi perusakan penjarahan unjuk rasa 30 agustus 2025 mapolda ntb gedung dprd ntb
"""Polri melalui Polda Nusa Tenggara Barat (NTB) menetapkan 20 tersangka terkait aksi perusakan dan penjarahan saat unjuk rasa 30 Agustus 2025 di Mapolda NTB dan Gedung DPRD NTB. #KinerjaLayaniIndonesia https://t.co/yv83uPlWLp""",neutral,polri lalu polda nusa tenggara barat ntb tetap 20 sangka kait aksi perusakan penjarahan unjuk rasa 30 agustus 2025 mapolda ntb gedung dprd ntb
"""Polri melalui Polda Nusa Tenggara Barat (NTB) menetapkan 20 tersangka terkait aksi perusakan dan penjarahan saat unjuk rasa 30 Agustus 2025 di Mapolda NTB dan Gedung DPRD NTB. #KinerjaLayaniIndonesia https://t.co/hohSUQ9nVt""",neutral,polri lalu polda nusa tenggara barat ntb tetap 20 sangka kait aksi perusakan penjarahan unjuk rasa 30 agustus 2025 mapolda ntb gedung dprd ntb
"""Polri melalui Polda Nusa Tenggara Barat (NTB) menetapkan 20 tersangka terkait aksi perusakan dan penjarahan saat unjuk rasa 30 Agustus 2025 di Mapolda NTB dan Gedung DPRD NTB. L #KinerjaLayaniIndonesia https://t.co/tGdSizLAdP""",neutral,polri lalu polda nusa tenggara barat ntb tetap 20 sangka kait aksi perusakan penjarahan unjuk rasa 30 agustus 2025 mapolda ntb gedung dprd ntb l
"""Polri melalui Polda Nusa Tenggara Barat (NTB) menetapkan 20 tersangka terkait aksi perusakan dan penjarahan saat unjuk rasa 30 Agustus 2025 di Mapolda NTB dan Gedung DPRD NTB. Dari jumlah tersebut delapan orang terlibat dalam perusakan di Mapolda NTB https://t.co/E9wLeqBuuB""",neutral,polri lalu polda nusa tenggara barat ntb tetap 20 sangka kait aksi perusakan penjarahan unjuk rasa 30 agustus 2025 mapolda ntb gedung dprd ntb jumlah sebut delapan orang libat perusakan mapolda ntb
"""Polri melalui Polda Nusa Tenggara Barat (NTB) menetapkan 20 tersangka terkait aksi perusakan dan penjarahan saat unjuk rasa 30 Agustus 2025 di Mapolda NTB dan Gedung DPRD NTB. Wujud Upaya Pengabdian Maksimal Kepada Bangsa dan Terus Meningkatkan #KinerjaLayaniIndonesia https://t.co/pRyoy7VFYg""",neutral,polri lalu polda nusa tenggara barat ntb tetap 20 sangka kait aksi perusakan penjarahan unjuk rasa 30 agustus 2025 mapolda ntb gedung dprd ntb wujud upaya abdi maksimal bangsa terus tingkat
"""Polri melalui Polda Nusa Tenggara Barat (NTB) menetapkan 20 tersangka terkait aksi perusakan dan penjarahan saat unjuk rasa 30 Agustus 2025 di Mapolda NTB dan Gedung DPRD NTB. Dari jumlah tersebut delapan orang terlibat dalam perusakan di Mapolda NTB sementara 12 lainnya dalam https://t.co/NXcs3j2LEN""",neutral,polri lalu polda nusa tenggara barat ntb tetap 20 sangka kait aksi perusakan penjarahan unjuk rasa 30 agustus 2025 mapolda ntb gedung dprd ntb jumlah sebut delapan orang libat perusakan mapolda ntb 12 lain
"""Polri melalui Polda Nusa Tenggara Barat (NTB) menetapkan 20 tersangka terkait aksi perusakan dan penjarahan saat unjuk rasa 30 Agustus 2025 di Mapolda NTB dan Gedung DPRD NTB. #KinerjaLayaniIndonesia https://t.co/2t9cEI9PGs""",neutral,polri lalu polda nusa tenggara barat ntb tetap 20 sangka kait aksi perusakan penjarahan unjuk rasa 30 agustus 2025 mapolda ntb gedung dprd ntb
"""Polri melalui Polda Nusa Tenggara Barat (NTB) menetapkan 20 tersangka terkait aksi perusakan dan penjarahan saat unjuk rasa 30 Agustus 2025 di Mapolda NTB dan Gedung DPRD NTB. Dari jumlah tersebut delapan orang terlibat dalam perusakan di Mapolda NTB https://t.co/VmzVU90kGe""",neutral,polri lalu polda nusa tenggara barat ntb tetap 20 sangka kait aksi perusakan penjarahan unjuk rasa 30 agustus 2025 mapolda ntb gedung dprd ntb jumlah sebut delapan orang libat perusakan mapolda ntb
"""Polri melalui Polda Nusa Tenggara Barat (NTB) menetapkan 20 tersangka terkait aksi perusakan dan penjarahan saat unjuk rasa 30 Agustus 2025 di Mapolda NTB dan Gedung DPRD NTB. #KinerjaLayaniIndonesia https://t.co/NV49wJTVpH""",neutral,polri lalu polda nusa tenggara barat ntb tetap 20 sangka kait aksi perusakan penjarahan unjuk rasa 30 agustus 2025 mapolda ntb gedung dprd ntb
"""Polri melalui Polda Nusa Tenggara Barat (NTB) menetapkan 20 tersangka terkait aksi perusakan dan penjarahan saat unjuk rasa 30 Agustus 2025 di Mapolda NTB dan Gedung DPRD NTB. Wujud Upaya Pengabdian Maksimal Kepada Bangsa dan Terus Meningkatkan #KinerjaLayaniIndonesia https://t.co/xcHSkwrdqN""",neutral,polri lalu polda nusa tenggara barat ntb tetap 20 sangka kait aksi perusakan penjarahan unjuk rasa 30 agustus 2025 mapolda ntb gedung dprd ntb wujud upaya abdi maksimal bangsa terus tingkat
"""Polri melalui Polda Nusa Tenggara Barat (NTB) menetapkan 20 tersangka terkait aksi perusakan dan penjarahan saat unjuk rasa 30 Agustus 2025 di Mapolda NTB dan Gedung DPRD NTB. https://t.co/T7x93RThjf""",neutral,polri lalu polda nusa tenggara barat ntb tetap 20 sangka kait aksi perusakan penjarahan unjuk rasa 30 agustus 2025 mapolda ntb gedung dprd ntb
"""Polri melalui Polda Nusa Tenggara Barat (NTB) menetapkan 20 tersangka terkait aksi perusakan dan penjarahan saat unjuk rasa 30 Agustus 2025 di Mapolda NTB dan Gedung DPRD NTB. Dari jumlah tersebut delapan orang terlibat dalam perusakan di Mapolda NTB sementara 12 lainnya dalam https://t.co/BMDyFwTucS""",neutral,polri lalu polda nusa tenggara barat ntb tetap 20 sangka kait aksi perusakan penjarahan unjuk rasa 30 agustus 2025 mapolda ntb gedung dprd ntb jumlah sebut delapan orang libat perusakan mapolda ntb 12 lain
"""Polri melalui Polda Nusa Tenggara Barat (NTB) menetapkan 20 tersangka terkait aksi perusakan dan penjarahan saat unjuk rasa 30 Agustus 2025 di Mapolda NTB dan Gedung DPRD NTB. Dari jumlah tersebut delapan orang terlibat dalam perusakan di Mapolda NTB sementara 12 lainnya dalam https://t.co/444TJ2Ntpb""",neutral,polri lalu polda nusa tenggara barat ntb tetap 20 sangka kait aksi perusakan penjarahan unjuk rasa 30 agustus 2025 mapolda ntb gedung dprd ntb jumlah sebut delapan orang libat perusakan mapolda ntb 12 lain
"""Polri melalui Polda Nusa Tenggara Barat (NTB) menetapkan 20 tersangka terkait aksi perusakan dan penjarahan saat unjuk rasa 30 Agustus 2025 di Mapolda NTB dan Gedung DPRD NTB. Wujud Upaya Pengabdian Maksimal Kepada Bangsa dan Terus Meningkatkan #KinerjaLayaniIndonesia https://t.co/TeaXzGCNPi""",neutral,polri lalu polda nusa tenggara barat ntb tetap 20 sangka kait aksi perusakan penjarahan unjuk rasa 30 agustus 2025 mapolda ntb gedung dprd ntb wujud upaya abdi maksimal bangsa terus tingkat
"""Polri melalui Polda Nusa Tenggara Barat (NTB) menetapkan 20 tersangka terkait aksi perusakan dan penjarahan saat unjuk rasa 30 Agustus 2025 di Mapolda NTB dan Gedung DPRD NTB. https://t.co/oUOXr2bOgV""",neutral,polri lalu polda nusa tenggara barat ntb tetap 20 sangka kait aksi perusakan penjarahan unjuk rasa 30 agustus 2025 mapolda ntb gedung dprd ntb
"""Polri melalui Polda Nusa Tenggara Barat (NTB) menetapkan 20 tersangka terkait aksi perusakan dan penjarahan saat unjuk rasa 30 Agustus 2025 di Mapolda NTB dan Gedung DPRD NTB. Selengkapnya: https://t.co/drRYQVUl0i #KinerjaLayaniIndonesia https://t.co/E727BAuf76""",neutral,polri lalu polda nusa tenggara barat ntb tetap 20 sangka kait aksi perusakan penjarahan unjuk rasa 30 agustus 2025 mapolda ntb gedung dprd ntb lengkap
"""Polri melalui Polda Nusa Tenggara Barat (NTB) menetapkan 20 tersangka terkait aksi perusakan dan penjarahan saat unjuk rasa 30 Agustus 2025 di Mapolda NTB dan Gedung DPRD NTB. Wujud Upaya Pengabdian Maksimal Kepada Bangsa dan Terus Meningkatkan #KinerjaLayaniIndonesia https://t.co/lSP2rqO18N""",neutral,polri lalu polda nusa tenggara barat ntb tetap 20 sangka kait aksi perusakan penjarahan unjuk rasa 30 agustus 2025 mapolda ntb gedung dprd ntb wujud upaya abdi maksimal bangsa terus tingkat
"""Polri melalui Polda Nusa Tenggara Barat (NTB) menetapkan 20 tersangka terkait aksi perusakan dan penjarahan saat unjuk rasa 30 Agustus 2025 di Mapolda NTB dan Gedung DPRD NTB. Wujud Upaya Pengabdian Maksimal Kepada Bangsa dan Terus Meningkatkan #KinerjaLayaniIndonesia https://t.co/tAiCoYTHHc""",neutral,polri lalu polda nusa tenggara barat ntb tetap 20 sangka kait aksi perusakan penjarahan unjuk rasa 30 agustus 2025 mapolda ntb gedung dprd ntb wujud upaya abdi maksimal bangsa terus tingkat
"""Polri melalui Polda Nusa Tenggara Barat (NTB) menetapkan 20 tersangka terkait aksi perusakan dan penjarahan saat unjuk rasa 30 Agustus 2025 di Mapolda NTB dan Gedung DPRD NTB. Wujud Upaya Pengabdian Maksimal Kepada Bangsa dan Terus Meningkatkan #KinerjaLayaniIndonesia https://t.co/VSjjrbYYMR""",neutral,polri lalu polda nusa tenggara barat ntb tetap 20 sangka kait aksi perusakan penjarahan unjuk rasa 30 agustus 2025 mapolda ntb gedung dprd ntb wujud upaya abdi maksimal bangsa terus tingkat
"""Polri melalui Polda Nusa Tenggara Barat (NTB) menetapkan 20 tersangka terkait aksi perusakan dan penjarahan saat unjuk rasa 30 Agustus 2025 di Mapolda NTB dan Gedung DPRD NTB. https://t.co/gn4Zwxd4cj""",neutral,polri lalu polda nusa tenggara barat ntb tetap 20 sangka kait aksi perusakan penjarahan unjuk rasa 30 agustus 2025 mapolda ntb gedung dprd ntb
"""@RevealJkt @ARSIPAJA Iya yah kenapa pas penjarahan kmaren rumah dia gak sekalian dijarah juga ️""",negative,iya yah pas penjarahan kmaren rumah tidak sekali penjarahan
"""@Anfieldbreath @ARSIPAJA Beda situasi dan kondisi. Ga bisa fotokopi Nepal ke sini. Kejadian rusuh dan penjarahan kemaren yang disini itu juga saya gak yakin itu orang sipil.""",negative,beda situasi kondisi ga fotokopi nepal sini jadi rusuh penjarahan kemaren sini tidak yakin orang sipil
"""penjarahan kota kecil Veldhoven""",negative,penjarahan kota kecil veldhoven
"""Orang² Kemaruk Kapitalis paling benci Sosialisme.. Karena kaum sosialis melihat secara gamblang penjarahan Kekayaan Negara u/ segelintir elit. Mereka selalu menuduh sosialisme identik dengan Komunis Atheist.. Dan itu dijadikan alat menakut-nakuti masyarakat yg tidak faham.""",negative,orang kemaruk kapitalis paling benci sosialisme kaum sosialis lihat gamblang penjarahan kaya negara u gelintir elit selalu tuduh sosialisme identik komunis atheist jadi alat takut nakuti masyarakat tidak faham
"""Mataram NTB Kepolisian Daerah Nusa Tenggara Barat (Polda NTB) resmi menetapkan 20 orang tersangka terkait aksi pengerusakan dan penjarahan yang terjadi di Mapolda NTB dan Gedung DPRD NTB pada unjuk rasa 30 Agustus 2025 lalu. https://t.co/Iny9DQ2Fxh""",neutral,mataram ntb polisi daerah nusa tenggara barat polda ntb resmi tetap 20 orang sangka kait aksi rusa penjarahan jadi mapolda ntb gedung dprd ntb unjuk rasa 30 agustus 2025 lalu
"""@orchidlab7 @jefri_syhrl @txtdrimedia Ya video itu rekaman lama dari masa kampanye Sahroni bukan kunjungan baru pasca-insiden penjarahan. Cek fakta dari sumber seperti https://t.co/1GReZkrEiH mengonfirmasi hal itu.""",negative,video rekam lama masa kampanye sahroni bukan kunjung baru pasca insiden penjarahan cek fakta sumber konfirmasi
"""@PngAdilnR4kyt Dan penjarahan uang masyarakat dibiarkan oleh negara bertahun2...sedih emang. https://t.co/cTOKUI6xVd""",negative,penjarahan uang masyarakat biar negara tahun sedih emang
"""Polda NTB Tetapkan 20 Tersangka Kasus Pengerusakan dan Penjarahan Saat Unjuk Rasa 30 Agustus Mataram NTB Kepolisian Daerah Nusa Tenggara Barat (Polda NTB) resmi menetapkan 20 orang tersangka terkait aksi pengerusakan dan penjarahan yang terjadi di Mapolda NTB dan Gedung DPRD https://t.co/RSyKIC3Nlx""",neutral,polda ntb tetap 20 sangka kasus rusa penjarahan unjuk rasa 30 agustus mataram ntb polisi daerah nusa tenggara barat polda ntb resmi tetap 20 orang sangka kait aksi rusa penjarahan jadi mapolda ntb gedung dprd
"""@andry_vai @gekkopapito Emang koruptor dan keluarganya mnrt lu ga pantes dibully kah?? Oohh look how saint you are... !! Masalah 1 org?? Cb lu inget2 lagi akar mslhnya apa? Bikin postingan buat nyari simpati padahal jelas2 penjarahan di tempat dia bagian dr skenario dan sebabnya jelas knp.""",negative,emang koruptor keluarga mnrt kamu ga pantes dibully oohh look how saint you are masalah 1 org cb kamu inget akar mslhnya apa bikin postingan nyari simpati padahal jelas penjarahan tempat bagi skenario sebab jelas knp
"""Berarti sekarang mereka kena karmanya dong. Disana nggak berempati sama korban kebakaran lah disini jadi korban penjarahan. Dapet karma tuh.""",negative,arti sekarang kena karma dong sana tidak empat sama korban bakar lah sini jadi korban penjarahan dapet karma tuh
""" Glowie Baintelkam @es_twr kemana ya habis fitnahin bu ana buat bikin konflik perkara warna pink? Sama glowies BAIS @hanendra_s (provokator penjarahan etnis) sama @retrilawson (provokator pembakaran fasum) gak pernah keliatan bahas2 aksi lagi kayanya. Apa udh pindah tugas?""",negative,glowie baintelkam habis fitnahin bu ana bikin konflik perkara warna pink sama glowies bais provokator penjarahan etnis sama provokator pembakaran fasum tidak pernah liat bahas aksi kaya apa pindah tugas
"""Mataram NTB Kepolisian Daerah Nusa Tenggara Barat (Polda NTB) resmi menetapkan 20 orang tersangka terkait aksi pengerusakan dan penjarahan yang terjadi di Mapolda NTB dan Gedung DPRD NTB pada unjuk rasa 30 Agustus 2025 lalu. https://t.co/1y28rHS0Lu""",neutral,mataram ntb polisi daerah nusa tenggara barat polda ntb resmi tetap 20 orang sangka kait aksi rusa penjarahan jadi mapolda ntb gedung dprd ntb unjuk rasa 30 agustus 2025 lalu
"""@kompascom 1) Apa si Profesor ini punya bukti tidak ada 'hidden instruction' by intent dibalik Tindakan REPRESIF Aparat? 2) Kegiatan2 melanggar hukum spt penjarahan lahan masyarakat kan banyak yg dibeking Aparat? 3) Aparat dipake sbg Attack Dogs sdh rahasia umum di Republik ini.""",negative,1 apa si profesor punya bukti tidak hidden instruction by intent balik tindak represif aparat 2 giat langgar hukum penjarahan lahan masyarakat kan banyak beking aparat 3 aparat dipake attack dogs rahasia umum republik
"""Imbas beberapa insiden penjarahan rumah pejabat yang lalu para pejabat pun lebih menganggap ancaman diviralkan netizen jadi lebih nyata?""",negative,imbas beberapa insiden penjarahan rumah jabat lalu jabat lebih anggap ancam diviralkan netizen jadi lebih nyata
"""@GoodRecom while anak artis yg di Amerika merasa jdi korban karna penjarahan dan kucing hilang. tapi tetep bisa makan enak hidup nyaman dan tidur nyenyak. you really need to touch some grass asshole!!!""",positive,while anak artis amerika rasa jadi korban karna penjarahan kucing hilang tetep makan enak hidup nyaman tidur nyenyak you really need to touch some grass asshole
"""Huh ga rela banget kucing kucingnya dibalikin. Orang gila mana yang ninggalin keluarganya pas tau akan terjadi penjarahan? Dia bisa menyelamatkan dirinya tapi ninggalin kucing kucingnya. Ga layak sama sekali dia memelihara kucing. """,negative,huh ga rela banget kucing kucing dibalikin orang gila mana ninggalin keluarga pas tau jadi penjarahan selamat diri ninggalin kucing kucing ga layak sama sekali pelihara kucing
"""@strangers__87 @kompascom Solusi untuk insiden penjarahan seperti ini: laporkan ke polisi untuk investigasi pelaku tingkatkan keamanan rumah dengan alarm atau pengawas klarifikasi fakta via media untuk lawan hoaks dan dorong dialog komunitas agar cegah kekerasan serupa. Semoga cepat teratasi.""",neutral,solusi insiden penjarahan lapor polisi investigasi laku tingkat aman rumah alarm awas klarifikasi fakta via media lawan hoaks dorong dialog komunitas cegah keras rupa moga cepat atas
"""@jefri_syhrl @txtdrimedia Ya sepertinya hoax karena tidak ada bukti kunjungan baru pasca-penjarahan. Footage tampaknya lama. Sama-sama!""",negative,seperti hoax tidak bukti kunjung baru pasca penjarahan footage tampak lama sama sama
"""@jefri_syhrl @txtdrimedia Gambar itu tampaknya dari footage asli Sahroni berinteraksi dengan warga di Tanjung Priok tapi sumber menunjukkan kemungkinan klip lama dari kampanye sebelumnya bukan kunjungan baru pasca-insiden penjarahan. Belum ada konfirmasi resmi untuk klaim viral ini.""",negative,gambar tampak footage asli sahroni interaksi warga tanjung priok sumber tunjuk mungkin klip lama kampanye belum bukan kunjung baru pasca insiden penjarahan belum konfirmasi resmi klaim viral
"""@randomable_ bisa disalahgunakan utk alasan penjarahan""",negative,disalahgunakan alas penjarahan
"""Gerakan Agustus 2025 suatu saat nanti akan terungkap siapa yg bermain dibalik penjarahan anggota dewan dan menteri serta pembakaran gedung DPRD di beberapa daerah prosesnya begitu mudah seperti ada pembiaran. #konspirasibusuk""",negative,gera agustus 2025 suatu ungkap siapa main balik penjarahan anggota dewan menteri pembakaran gedung dprd beberapa daerah proses mudah biar
"""Mksd tweet nya apa ya? Ini beda kasus seolah olah menggiring karena ini jadi dijarah gtu rmhnya penjarahan aja seharusnya gaada gaboleh main hakim sendiri.. Ada hukum yg berlaku dan harus ditaati.. Yg bikin tweet ga nyambung""",negative,mksd tweet nya apa beda kasus olah giring jadi penjarahan gtu rmhnya penjarahan gaada gaboleh main hakim sendiri hukum laku taat bikin tweet ga nyambung
"""@kompascom Kok kapok blm ada sebulan penjarahan di ruma pejabat arogan. Dasar diktaktor lupa kalau pejabat tu pesuruh rakyat yg bayar rakyat anjjir n.""",negative,kok kapok belum bulan penjarahan ruma jabat arogan dasar diktaktor kamupa kalau jabat tu suruh rakyat bayar rakyat anjjir n
"""@bachrum_achmadi Seperti biasa mrkpun menikmati tp kesalahannya dilimpahkan ke org dan tdk menutup kemungkinan penjarahan akh agustus kmrn ulh dr krn slm mengusung 10th ga ada tuh rusuh2""",negative,biasa mrkpun nikmat salah limpah org tidak tutup mungkin penjarahan akh agustus kmrn ulh slm usung 10th ga tuh rusuh
"""@HetsiyHetsiy1 @PartaiSocmed Berdasarkan data terkini Prabowo memang menunjukkan sikap rekonsiliatif ke PDIP seperti grasi untuk Hasto Kristiyanto atas kasus korupsi pada Agustus 2025 (sumber: Jakarta Post CNA). Namun pasca-demo rusuh Agustus-September 2025 yang melibatkan penjarahan dan tudingan aktor""",neutral,dasar data kini prabowo memang tunjuk sikap rekonsiliatif pdip grasi hasto kristiyanto atas kasus korupsi agustus 2025 sumber jakarta post cna pasca demo rusuh agustus september 2025 libat penjarahan tuding aktor
"""Ada yg tahu mengapa Pak Prabowo yg begitu baik terhadap PDIP termasuk dalam kasusnya Hasto namun setelah terjadinya demo rusuh dan penjarahan orang2 PDIP seperti tersingkir dari pemerintahan? Tolong jelaskan pada kami. https://t.co/s75ZyjcQZu""",negative,tahu pak prabowo bagus pdip masuk kasus hasto jadi demo rusuh penjarahan orang pdip singkir perintah jelas
"""Aku sih gak akan herman kalo tiba-tiba ini semua cuma pengalihan isu dan fitnah. Masa pada gak belajar sepanjang aksi kemaren? Kita dipaksa buat verifikasi info lebih dari sekali kalo ada mobilisasi sawo dan kedondong korban cedera fisik penjarahan dan konsolidasi aksi.... https://t.co/YI5TOlEDUw""",negative,aku sih tidak herman kalo tiba tiba semua cuma alih isu fitnah masa tidak ajar panjang aksi kemaren paksa verifikasi info lebih sekali kalo mobilisasi sawo kedondong korban cedera fisik penjarahan konsolidasi aksi
"""Cinta Kuya menjadi sorotan karena gaya penulisan dan tata bahasanya saat curhat kronologi penjarahan rumahnya https://t.co/PHLQXqf5Hf""",neutral,cinta kuya jadi sorot gaya tulis tata bahasa curhat kronologi penjarahan rumah
"""@msaid_didu @KPU_ID Hahaha Penjarahan UU ini""",negative,hahaha penjarahan uu
"""@randomable_ Yg jelas sekarang kl mau demo ke DPR sudah tidak efektif...percuma suara rakyat juga tidak terdengar sampai ke dalam. Salut untuk warga Nepal yg mau &amp; bisa merubah keadaan negeri nya dr penjarahan para maling...ya maling ngapain pakai disebut koruptor...sebut saja maling""",negative,jelas sekarang kalau mau demo dpr tidak efektif percuma suara rakyat tidak dengar salut warga nepal mau amp rubah ada negeri nya penjarahan maling maling ngapain pakai sebut koruptor sebut maling
"""Polresta Mataram menetapkan 12 orang tersangka kasus perusakan berujung penjarahan dan pembakaran gedung DPRD NTB dalam unjuk rasa memprotes kenaikan tunjangan anggota DPRD pada 30 Agustus 2025. https://t.co/yOvoBS2437 #beritaNTB""",neutral,polresta mataram tetap 12 orang sangka kasus perusakan ujung penjarahan pembakaran gedung dprd ntb unjuk rasa protes naik tunjang anggota dprd 30 agustus 2025
"""O menarilah menarilah tunjangan puluhan juta tunjangan O menarilah menarilah tunjangan ratusan juta tunjangan O menarilah menarilah bermiliar-miliar bermiliar-miliar tunjangan lamun malam api kota kucing hilang dalam penjarahan nama hilang dalam lindasan""",negative,o tar tar tunjang puluh juta tunjang o tar tar tunjang ratus juta tunjang o tar tar miliar miliar miliar miliar tunjang lamun malam api kota kucing hilang penjarahan nama hilang lindas
"""Baru liat postingan lain. Katanya BB kucingnya cinta kuya yg direscue paska penjarahan kurang lebih satu kilo padahal umurnya 6-7bulan. SATU KILOGRAM. Ini mah malnutrisi Kucing gua aja umur segitu udah berat 5-6kg. Lu apain kucingnya woi cinta kuya? """,negative,baru liat postingan kata bb kucing cinta kuya direscue paska penjarahan kurang lebih satu kilo padahal umur 6 7bulan satu kilogram mah malnutrisi kucing umur segitu berat 5 6kg kamu apain kucing woi cinta kuya
"""Polisi masih buru provokator lain dalam penjarahan rumah Uya Kuya https://t.co/EJYqmAt3FI""",negative,polisi buru provokator penjarahan rumah uya kuya
"""@koganenohikari ini governmentttttttttt jelekkkkkk bukan rich nya yang jadi alasan rich itu bukan parameter yang adil buat melawan orang jahat Harus terulang lagi kah penjarahan orang cina biar paham bahaya laten EatTheRich""",negative,governmentt jelekk bukan rich nya jadi alas rich bukan parameter adil lawan orang jahat ulang penjarahan orang cina biar paham bahaya laten eattherich
"""Polisi masih buru provokator lain dalam penjarahan rumah Uya Kuya https://t.co/EJYqmAsvQa""",negative,polisi buru provokator penjarahan rumah uya kuya
"""@aliAbuAsh @NajwaShihab @MataNajwa @akbarfaizal68 @aniesbaswedan @ARSIPAJA @Puspen_TNI @AlissaWahid @TretanMuslim Ya peristiwa di Nepal baru-baru ini melibatkan protes Gen Z yang menggulingkan pemerintah akibat korupsi dan pengangguran termasuk isu keuangan. Di Indonesia Menkeu Sri Mulyani diberhentikan awal September setelah protes dan penjarahan rumahnya. Kemiripan ada di tekanan rakyat""",negative,peristiwa nepal baru baru libat protes gen z guling perintah akibat korupsi anggur masuk isu uang indonesia menkeu sri mulyani henti awal september protes penjarahan rumah mirip tekan rakyat
"""@DermagaGarely @regar_op0sisi Target baru buat penjarahan""",negative,target baru penjarahan
"""@EmberAntiPecaa @dhaintly Tidak berita itu hoaks. Video/gambar tersebut berasal dari acara kampanye lama Sahroni bukan kejadian baru pasca-penjarahan rumahnya pada Agustus 2025. Tidak ada konfirmasi resmi ia kembali ke Priok. Banyak informasi keliru beredar tentangnya belakangan ini.""",negative,tidak berita hoaks video gambar sebut asal acara kampanye lama sahroni bukan jadi baru pasca penjarahan rumah agustus 2025 tidak konfirmasi resmi priok banyak informasi keliru edar tentang belakang
"""Kenapa kemarin rumah nya lolos dari penjarahan https://t.co/r8tjNgjE28""",negative,kemarin rumah nya lolos penjarahan
"""Provokator Aksi Penjarahan Rumah Uya Kuya Masih Diburu Anggota Polres Metro Jaktim https://t.co/WPmeM5CNIz""",neutral,provokator aksi penjarahan rumah uya kuya buru anggota polres metro jaktim
"""@whenwedumb ga usah dijarah entar kena uu penjarahan loh mending bakar aja rumah bahlull """,negative,ga usah penjarahan entar kena uu penjarahan loh mending bakar rumah bahlull
"""cobalah dgn kerangka logika yang sama taruh logika anda kepada penjarah dan perusuh di bulan agustus 2025. lihatlah anda juga menormalkan penjarahan dan kebrutalan menjadi biasa saja karena panik. betapa rusaknya logika anda! anda menihilkan peran negara. """,negative,coba kerangka logika sama taruh logika jarah rusuh bulan agustus 2025 lihat normal penjarahan brutal jadi biasa panik betapa rusak logika nihil peran negara
"""@projectm_org Penjarahan ruang hidup dan perusakan H̵a̵l̵t̵e̵ lingkungan sedang berlangsung gaess..""",negative,penjarahan ruang hidup perusakan halte lingkung sedang langsung gaess
"""Polisi Masih Buru Provokator Lain Aksi Penjarahan Rumah Uya Kuya Libatkan Tim Siber https://t.co/qny90HrsoB""",neutral,polisi buru provokator aksi penjarahan rumah uya kuya libat tim siber
"""@gelagatcuaca ya itu provokasi sebenarnya video joget diedit seolah joget karena naik gaji terus videonya diupload ke sosmed dan dibuat viral. Masyarakat marah terus ada postingan ajakan demo besar dan akhirnya demo dan penjarahan dimana-mana.""",negative,provokasi benar video joget edit joget naik gaji terus video diupload sosmed buat viral masyarakat marah terus postingan aja demo besar akhir demo penjarahan mana
"""Polres Jaktim Buru Provokator Lain di Balik Penjarahan Rumah Uya Kuya https://t.co/8G9OB5ZhQb""",neutral,polres jaktim buru provokator balik penjarahan rumah uya kuya
"""@VynRichters @ainty0urbae @itsaboutken @peachyslen @Elmer24Matt nyenyenye faktanya kan gk? dia punya control apa bisa urusin bapaknya kalau lu mau cancel bapaknya mati2an bebas walau gw gasetuju sama penjarahan tapi it is what it is si kuya udh nerima ganjaran. lah cinta? tau apa dia lgi di us pake duit kerja dulu tpi dituduh pke duit rakyat""",negative,nyenyenye fakta kan tidak punya control apa urusin bapak kalau kamu mau cancel bapak mati2an bebas gasetuju sama penjarahan it is what it is si kuya nerima ganjar lah cinta tau apa lgi us pake duit kerja dulu tapi tuduh pke duit rakyat
"""@sami86pilang @AntoniusCDN @KejaksaanRI ada yg tahu rumahnya si plester? biar jadi jadwal lokasi penjarahan setelah uya kuya &amp; eko patrio""",neutral,tahu rumah si plester biar jadi jadwal lokasi penjarahan uya kuya amp eko patrio
"""@TirtoID Ada benang merah antara demo besar penjarahan rumah da mundur SMI saham bank turun PBY naik saham rokok naik cukai rokok mau turun""",negative,benang merah demo besar penjarahan rumah da mundur sama saham bank turun pby naik saham rokok naik cukai rokok mau turun
"""@txtdrimedia kemaren penjarahan rumah ngapa ini org ga kena yak - -""",negative,kemaren penjarahan rumah ngapa org ga kena yak
"""Polres Metro Jakarta Timur masih memburu provokator lain dalam aksi penjarahan rumah Anggota Komisi IX DPR (nonaktif) Surya Utama atau Uya Kuya di kawasan Pondok Bambu Duren Sawit Jakarta Timur https://t.co/JJENJA4ozP""",neutral,polres metro jakarta timur buru provokator aksi penjarahan rumah anggota komisi ix dpr nonaktif surya utama uya kuya kawasan pondok bambu duren sawit jakarta timur
"""Polres Metro Jakarta Timur segera mengembalikan dua kucing milik anggota DPR (nonaktif) Surya Utama atau Uya Kuya yang sempat diamankan saat penangkapan pelaku penjarahan di rumahnya di kawasan Pondok Bambu Duren Sawit https://t.co/LD6H8XtYPE""",neutral,polres metro jakarta timur segera kembali kucing milik anggota dpr nonaktif surya utama uya kuya sempat aman tangkap laku penjarahan rumah kawasan pondok bambu duren sawit
"""@NahiMungkar5 @Yusrilihza_Mhd Bnyk kejahatan teroris pembunuhan pencurian pemerkosaan peredaran narkoba penipuan begal tawuran penjarahan penculikan kekrasan rumah tangga penistaan agama dll yg di tangka di ungkap dn diproses hukum namun kita jgn mnutup mata bnyk oknum nah itu msyalah ya..""",negative,bnyk jahat teroris bunuh curi perkosa edar narkoba tipu begal tawur penjarahan culi kekrasan rumah tangga nista agama tangka ungkap dn proses hukum jgn mnutup mata bnyk oknum nah msyalah
"""@noname33274697 @dhaintly Berdasarkan berita terkini hingga 17 September 2025 tidak ada konfirmasi Ahmad Sahroni kembali ke Indonesia atau Priok. Ia masih di luar negeri pasca-insiden penjarahan rumahnya pada 30 Agustus dan banyak hoaks beredar. Gambar itu kemungkinan editan atau dari peristiwa lama.""",negative,dasar berita kini hingga 17 september 2025 tidak konfirmasi ahmad sahroni indonesia priok kamuar negeri pasca insiden penjarahan rumah 30 agustus banyak hoaks edar gambar mungkin edit peristiwa lama
"""@arifbalikpapan1 NEGARA INI TERJEBAK ORLA 22 BERAKHIR KRISIS 32 TH TERJEBAK ORBA BERAKHIR KRISIS 10 TH TERTIPU MULYONO KING LIE DARI SOLO BERAKHIR KRISIS PENJARAHAN PARA PEGAK HUKUM NYA TIDUR @mohmahfudmd @JimlyAs @Yusrilihza_Mhd @bang_dasco POLISINYA TIDUR. https://t.co/fShnZcuz5B""",negative,negara jebak orla 22 akhir krisis 32 th jebak orba akhir krisis 10 th tipu mulyono king lie solo akhir krisis penjarahan pegak hukum nya tidur polisi tidur
"""@anakmamake02 Di kontenin ntar jg dapet duit dari sana sorry bgt kalo salty tapi aku beneran gk suka bgt liat dia dari acara gimmick gk jls blm lg konten dia yg sempet viral di mamarika soal kebakaran gk membenarkan penjarahan anggap ini teguran biar lbh baik lg sbg manusia""",negative,kontenin ntar dapet duit sana sorry banget kalo salty aku beneran tidak suka banget liat acara gimmick tidak jls belum lg konten sempet viral mamarika soal bakar tidak benar penjarahan anggap tegur biar lbh bagus lg manusia
"""@anakmamake02 Nasi udah jadi bubur bubur juga jadi basi. Ga bisa dirubah. Ga membenarkan penjarahan tapi mungkin itu teguran dan jg resiko krna suka flexing joget2.""",negative,nasi jadi bubur bubur jadi basi ga rubah ga benar penjarahan mungkin tegur resiko suka flexing joget
"""Momen Uya Kuya pertama kali datengin rumahnya lagi setelah kejadian penjarahan https://t.co/f3B43BA2s0""",neutral,momen uya kuya pertama kali datengin rumah jadi penjarahan
"""@userxmlf walau aku jga ga trlalu suka dan ngikutin uya2 ini.. tpi jujur penjarahan itu parah bnget sih jdi jatuhnya yg ngejarah sama aja seperti mencuri barang org lain sama kek pejabat yg korupsi.. Jadi sebenarnya indo ini mau kaya atau miskin pun psti ttep ad jiwa korupsi/mencurinya""",negative,aku jga ga trlalu suka ngikutin uya tapi jujur penjarahan parah bnget sih jadi jatuh ngejarah sama curi barang org sama kek jabat korupsi jadi benar indo mau kaya miskin psti ttep ad jiwa korupsi cur
"""@christkeju2 @KangChuangki_01 @realfedinuril @prabowo @pertamina @BudiBukanIntel Buat semuanya aja hati-hati provokasi &amp; hasutan untuk melakukan penjarahan dari penumpang gelap setiap ada aksi masa unjuk rasa. https://t.co/YBpfyFGsBb""",negative,semua hati hati provokasi amp hasut laku penjarahan tumpang gelap aksi masa unjuk rasa
"""@anakmamake02 Imho terlepas dari dia yang blunder dan mulutnya lemes banget ngatain ini itu sebenernya penjarahan juga bukan sesuatu yang bagus untuk didukung sih...""",negative,imho lepas blunder mulut lemes banget ngatain sebenernya penjarahan bukan bagus dukung sih
"""@Naz_lira @DPR_RI Bukan tdk seberani spt nepal..tpi Momennya aja blm ketemu.. sdh kasi warning penjarahan kmaren msh blm jdi pelajaran??""",negative,bukan tidak berani nepal tapi momen belum ketemu kasi warning penjarahan kmaren belum jadi ajar
"""@userxmlf Tindakan pencurian dan penjarahan adalah kriminal jika ada masalah personal sebaik nya tempuh jalur hukum""",negative,tindak curi penjarahan kriminalitas masalah personal baik nya tempuh jalur hukum
"""@prabowo &gt; Kalau beliau nggak mau kerja sama beliau rugi sendiri. Rakyatnya marah sama beliau ujarnya. Tapi yg sus tuh ini. Ngancem apa gimana? Rakyat yang dimaksud seperti [massa] yg menjarah rumah Bu SMI itu kah? Yg punya kode-kode internal untuk mulai penjarahan?""",negative,gt kalau beliau tidak mau kerja sama beliau rugi sendiri rakyat marah sama beliau ujar sus tuh ngancem apa gimana rakyat maksud massa penjarahan rumah bu sama punya kode kode internal mulai penjarahan
"""permasalahan di indo banyak banget sampe mau marahpun bingung mau marah kecewa kesel ke masalah mana dulu sampe cuman bisa diem doang. aku kira tuh moment demo dan penjarahan kemarin udah cukup bikin kapok dan takut para pejabat biar mereka ga aneh aneh""",negative,masalah indo banyak banget sampe mau marah bingung mau marah kecewa kesel masalah mana dulu sampe cuman diem aku kira tuh moment demo penjarahan kemarin cukup bikin kapok takut jabat biar ga aneh aneh
"""@BANGSAygSUJUD @are_inismyname @arum_melasari @askencana @tonybulumanu @jatmiko99604253 @99propaganda @Dyananjani89 @Ndons_Back @florieliciouss @Kimberley_PS08 Kenapa si Om yakin sekali jembatan ini aman dari penjarahan?""",positive,si om yakin sekali jembatan aman penjarahan
"""@anakmamake02 Dikira penjarahan itu cap ci cup kembang kuncup.""",negative,kira penjarahan cap ci cup kembang kuncup
"""Ga membenarkan penjarahan sama sekali Tapi ya Lo minimal punya OTAK mikir sebelum ngomong gausah ngebadut. Yaudah sih kan lo ARTIS~ Beberes aja gausah kontan konten. Gaji lo dari rakyat aja belagu Lo monyet. Playvic NAJIS KNTL""",negative,ga benar penjarahan sama sekali lo minimal punya otak mikir ngomong gausah ngebadut yaudah sih kan lo artis beberes gausah kontan konten gaji lo rakyat belagu lo monyet playvic najis kntl
"""Tidak membenarkan perilaku penjarahan tapi biar jadi pelajaran kalo ngomong mikir dulu""",negative,tidak benar perilaku penjarahan biar jadi ajar kalo ngomong mikir dulu
"""@anakmamake02 Berapa banyak keluarga anak istri suami adik ipar mertua ponakan &amp; karyawan yang anda hina &amp; rendahkan sebelum penjarahan terjadi""",negative,berapa banyak keluarga anak istri suami adik ipar mertua ponakan amp karyawan hina amp rendah penjarahan jadi
"""Setelah ada demo dan penjarahan di Indo dan Nepal ternyata kelakuan politisi bangke ini masih sama aja ga ada kapoknya. Minimal ngundurin diri pun enggak kaya di negara-negara maju dan punya malu di luar sana. Di sini malah ada yang bangga jadi penjilat anjrit absurd bener.""",negative,demo penjarahan indo nepal nyata laku politis bangke sama ga kapok minimal ngundurin diri enggak kaya negara negara maju punya malu kamuar sana sini malah bangga jadi jilat anjrit absurd bener
"""Ini pasca penjarahan dan pengrusakan rumah itu Ahmad Sahroni tetaplah Ahmad Sahroni duitnya masih banyak. Memang benar kejadian kemarin bikin rugi tapi dia bisa ngumpulin uang lagi buat beli-beli barang yang rusak atau hilang. Orang selama sumber duit aman mau diapain mah...""",negative,pasca penjarahan rusa rumah ahmad sahroni tetap ahmad sahroni duit banyak memang benar jadi kemarin bikin rugi ngumpulin uang beli beli barang rusak hilang orang lama sumber duit aman mau diapain mah
"""@NasbiHasan Belum dua bulan sejak demo besar. Kayaknya penjarahan pun nggak akan bikin jera seseorang undang Madam Guillotine bertamu. Sudah saatnya pekan kebudayaan Perancis dirayakan.""",positive,belum bulan sejak demo besar kayak penjarahan tidak bikin jera orang undang madam guillotine tamu saat pekan budaya perancis raya
"""@DokterTifa Sudah gelap mata gak ada pilihan lain buat menjaga kelanggengan penjarahan RI bocah debil pecandu ubas pun dipaksakan jadi wapres!""",negative,gelap mata tidak pilih jaga langgeng penjarahan ri bocah debil candu ubas paksa jadi wapres
"""@Kamandanuarya7 @DS_yantie Mungkin itu foto sebelum penjarahan. To memang jam nya sudah dibalikin warga miskin yg punya akhlak dan harga diri gak seperti yg punya jam.""",negative,mungkin foto penjarahan to memang jam nya dibalikin warga miskin punya akhlak harga diri tidak punya jam
"""bekerja untuk mempertahankan penjajahan penjarahan SDA penindasan &amp; pengeksploitasian rakyat Indonesia oleh Imperialis Kapitalis Barat &amp; kacung2 mereka para elit &amp; oligarki Indonesia. Pernah kalian memprotes kenaikan penjahat HAM pengkhianat biadab anak antek CIA jd Presiden https://t.co/aSqK4b5dSh""",negative,kerja tahan jajah penjarahan sda tindas amp eksploitasi rakyat indonesia imperialis kapitalis barat amp kacung elit amp oligarki indonesia pernah kalian protes naik jahat ham khianat biadab anak antek cia jadi presiden
"""@somexthread Mungkin pas lagi penjarahan dia di toilet sambil ngeteh https://t.co/3i2Rbzvw7v""",negative,mungkin pas penjarahan toilet ngeteh
"""@prabsubiabia @PutraTammami @K0TOISHINARU Bisa terbang ke LN habis dijarah. Densu kalau ga salah ada ngomong h-1 penjarahan dia ke rumah doi dan doi ada di rumah.""",negative,terbang ln habis penjarahan densu kalau ga salah ngomong h 1 penjarahan rumah doi doi rumah
"""@KompasTV ayo Jendral Listyo Sigit mundur berilah contoh terbaik utk bangsa! Di negara beradab Pejabat yg tdk becus dlm tugasnya seperti nangani demo kerusuhan penjarahan ada korban jiwa maka Pejabat tsb mundur minta maaf ke rakyatnya. Ini sikap baik utk dicontoh utk pejabat lain.""",positive,ayo jendral listyo sigit mundur ilah contoh bagus bangsa negara adab jabat tidak becus tugas nangani demo kerusuhan penjarahan korban jiwa jabat tsb mundur minta maaf rakyat sikap bagus contoh jabat
"""@sundayjawa Persis. Penjarahan tas. Ubrak2 tas. Geledah geledah APA HAK NYA. GAK ADA. KEBIASAAN JD TUKANG SEROBOT.""",negative,persis penjarahan tas ubrak tas geledah geledah apa hak nya tidak biasa jadi tukang serobot
"""Kapolri Akui Penanganan Penjarahan Rumah Sri Mulyani Lebih Sulit daripada Kerusuhan Biasa https://t.co/DuUkPA9sIk lewat @Keuangan News https://t.co/1AV1zL8hgv""",neutral,kapolri aku tangan penjarahan rumah sri mulyani lebih sulit kerusuhan biasa lewat news
"""@randomable_ saya termasuk orang yang sangat menentang penjarahan apapun alasannya penjarahan adalah pidana berat""",negative,masuk orang sangat tentang penjarahan apa alas penjarahan kriminalitas berat
"""@K0TOISHINARU Kalo Sri mulat lari kemana dia pas penjarahan?""",negative,kalo sri mulat lari pas penjarahan
"""iya toilet di rumah singapur. nonton video penjarahan sambil berak""",negative,iya toilet rumah singapur nonton video penjarahan berak
"""@bakwanlover @LVIAHE @somexthread Iya paham kamar mandinya banyak. Tapi perlu diingat kalo ini adalah proses PENJARAHAN yang didasari AMARAH. Tujuannya pasti merusak dan mengambil benda berharga. Mana ada orang menjarah pilih2 ruangan Ah ini ruangan kayaknya ga ada apa2nya ga usah deh GA MUNGKIN LAHH """,negative,iya paham kamar mandi banyak perlu ingat kalo proses penjarahan dasar amarah tuju perusakan ambil benda harga mana orang penjarahan pilih ruang ah ruang kayak ga apa2nya ga usah deh ga mungkin lahh
"""Kapolri soal penjarahan rumah pejabat: Lebih kompleks susah diprediksi. https://t.co/OWhDzmsVYT""",negative,kapolri soal penjarahan rumah jabat lebih kompleks susah prediksi
"""@AdhieMassardi Kementerian BUMN dibubarkan modus hilangkan barbuk penjarahan BUMN.""",negative,menteri bumn bubar modus hilang barbuk penjarahan bumn
"""@txtdrimedia Lah katanya lg d luar negri pas penjarahan gimana si berita""",negative,lah kata lg d kamuar negri pas penjarahan gimana si berita
"""@Ary_PrasKe2 Pas tahu ada penjarahan dia itu keluar dulu nyari sawah di bekasi terus balik lagi ke toilet lantai 4 bawa tanah dan debu. Abis itu dilumuri deh muka dan kupingnya biar gak dikenali selama 7 jam. Semudah itu penjelasannya.""",negative,pas tahu penjarahan keluar dulu nyari sawah bekas terus balik toilet lantai 4 bawa tanah debu abis lumur deh muka kuping biar tidak nali lama 7 jam mudah jelas
"""@tempodotco percaya?gw ENGGA. dia sebelum penjarahan juga ada foto2nya lagi di bandara kok.""",negative,percaya engga penjarahan foto2nya bandara kok
"""@durakeen Pas tahu ada penjarahan dia itu keluar dulu nyari sawah di bekasi terus balik lagi ke toilet lantai 4 bawa tanah dan debu. Abis itu dilumuri deh muka dan kupingnya biar gak dikenali selama 7 jam. Semudah itu penjelasannya.""",negative,pas tahu penjarahan keluar dulu nyari sawah bekas terus balik toilet lantai 4 bawa tanah debu abis lumur deh muka kuping biar tidak nali lama 7 jam mudah jelas
"""@Rimmer48 @txtdrimedia Dia pakai tanah untuk mengotori wajahnya agar tidak dikenali penjarah saat bersembunyi di WC selama 7 jam. Itu bagian dari upaya menyamarkan diri selama kejadian penjarahan di rumahnya.""",negative,pakai tanah kotor wajah tidak nali jarah sembunyi wc lama 7 jam bagi upaya samar diri lama jadi penjarahan rumah
"""@KompasTV Tidak terdeteksi? penjarahan terjadi 2 gelombang! habis gelombang pertama ga ada tuh polisi dgn jumlah yy cukup yg bergerak ke sana! memang kalian ga guna!!""",negative,tidak deteksi penjarahan jadi 2 gelombang habis gelombang pertama ga tuh polisi jumlah yy cukup gerak sana memang kalian ga
"""Hanya walimurid dan mahasiswa yg bs hentikan program babi MBG ini..lakukan penjarahan dan tutup paksa seluruh dapur MBG diwilayah masing2 secara serentak di seluruh indonesia""",negative,walimurid mahasiswa bs henti program babi mbg laku penjarahan tutup paksa seluruh dapur mbg wilayah masing serentak seluruh indonesia
"""@somexthread Ngumpet di kamar mandi cenah orang lu udah kabur dari h-1 penjarahan yang katanya lu udah di kasih tau kalau bakal di jarah""",negative,ngumpet kamar mandi cenah orang kamu kabur h 1 penjarahan kata kamu kasih tau kalau bakal jarah
"""@_riverheaven Nasdem sedang dihabisi termasuk penjarahan dirumah sahroni. Jadi tahu kan siapa dalang sebenarnya""",negative,nasdem sedang habis masuk penjarahan rumah sahroni jadi tahu kan siapa dalang benar
"""@akbarfaizal68 Nasdem sedang dihabisi. Termasuk penjarahan dirumah sahroni. Jadi tahu kan siapa dalang sebenarnya""",negative,nasdem sedang habis masuk penjarahan rumah sahroni jadi tahu kan siapa dalang benar
"""@DS_yantie Nasdem sengaja dihabisi termasuk penjarahan dirumah sahroni. Jadi kebuka kan akhirnya siapa dalangnya?""",negative,nasdem sengaja habis masuk penjarahan rumah sahroni jadi buka kan akhir siapa dalang
"""@FaGtng Nasdem sengaja dihabisi. Termasuk penjarahan dirumah sahroni. Jadi kebuka kan akhirnya siapa dalangnya""",negative,nasdem sengaja habis masuk penjarahan rumah sahroni jadi buka kan akhir siapa dalang
"""@mikuroQ @hope_emak Nasdem sengaja dihabisi. Termasuk penjarahan dirumah sahroni. Jadi kebuka kan siapa dalangnya""",negative,nasdem sengaja habis masuk penjarahan rumah sahroni jadi buka kan siapa dalang
"""@BosPurwa Nasdem sengaja d8habisi. Termasuk penjarahan di rumah sahroni. Jadi tahu kan siapa dalangnya?""",negative,nasdem sengaja d8habisi masuk penjarahan rumah sahroni jadi tahu kan siapa dalang
"""Bentaaaaar deh Itu penjarahan kan ga lama ya Dinyatakan tidak ada di rumah Ujug ujug ngising 7jam ngetokke trek apa pie?""",negative,bentaar deh penjarahan kan ga lama nyata tidak rumah ujug ujug ngising 7jam ngetokke trek apa pie
"""@CarolineLukita @txtdrimedia kan ada boh beritanya dia ogah balik ke indo pas setelah penjarahan lah pake ilmu apa nih tiba bilang ngumpet aja di WC yang naikin ni berita di bayar berapa sih """,negative,kan boh berita ogah balik indo pas penjarahan lah pake ilmu apa nih tiba bilang ngumpet wc naikin ni berita bayar berapa sih
"""@Mdy_Asmara1701 Justru mundur tidak ada penjarahan masih menjabat tinggal perintah sini sana situ buat ramee...jadilah...trik politik lama semua rakyat paham penjarahan dan perusakan fasum dikoordinir sesuai perintah...kejahatan pasti berbalas negeri ini lahir dari banyak doa..🇲🇨🇲🇨""",negative,justru mundur tidak penjarahan jabat tinggal perintah sini sana situ ramee jadi trik politik lama semua rakyat paham penjarahan perusakan fasum dikoordinir sesuai perintah jahat balas negeri lahir banyak doa
"""Mantan Sekretaris FPI Ditangkap Diduga Terlibat Klaster Penjarahan Aksi Ricuh - News https://t.co/hWLOQzhmWK https://t.co/iJPEi9G6E9 Download Opera News untuk berita terbaik lainnya! https://t.co/fKiHrDUvmi""",neutral,mantan sekretaris fpi tangkap duga libat klaster penjarahan aksi ricuh news download opera news berita bagus lain
"""Sahroni waktu penjarahan ada di rumah nyamar pake debu biar ga dikenal orang. Kayak drama penyamaran India sat""",negative,sahroni waktu penjarahan rumah nyamar pake debu biar ga kenal orang kayak drama samar india sat
"""Ini baru JOSS. Pemimpin yg mengayomi rakyatnya dari penjarahan SDA dari para MALING/GARONG. https://t.co/1brCjMMVgd""",negative,baru joss pimpin ayom rakyat penjarahan sda maling garong
"""@dhaintly Sebenci apapun sama Sahroni perusakan dan penjarahan rumahnya tetap aja itu kriminalitas yg harus diusut tuntas""",negative,benci apa sama sahroni perusakan penjarahan rumah tetap kriminalitas usut tuntas
"""@tempodotco pas penjarahan atau sehari sblmnya (lupa) bukannya ada orang yg liat dia di bandara ya?""",negative,pas penjarahan hari sblmnya kamupa bukan orang liat bandara
"""Boong ges Pas penjarahan itu orangnya ada di Arab Saudi Info dari keluarga w yg jabatannya mayan di Nasdem """,negative,boong ges pas penjarahan orang arab saudi info keluarga w jabat mayan nasdem
"""@tempodotco Lah kan banyak video penjarahan rumahnya masa smpe kamar mandi gk tau""",negative,lah kan banyak video penjarahan rumah masa samape kamar mandi tidak tau
"""Hari ini @Heraloebss resmi melaporkan Ferry Irwandi ke Polda Sumut. Pemicunya: postingan fitnah yg menuduh Hera sebagai provokator demo yg berujung kerusuhan &amp; penjarahan. Kritik boleh beda pendapat sah. Tapi menuduh tanpa bukti = pencemaran nama baik. https://t.co/U9g9DqV4EH""",negative,hari resmi lapor ferry irwandi polda sumut picu postingan fitnah tuduh hera provokator demo ujung kerusuhan amp penjarahan kritik beda dapat sah tuduh bukti cemar nama bagus
"""@tempodotco Gk logic sih mnrtku klo i jadi dia mnding kluar hdapin wrga ketmbng rmah hncur &amp; brg2 dijarah org2 trus mobilny jga sdah dipndahkan duluan brarti dia ud wanti2 dr awal feelingku dia buat pernytaan ini utk memncing pelaku penjarahan yg msih blum trtangkap buat kluar speakup sih""",negative,tidak logic sih mnrtku kalau i jadi mnding kalauar hdapin wrga ketmbng rmah hncur amp brg penjarahan org trus mobilny jga sdah dipndahkan duluan brarti ud wanti awal feelingku pernytaan memncing laku penjarahan msih blum trtangkap kalauar speakup sih
"""@abu_waras Wakakak pantes Bareskrim rilis dalang penjarahan pasutri eks fpi wow mau ada rekonsiliasi rupanya. You know isilop""",negative,wakakak pantes bareskrim rilis dalang penjarahan pasutri eks fpi wow mau rekonsiliasi rupa you know isilop
"""Wajah Dilumuri Tanah Kisah Ahmad Sahroni 'Lolos' Dari Amukan Massa Saat Penjarahan https://t.co/aohyA0vVl3""",negative,wajah lumur tanah kisah ahmad sahroni lolos amuk massa penjarahan
"""@phoenixrip21 @somexthread Saya ga mendukung penjarahan tapi dari situ kliatan sih pejabat lebih takut miskin daripada sumpah kitab pra jabat""",negative,ga dukung penjarahan situ kliatan sih jabat lebih takut miskin sumpah kitab pra jabat
"""Percaya gak percaya sih (pas h-berapa sebelum penjarahan kan dia sempat pergi keluar negeri kan?)""",negative,percaya tidak percaya sih pas h berapa penjarahan kan sempat pergi keluar negeri kan
"""Di toilet rumah yg di jarah ??? Penjarahan yg terencana""",negative,toilet rumah jarah penjarahan rencana
"""@JunijarDimas @RestyeCayah @grok Bukan penampakan...wajahnya beda banget..lihat aja dgn teliti ..soalnya mulyono masih harus tampil ..biar rakyat fokus untuk membullynya menghujatnya..lupa dgn kasus2 korupsi penjarahan ..""",negative,bukan tampak wajah beda banget lihat teliti soal mulyono tampil biar rakyat fokus membullynya hujat kamupa kasus korupsi penjarahan
"""@vianratulangi @Xura2505 @POTUS Wkwkw dasar antek2 zionis video bantuan makanan dibilang penjarahan suka banget bohong dan propaganda kalau gak gtu gak makan ya?""",negative,wkwkw dasar antek zionis video bantu makan bilang penjarahan suka banget bohong propaganda kalau tidak gtu tidak makan
"""@mariegoldiefish @tempodotco Temen lu berarti boong wkwkwkkwkw orang dia confirm di Jakarta kok pas ada penjarahan""",negative,temen kamu arti boong wkwkwkkwkw orang confirm jakarta kok pas penjarahan
"""@kompascom Anda bekerja luar biasa segera membalikkan keadaan tentu secara bersama-sama dengan TNI dan masyarakat yang terganggu dengan perusakan dan penjarahan lanjut jalankan tugas hingga pensiun dah geetuu aja he he he""",negative,kerja kamuar biasa segera balik ada sama sama tni masyarakat ganggu perusakan penjarahan lanjut jalan tugas hingga pensiun dah geetuu he he he
"""Dikira orang indo pada bodoh semua kali yaa Kalau nih cerita bener berarti yang di bandara sebelum penjarahan itu kembarannya yang dipisahkan sama Ortunya berarti """,negative,kira orang indo bodoh semua kali yaa kalau nih cerita bener arti bandara penjarahan kembar pisah sama ortunya arti
"""@_jsuh dikira satu tanah air gatau apa ya pas penjarahan pd gotongin peralatan kamar mandinya tuh gada dia HAHAHA""",negative,kira satu tanah air gatau apa pas penjarahan gotongin alat kamar mandi tuh tidak hahaha
"""@kompascom moril polisi itu udah jatuh dari jauh hari bahkan dari aq umur belasan tahun bukan penjarahan 2025""",negative,moril polisi jatuh jauh hari bahkan aq umur bas tahun bukan penjarahan 2025
"""12 Pelaku penjarahan rumah Ahmad Sahroni telah ditangkap Polisi kini ditetapkan sebagai tersangka https://t.co/zWGWQNLt1H""",neutral,12 laku penjarahan rumah ahmad sahroni tangkap polisi kini tetap sangka
"""@BebySoSweet Mencuri dalam kebutuhan yang mendesak...ditengah sulitnya mencari lapangan kerja akibat maraknya penjarahan uang negara oleh KORUPTOR.""",negative,curi butuh desak tengah sulit cari lapang kerja akibat marak penjarahan uang negara koruptor
"""@ARSIPAJA Demo nya terlalu melebar sih .pembakaran penjarahan .kalo sampe gk ada tersangka ya tanda tanya jg bwt hukum di indo .""",negative,demo nya terlalu lebar sih pembakaran penjarahan kalo sampe tidak sangka tanda tanya bwt hukum indo
"""@kompascom Penyebabnya adalah titik penjarahan biasanya menyebar bukan hanya di satu lokasi saja. Namun kalau aksi penjarahan ini memang jauh lebih sulit. Karena apa? Terjadinya biasanya pasca kerusuhan dan titiknya juga menyebar. Tidak di satu titik aku Sigit. Nah itu bpk paham """,negative,sebab titik penjarahan biasa sebar bukan satu lokasi kalau aksi penjarahan memang jauh lebih sulit apa jadi biasa pasca kerusuhan titik sebar tidak satu titik aku sigit nah bpk paham
"""Klo udah masup penjarahan bisa gak TNI masup? gak ngerti eike """,negative,kalau masup penjarahan tidak tni masup tidak ngerti eike
"""Kapolri Jenderal Listyo Sigit Prabowo mengungkapkan alasan mengapa polisi kesulitan dalam mencegah aksi penjarahan terhadap rumah sejumlah pejabat mulai dari menteri hingga anggota DPR. Baca selengkapnya https://t.co/pAYO9ChtSg ~LL #Kapolri #Penjarahan https://t.co/6SveADtHHP""",neutral,kapolri jenderal listyo sigit prabowo ungkap alas polisi sulit cegah aksi penjarahan rumah jumlah jabat mulai menteri hingga anggota dpr baca lengkap ll
"""@tempodotco Bukan nya doi kabur ke LN pas penjarahan""",negative,bukan nya doi kabur ln pas penjarahan
"""@matchajusrumput yeehh dah kek penjarahan""",negative,yeehh dah kek penjarahan
"""@kompascom @heri1618 Sependapat mestinya jargon melindungi mengayomi ....itu di ganti karena sdh tidak sesuai lagi dgn fakta saat ini kejadian penjarahan di mana2 bukti aparat tidak hadir dn seolah2 di biarkan terjadi""",negative,dapat mesti jargon lindung ayom ganti tidak sesuai fakta jadi penjarahan mana bukti aparat tidak hadir dn biar jadi
"""@tanyakanrl pengepungan di bukit duri bukan soal pejabat sih lebih ke penjarahan mirip kan sama kejadian kapan lalu""",negative,kepung bukit duri bukan soal jabat sih lebih penjarahan mirip kan sama jadi kapan lalu
"""@2KangKomen @tempodotco Ini maksudnya dia ada di rumah saat penjarahan? Dan darimana pula ada tanah dan debu? Emang gak bakal.keliatan kalo mukanya dilumuri debu dan tanah? Ealaah ron ron... dildo aja lu gedein gak usah gede2in cerita""",negative,maksud rumah penjarahan darimana tanah debu emang tidak bakal liat kalo muka lumur debu tanah ealaah ron ron dildo kamu gedein tidak usah gede2in cerita
"""@tempodotco Biar apa si? Penjarahan itu udah salah kok. Tapi gausah digoreng dan malah dibikin narasi yang mendramatisir keadaan om Sahroni.""",negative,biar apa si penjarahan salah kok gausah goreng malah bikin narasi mendramatisir ada om sahroni
"""Ealah apa gak sadar blok foto lu di business class udh kesebar pas penjarahan!! Gila nih org halu juga kek atasannya. Ke psikolog deh lu.""",negative,ealah apa tidak sadar blok foto kamu business class sebar pas penjarahan gila nih org halu kek atas psikolog deh kamu
"""@tempodotco Ntar kan dia lagi di luar negeri waktu itu penjarahan terjadi kok dia bisa teleport ke toilet?""",negative,ntar kan kamuar negeri waktu penjarahan jadi kok teleport toilet
"""Kapolri Jenderal Listyo Sigit Prabowo membeberkan bahwa moril polisi sempat jatuh ketika terjadi kerusuhan dan penjarahan di mana-mana pasca-demo Agustus 2025 lalu. Baca selengkapnya https://t.co/CH4CDWO1Of ~LL #MorilPolisi #Kerusuhan https://t.co/g3pGWHWuSm""",neutral,kapolri jenderal listyo sigit prabowo beber moril polisi sempat jatuh jadi kerusuhan penjarahan mana mana pasca demo agustus 2025 lalu baca lengkap ll
"""@tempodotco Bentar bukannya saat penjarahan dia kan ngumpet di Singapura di berita yg netizen kirim kok sekarang ganti?""",negative,bentar bukan penjarahan kan ngumpet singapura berita netizen kirim kok sekarang ganti
"""@dhaintly Hoax saat penjarahan dia sudah di singapura baca berita sebelum ngonten""",negative,hoax penjarahan singapura baca berita ngonten
"""@cakrawala_jagad Yang ngetweet minta maaf fake accountnya si Sahroni confirm kok dia emang di Jakarta pas penjarahan di podcastnya Densu yang sama Ferry dia bilang https://t.co/jm7U1VXBUe""",negative,ngetweet minta maaf fake accountnya si sahroni confirm kok emang jakarta pas penjarahan podcastnya densu sama ferry bilang
"""@difi227186 @tempodotco Salah pas penjarahan dia emang lagi di Jakarta confirm by densu https://t.co/H992BSY8Rj""",neutral,salah pas penjarahan emang jakarta confirm by densu
"""@lavaree1031 Emang suruhan. Di tempo udah di spill skenario terkait penjarahan itu""",negative,emang suruh tempo spill skenario kait penjarahan
"""@tempodotco Kalau gk salah kata Deni Sumargo dia ketemuan sama Sahroni di hari penjarahan""",neutral,kalau tidak salah kata den sumargo ketemu sama sahroni hari penjarahan
"""@MourimBall @rivapirngadie @tempodotco siapa yg confirm pas penjarahan sahroni di jkt?""",neutral,siapa confirm pas penjarahan sahroni jkt
"""@carpentzer Yang fofo di airpor itu sebelum penjarahan confirm by densu sm ferry dia di jakarta""",negative,fofo airpor penjarahan confirm by densu sama ferry jakarta
"""@akuaisahhh Hoax itu fotonya sebelum ada penjarahan confirm by densu sm ferry""",negative,hoax foto penjarahan confirm by densu sama ferry
"""@belajarcuriga @tempodotco Berdasarkan laporan terbaru dari https://t.co/qloLQt0VQt (25 Sep 2025) Ahmad Sahroni mengaku terjebak di toilet rumahnya selama 7 jam saat penjarahan pada 30 Agustus. Meski ada rumor ia kabur ke Singapura atau Jerman sekitar akhir Agustus (dari sumber seperti Tribunnews dan""",neutral,dasar lapor baru 25 sep 2025 ahmad sahroni aku jebak toilet rumah lama 7 jam penjarahan 30 agustus meski rumor kabur singapura jerman akhir agustus sumber tribunnews
"""@tempodotco Harus diungkap dan ditangkap dalang dan pelaku penjarahan""",negative,ungkap tangkap dalang laku penjarahan
"""Kerugian penjarahan diklaim mencapai Rp80 miliar. Warga sempat menutup akses gang pasca-kejadian kini kondisi disebut sudah normal. Penyerangan rumah Sahroni dipicu pernyataannya yang menolak tuntutan pembubaran DPR. Ia menyebut pihak-pihak yang mengusulkan hal https://t.co/U0cVzll9LW""",neutral,rugi penjarahan klaim capai rp miliar warga sempat tutup akses gang pasca jadi kini kondisi sebut normal serang rumah sahroni picu nyata tolak tuntut bubar dpr sebut pihak pihak usul
"""@DivHumas_Polri KPAI akan berbicara jika sudah ada anak yg jadi korban Ketika Anak sebagai pelaku sebagaimana terlihat di banyak video penjarahan yg yg melibatkan anak-anak viral KPAI bisa apa?""",negative,kpai bicara anak jadi korban anak laku bagaimana lihat banyak video penjarahan libat anak anak viral kpai apa
"""@tempodotco Katanya ga di rumah saat terjadi penjarahan itu tapi sekarang bilang kalau terjebak di toilet ealah karepmu Son... Son... eh Ron... Ron... """,negative,kata ga rumah jadi penjarahan sekarang bilang kalau jebak toilet ealah karepmu son son eh ron ron
"""Kapolri Jenderal Listyo Sigit Ngaku Sulit Cegah Aksi Penjarahan Rumah Pejabat Sebut Tak Terdeteksi https://t.co/sK9lN6tYet lewat @tribunnews""",neutral,kapolri jenderal listyo sigit ngaku sulit cegah aksi penjarahan rumah jabat sebut tak deteksi lewat
"""@DivHumas_Polri Bedain mana pendemo mana yg cuma update status sama pelaku rusuh Dan penjarahan aja gak bisa!""",negative,bedain mana demo mana cuma update status sama laku rusuh penjarahan tidak
"""@DivHumas_Polri Nyatanya yg cuma update status aktivis kolektor buku yg jelas2 gak ada hubungannya sama rusuh Dan penjarahan ditangkepin juga""",negative,nyata cuma update status aktivis kolektor buku jelas tidak hubung sama rusuh penjarahan ditangkepin
"""Ada cerita menarik mengenai kerusuhan dan penjarahan Agst 2025 siapa yg bertanggung jawab Pemain awal cuma satu agen ternyata ada agen lain yg bergerak hingga bentrokan antara agen di lapangan pemain awal tidak menyangka akan terjadi kerusakan hingga tidak bisa terkendali.""",negative,cerita tarik kena kerusuhan penjarahan agst 2025 siapa tanggung jawab main awal cuma satu agen nyata agen gerak hingga kerusuhan agen lapang main awal tidak sangka jadi rusa hingga tidak kendali
"""@Antihoax___ @Heraloebss Nyatanya yg ditangkepin banyak yg gak ada hubungannya sama rusuh Dan penjarahan""",negative,nyata ditangkepin banyak tidak hubung sama rusuh penjarahan
"""52 Pelaku Penjarahan Rumah Sahroni hingga Sri Mulyani Ditangkap Polisi Simak Selengkapnya : https://t.co/1HCbM9nHp2 Baca artikel lainnya di : https://t.co/fH6UsGK7Aw #News #Most1058 #Penjarahan #Sahroni #SriMulyani #Polisi""",neutral,52 laku penjarahan rumah sahroni hingga sri mulyani tangkap polisi simak lengkap baca artikel lain
"""@RestyeCayah @KPK_RI Ini ceritanya maling ketahuan lalu diserahkan urusannya kpd maling juga lalu yg terjadi skrg runding bagi2 hasil jarahannya belum deal makanya harap bersabar para2 rakyat NKRIhargamati yg masih berminat mengikuti berita kasus penjarahan dan tipu2 duit haji ini""",negative,cerita maling tahu lalu serah urus kpd maling lalu jadi skrg runding hasil jarah belum deal makanya harap sabar rakyat nkrihargamati minat ikut berita kasus penjarahan tipu duit haji
"""Polri Tetapkan 52 Tersangka Penjarahan Rumah Uya Kuya Nafa Urbach Sri Mulyani dan Ahmad Sahroni saat Kerusuhan Agustus 2025 https://t.co/DnlloMRE7K""",neutral,polri tetap 52 sangka penjarahan rumah uya kuya nafa urbach sri mulyani ahmad sahroni kerusuhan agustus 2025
"""Di antara 295 anak yang ditangkap dan dijemput paksa Farhan adalah salah satunya. Farhan ditangkap secara serampangan paska dituduh melakukan pengrusakan dan penjarahan. Farhan hanya ingin melanjutkan sekolahnya namun ia terancam dikeluarkan pihak sekolah akibat penahanan ini. https://t.co/lX17caI8OE""",negative,295 anak tangkap jemput paksa farhan salah satu farhan tangkap serampang paska tuduh laku rusa penjarahan farhan lanjut sekolah ancam keluar pihak sekolah akibat tahan
"""@abuhamzahzaidan @OposisiCerdas Halo! Saya Grok dari xAI. Saya berfokus pada fakta bukan fitnah. Berita ini didukung sumber seperti Tribunnews dan Detik: pasutri SB &amp; G tersangka hasut penjarahan rumah pejabat SB simpatisan FPI. Jika ada klaim spesifik saya bisa verifikasi dengan sumber beragam. Apa yang""",negative,halo grok xai fokus fakta bukan fitnah berita dukung sumber tribunnews detik pasutri sb amp g sangka hasut penjarahan rumah jabat sb simpatisan fpi klaim spesifik verifikasi sumber agam apa
"""Memang paling aman nyimpen uang itu di kutang ... Di jamin bebas dari penjarahan maupun pembobolan...""",positive,memang paling aman nyimpen uang kutang jamin bebas penjarahan maupun bobol
"""Bareskrim Ungkap Total 959 Tersangka Kerusuhan Demo Hingga Penjarahan Agustus Lalu | KOMPAS SIANG https://t.co/3SlTZqA7EX""",neutral,bareskrim ungkap total 959 sangka kerusuhan demo hingga penjarahan agustus lalu kompas siang
"""Tanya: Syarat utk jd kandidat kuat Kapolri hrs berani mengulik segala yg terafiliasi FPI/HTI ya P'@prabowo @Gerindra (bos Prof.@bang_dasco P'@MuzaniGerindra @Fraksi_Gerindra om: @sjafriesjams @fadlizon @A_rizapatria &amp; @Dahnilanzar).? https://t.co/itRk9G6H0Q""",neutral,tanya syarat jadi kandidat kuat kapolri hrs berani ulik segala afiliasi fpi hti p bos prof p om amp
"""@B3doel___ Respon masyarakat soal penjarahan dan demo anarkis: hanya kenakalan biasa """,negative,respon masyarakat soal penjarahan demo anarkis nakal biasa
"""Kalau suatu saat pendukung israel di indonesia menjadi target bounty &amp; penjarahan ketika terjadi kericuhan masal saya bener-bener ga bisa nolongin terutama di Jogja.""",negative,kalau suatu dukung israel indonesia jadi target bounty amp penjarahan jadi ricuh masal bener bener ga nolongin utama jogja
"""Penjarahan yg ngajarin ternyata....? https://t.co/cLx3i6eKYm""",negative,penjarahan ngajarin nyata
"""Gonjang ganjing penjarahan dan tuntutan 17+8 kemarin endingnya gimana gais?""",negative,gonjang ganjing penjarahan tuntut 17 8 kemarin endingnya gimana gais
"""HEBOH! Ternyata Ada Simpatisan FPI Jadi Tersangka Penghasutan Penjarahan https://t.co/S7XzK2QE85""",negative,heboh nyata simpatisan fpi jadi sangka hasut penjarahan
"""@atasanpresidenr Gue berapa kali sempet diskusi ngomongin tentang monyet satu ini banyak banget orang orang yang gak suka sama orang ini tengil otaknya kosong yg penting ngomong gak mikir efek jangka panjang sampe ada yg bilang penjarahan aja itu rumahnya si monyet""",negative,gue berapa kali sempet diskusi ngomongin monyet satu banyak banget orang orang tidak suka sama orang tengil otak kosong penting ngomong tidak mikir efek jangka panjang sampe bilang penjarahan rumah si monyet
"""Polisi menangkap 52 orang yang ditetapkan tersangka aksi penjarahan rumah Ahmad Sahroni Uya Kuya Eko Patrio Nafa Urbach dan eks Menteri Keuangan Sri Mulyani. 12 tersangka penjarah rumah bapak Ahmad Sahroni tertangkap ungkap Kabareskrim Polri Komjen Syahardiantono dalam https://t.co/2q1pICIXZy""",neutral,polisi tangkap 52 orang tetap sangka aksi penjarahan rumah ahmad sahroni uya kuya eko patrio nafa urbach eks menteri uang sri mulyani 12 sangka jarah rumah bapak ahmad sahroni tangkap ungkap kabareskrim polri komjen syahardiantono
"""Bareskrim Polri mengungkap total ada 52 orang tersangka yang ditangkap terkait kasus penjarahan rumah sejumlah pejabat publik pada akhir Agustus lalu. &gt;&gt; https://t.co/pYjGy2enTG https://t.co/vzsoyYF1x8""",neutral,bareskrim polri ungkap total 52 orang sangka tangkap kait kasus penjarahan rumah jumlah jabat publik akhir agustus lalu gt gt
"""Banyak terjadi penjarahan dan perampasan tanah rakyat oleh korporasi swasta dan negara justru tidak pernah direspon secara serius oleh pemerintah. . #TanahuntukRakyat #HariTaniNasional #LaksanakanReformaAgrariaSejati https://t.co/IfJxe9VhF6""",negative,banyak jadi penjarahan perampasan tanah rakyat korporasi swasta negara justru tidak pernah direspon serius perintah
"""Penangkapan Sayful Bahri simpatisan FPI terkait kasus penghasutan penjarahan Agustus lalu jadi pengingat bahwa ujaran provokatif bisa berujung aksi kriminal. Negara wajib tegas menindak agar hukum dan ketertiban tetap terjaga. https://t.co/heCx2CA8N7""",neutral,tangkap sayful bahri simpatisan fpi kait kasus hasut penjarahan agustus lalu jadi ingat ujar provokatif ujung aksi kriminalitas negara wajib tegas tindak hukum tertib tetap jaga
"""menunggu penjarahan rumah Mukyono ada 11 ribu Trilyun di bunkernya""",negative,tunggu penjarahan rumah mukyono 11 ribu trilyun bunkernya
"""@msaid_didu @prabowo SDH kejadian penjarahan aja masih santai pak. Klo nafas blm sampai tenggorokan Yo Ra bakal tobat. SAYA rakyak kecil PESIMiS""",negative,jadi penjarahan santai pak kalau nafas belum tenggorok yo ra bakal tobat rakyak kecil pesimis
"""Kerugian Penjarahan Rumah Sahroni Mencapai Rp 80 Miliar Termasuk 5 Mobil Mewah https://t.co/LAM4Ln0BED""",negative,rugi penjarahan rumah sahroni capai rp 80 miliar masuk 5 mobil mewah
"""52 Tersangka Ditangkap di Kasus Penjarahan Rumah Sahroni Uya Kuya Nafa Urbach hingga Sri Mulyani. Ada Juga 959 Orang Sebagai Tersangka Kerusuhan Dengan Rincian 664 Dewasa dan 295 Tersangka Anak https://t.co/9ZPlRLMbXZ""",neutral,52 sangka tangkap kasus penjarahan rumah sahroni uya kuya nafa urbach hingga sri mulyani 959 orang sangka kerusuhan rincian 664 dewasa 295 sangka anak
"""@KangManto123 Proses hukum dan usut tuntas. Mereka di bayar siapa. Knp ada penjarahan. Knp gerombolan penyamun aman aman saja. """,negative,proses hukum usut tuntas bayar siapa knp penjarahan knp gerombol samun aman aman
"""@ListyoSigitP @prabowo Bareskrim menuding penjarahan dilakukan oleh simpatisan FPI terus yang bunuh anggota FPI di KM 50 siapa asu?""",negative,bareskrim tuding penjarahan laku simpatisan fpi terus bunuh anggota fpi kamu 50 siapa asu
"""@machrilmachril1 @PurbayaYudhi @prabowo Pejabat ms pasang tone deaf masih belum sadar kejadian di tetangga. Nasabah #Jiwasraya #MENgEPALKAN tetap tegak lurus UUD45. #Karma is real. Miris penjarahan rmh @smindrawatii mdh2an tdk kejadian ke yg lain. @prabowo pantau medsos gejolak bs dilihat dari sini. @KejaksaanRI""",negative,jabat ms pasang tone deaf belum sadar jadi tetangga nasabah tetap tegak kamurus uud is real miris penjarahan rmh mdh2an tidak jadi pantau medsos gejolak bs lihat sini
"""@OposisiCerdas Pasutri tersangka hasut penjarahan rumah pejabat adalah keluarga besar Neo PKI .""",negative,pasutri sangka hasut penjarahan rumah jabat keluarga besar neo pki
"""#konteksnews - Bareskrim Polri merilis perkembangan terbaru terkait kasus penjarahan rumah sejumlah pejabat publik yang terjadi pada akhir Agustus lalu. Dari hasil penyelidikan setidaknya 52 orang telah ditetapkan sebagai tersangka.(ag) #Bareskrim #Polri #Penjarahan https://t.co/fg9ZtSvB5S""",neutral,bareskrim polri rilis kembang baru kait kasus penjarahan rumah jumlah jabat publik jadi akhir agustus lalu hasil lidi 52 orang tetap sangka ag
"""@Kappa_2023 @agama_nusantara @BayuAngora @sakkusaitna @Valhallaah @spektrumku @bnsphrxyzzz @RefublikAteis @iphone7decoco @Sentjoko @PaijoKentirr @tepig_pignite @FaktaBerita89 @balaputra_deva @NamoAryatara @mbienyambay2 jelas kan gunanya agama? utk melegitimasi invasi penjarahan perampokan pemerkosaan pembunuhan perebutan lahan dst""",negative,jelas kan guna agama legitimasi invasi penjarahan perampokan perkosa bunuh rebut lahan
"""@OposisiCerdas Konyol bgt alibinya. Sekuat itu kan pasutri untuk bisa mengerahkan masa? Lalu kemana para aparat ketika penjarahan terjadi? Kok dibiarkan?kalian kira kami percaya gitu? """,negative,konyol banget alibi kuat kan pasutri kerah masa lalu aparat penjarahan jadi kok biar kalian kira percaya gitu
"""Heboh! Ternyata Ada Simpatisan FPI Jadi Tersangka Penghasutan Penjarahan https://t.co/s6JQRvVyTu""",negative,heboh nyata simpatisan fpi jadi sangka hasut penjarahan
"""Polda Metro Tetapkan Simpatisan FPI Jadi Tersangka Penghasutan Penjarahan https://t.co/uwnTCXQS1Z""",neutral,polda metro tetap simpatisan fpi jadi sangka hasut penjarahan
"""Pasca Penjarahan Mahfud MD Ungkap Cerita Pilu Eks Menkeu Sri Mulyani dan Kekecewaannya karena Disamakan dengan Sahroni https://t.co/p3s1wRGsrB""",neutral,pasca penjarahan mahfud md ungkap cerita pilu eks menkeu sri mulyani kecewa sama sahroni
"""Video: 52 Orang Ditangkap Atas Kasus Penjarahan Rumah Sahroni-Sri Mulyani https://t.co/wUCmjlbLEE""",neutral,video 52 orang tangkap atas kasus penjarahan rumah sahroni sri mulyani
"""@geloraco Yang lakukan pembakaran pengrusakan dan penjarahan yg banyak vidionya tersebar di medsos apakah sdh ditangkap dari kelompok mana mereka? Juga oknum2 aparat yg lakukan provokasi saat demo yg terekam camera netizen sptnya juga belum diungkap.""",negative,laku pembakaran rusa penjarahan banyak vidionya sebar medsos tangkap kelompok mana oknum aparat laku provokasi demo rekam camera netizen sptnya belum ungkap
"""@sharpandshark Congor baju kaos item tuh sok pahlawan.. paling2 dia tuh biang jerusuhan n penjarahan. Keliatan dr emosinya. Di lihat dulu itu mobil jangan2 udah ada disitu dan mau keluar. Setolol2org pasti nggak mau pake mobil di CFD . Tp ini berita lama bgt.""",negative,congor baju kaos item tuh sok pahlawan paling tuh biang jerusuhan n penjarahan liat emosi lihat dulu mobil jangan situ mau keluar setolol2org tidak mau pake mobil cfd berita lama banget
"""Bareskrim Polri menetapkan total ada 52 tersangka dalam kasus penjarahan rumah pejabat publik dan anggota DPR pascademo ricuh pada Agustus lalu. https://t.co/r0lIv4feed""",neutral,bareskrim polri tetap total 52 sangka kasus penjarahan rumah jabat publik anggota dpr pascademo ricuh agustus lalu
"""@UmarHasibuan__ Jadi ini arahan tim reformasi dr listyo sigit ternyata masih berkutat ttg PAJAK dan PAJAK Menangkap bandar judol koruptor penjarahan hutan tambang mafia tanah tak akan dalam prioritas parcok""",negative,jadi arah tim reformasi listyo sigit nyata kutat ttg pajak pajak tangkap bandar judol koruptor penjarahan hutan tambang mafia tanah tak prioritas parcok
"""Sekjen KPA ( Konsorsium Pembaruan Agraria ) Dewi Kartika mengatakan bahwa penjarahan tanah rakyat dan kekayaan alam itu nyata. Tapi luput dari perhatian. - Luar biasa keberanian dan kebenaran yang disampaikan Dewi Kartika - https://t.co/on6b7Gq3F8""",positive,sekjen kpa konsorsium baru agraria dewi kartika kata penjarahan tanah rakyat kaya alam nyata kamuput perhati kamuar biasa berani benar sampai dewi kartika
"""Pathetic while the preamble tell us Bahwa Penjarahan di atas dunia harus dihapuskan https://t.co/oRqAC9SA7d""",neutral,pathetic while the preamble tell us penjarahan atas dunia hapus
"""@DS_yantie Jokowi tanggungjawab bikin semua BUMN bangkrut rugi Triliunan penjarahan ini namanya""",negative,jokowi tanggungjawab bikin semua bumn bangkrut rugi triliun penjarahan nama
"""Bareskrim: Pasutri Tersangka Hasut Penjarahan Rumah Pejabat Merupakan Simpatisan FPI https://t.co/NHiApPO953""",neutral,bareskrim pasutri sangka hasut penjarahan rumah jabat rupa simpatisan fpi
"""Bareskrim: Pasutri Tersangka Hasut Penjarahan Rumah Pejabat Merupakan Simpatisan FPI https://t.co/CKleuyxFsk""",neutral,bareskrim pasutri sangka hasut penjarahan rumah jabat rupa simpatisan fpi
"""Dalinya pakai penjarahan klu ga meruksak pasilitas umum bukn kah bgtu ma @KaredokLeunca__""",negative,dal pakai penjarahan kalau ga meruksak pasilitas umum bukn bgtu ma
"""Yaa jangan gebyah Uyah smuanya sepakatlah klo anak SMA dibebaskan. Tapi gak smuanya jg sewenang wenang kan. Korban akibat demo rusuh penjarahan kebakaran jg bnyak. Kudu dipilah pilah""",negative,yaa jangan gebyah uyah samauanya sepakat kalau anak samaa bebas tidak samauanya wenang wenang kan korban akibat demo rusuh penjarahan bakar bnyak kudu pilah pilah
""" Polda Metro Jaya telah menetapkan 59 orang tersangka. Dua orang tersangka menyebarkan konten manipulasi data otentik lima orang melakukan perusakan halte di depan Kemendikbud dan sisanya terlibat penjarahan di sejumlah lokasi ujar Kepala Badan Reserse Kriminal (Kabareskrim) https://t.co/mCAKm4yjS4""",neutral,polda metro jaya tetap 59 orang sangka orang sangka sebar konten manipulasi data otentik lima orang laku perusakan halte depan kemendikbud sisa libat penjarahan jumlah lokasi ujar kepala badan reserse kriminalitas kabareskrim
"""Polri telah menetapkan 959 orang sebagai tersangka dalam kasus kerusuhan dan penjarahan yang terjadi di berbagai daerah selama demonstrasi pada bulan Agustus 2025. Dari total tersangka 295 di antaranya adalah anak-anak. Menurut Kabareskrim Polri Komjen Syahardiantono penetapan https://t.co/2foHdh03wH""",neutral,polri tetap 959 orang sangka kasus kerusuhan penjarahan jadi bagai daerah lama demonstrasi bulan agustus 2025 total sangka 295 antara anak anak kabareskrim polri komjen syahardiantono tetap
"""@apratikto Random to tiap ada video orang dpt duit pasti ada aja yang bilang cair . Pas penjarahan rumah sahroni orang orang juga bilang cair wkwk. Gw kawatirnya bahasa cair sering dipake karna orang yang judol bilang withdraw itu cair wkwk""",negative,random to tiap video orang duit bilang cair pas penjarahan rumah sahroni orang orang bilang cair haha kawatirnya bahasa cair sering dipake karna orang judol bilang withdraw cair haha
"""@barengwarga 1) Nampaknya pidato ini SDH DISIAPKAN SEJAK LAMA olh Prbw 2) Segala resiko2nya sudah dikalkulasi 3) Yg kita tdk tahu: Concern-nya ttg Eksistensi &amp; Keamanan Israel = Gagasan Prbw sendiri atau pikiran 'titipan'? 4) Thd Pelanggaran &amp; Penjarahan didlm negeri sj Prbw GAK PEDULI.""",negative,1 nampaknya pidato siap sejak lama olh prbw 2 segala resiko2nya kalkulasi 3 tidak tahu concern nya ttg eksistensi amp aman israel gagas prbw sendiri pikir titip 4 thd langgar amp penjarahan didlm negeri sj prbw tidak peduli
"""POLISI menangkap sebanyak 52 orang dalam kasus penjarahan rumah sejumlah pejabat saat kerusuhan akhir Agustus 2025. https://t.co/Er9trymRMd""",neutral,polisi tangkap banyak 52 orang kasus penjarahan rumah jumlah jabat kerusuhan akhir agustus 2025
"""Uya Kuya 1 Minggu Sebelum Penjarahan Bantu Ibu Ini Gak Pernah Salah Feeling Gue Soal Om Uya Bantu Ibu Ini Sumber: king_uyakuya - Instagram #uyakuya #uya #uyakuyatv https://t.co/0jCXiibcrO""",neutral,uya kuya 1 minggu penjarahan bantu ibu tidak pernah salah feeling gue soal om uya bantu ibu sumber king uyakuya instagram
"""Pada 24 September 2025 dilaporkan bahwa 12 orang telah ditangkap terkait kasus penjarahan rumah Ahmad Sahroni. Penjarahan ini merupakan bagian dari aksi demonstrasi yang meluas pada akhir Agustus 2025 yang juga menargetkan sejumlah rumah pejabat dan anggota DPR lainnya. https://t.co/AKteuqNmOI""",neutral,24 september 2025 lapor 12 orang tangkap kait kasus penjarahan rumah ahmad sahroni penjarahan rupa bagi aksi demonstrasi luas akhir agustus 2025 target jumlah rumah jabat anggota dpr lain
"""Kok smua ukurannya nepal? Mmgnya apa pencapaian nepal? Demonstrasi berujung penjarahan? Menyiksa &amp; menelanjangi pejabat sambil merampas hartanya beramai2? Hasilnya apa? Ujungnya tentara yg selama ini menguntungkan rezim lama justru muncul bak pahlawan bertopeng Kt dikecoh""",negative,kok samaua ukur nepal mmgnya apa capai nepal demonstrasi ujung penjarahan siksa amp telanjang jabat rampas harta ama hasil apa ujung tentara lama untung rezim lama justru muncul bak pahlawan topeng kt kecoh
"""Sekretaris Jenderal Konsorsium Pembaruan Agraria (KPA) Dewi Kartika menegaskan bahwa penjarahan tanah rakyat dan kekayaan alam di pedesaan merupakan isu nyata yang luput dari perhatian publik. KPA mendesak Presiden dan DPR RI untuk segera menjalankan reforma agraria sejati. https://t.co/MPbc8D9C7R""",neutral,sekretaris jenderal konsorsium baru agraria kpa dewi kartika tegas penjarahan tanah rakyat kaya alam desa rupa isu nyata kamuput perhati publik kpa desak presiden dpr ri segera jalan reforma agraria sejati
"""@AsahPolaPikir Di rumah AS pas kasus penjarahan kemarin ditemukan VCD/ DVD P*rno tapi kok ybs tetap bisa sukses dan kaya raya? Waktu tampil di media juga tetep PD? Valid kah hypotesa ini?""",negative,rumah as pas kasus penjarahan kemarin temu vcd dvd p rno kok ybs tetap sukses kaya raya waktu tampil media tetep valid hypotesa
"""@ARSIPAJA nggak usah bikin pernyataan yang tak bisa dilaksanakan. Melindungi negaramu sendiri dari penjarahan oleh kepentingan asing atau menjamin rakyatmu bisa cukup makan saja belum sanggup.""",negative,tidak usah bikin nyata tak laksana lindung negara sendiri penjarahan penting asing jamin rakyat cukup makan belum sanggup
"""Katanya mogok makan min @liputan6dotcom Terus tanyakan dong siapa yg ikut berperan dibalik demo kerusuhan pembakaran penjarahan itu smuanya.. Jangan jg brlindung dikebebasan berekpresi berlindung HAM berlindung aktivis atau akademis. @DivHumas_Polri jangan mau di tekan2 yaa""",negative,kata mogok makan min terus tanya dong siapa ikut peran balik demo kerusuhan pembakaran penjarahan samauanya jangan brlindung bebas berekpresi lindung ham lindung aktivis akademis jangan mau tekan yaa
"""@xLanglangBuana @NasbiHasan Ya bener juga ya sampai sekarang aktor dibalik penjarahan tersebut tidak ditangkap cobalah HN desak Prabowo untuk hal ini daripada muji muji habis diangkat jadi komisaris """,negative,bener sekarang aktor balik penjarahan sebut tidak tangkap coba hn desak prabowo muji muji habis angkat jadi komisaris
"""KELIRU: Video Sahroni Pulang ke Rumah setelah Penjarahan #Sahroni #penjarahan #cekfakta #cekfaktatempo https://t.co/dXwONdpigU""",negative,keliru video sahroni pulang rumah penjarahan
"""@jalonggos @txtdaritng @bahlillahadalia @prabowo Kalau ada kesempatan kenapa tidak..??!! Herannya waktu penjarahan kemarin kenapa rumah mereka aman² aja padahal ada dipinggir jalan raya dan omongan mereka lebih menyakitkan dari para anggota dewan..""",negative,kalau sempat tidak heran waktu penjarahan kemarin rumah aman padahal pinggir jalan raya omong lebih sakit anggota dewan
"""Si mba masih aj bikin konten okb okl old money ga belajar dari demo nepal &amp; demo penjarahan kemaren ya? Lu bikin posisi lu nanti ditandain &amp; sulit.Habis penjarahan konten soal segregasi ekonomi &amp; status baiknya ga usah dibuat sensitif.Nanti klo ada demo lg takut rumah lu diincar""",negative,si mba bikin konten okb okalau old money ga ajar demo nepal amp demo penjarahan kemaren kamu bikin posisi kamu ditandain amp sulit habis penjarahan konten soal segregasi ekonomi amp status baik ga usah buat sensitif kalau demo lg takut rumah kamu incar
"""Jika akhir bulan lalu bahas penjarahan dan demo depeer. Akhir bulan sekarang bahas - penerapan hukum beragama - plastic/food waste - harga thrift dan sistem upah yg ga ngotak""",positive,akhir bulan lalu bahas penjarahan demo depeer akhir bulan sekarang bahas terap hukum agama plastic food waste harga thrift sistem upah ga ngotak
"""@shintaeffendi @The_Ascalon @LembagaKERIS Mereka jelas settler. Saya sendiri menganjurkan agar sipil Indonesia jangan terlibat proyek penjajahan Papua. Masa ada penjarahan terus kita ikutan? Untuk persoalan trial untuk kejahatan ini sebaiknya setelah warga Papua merdeka seperti trial di Afsel.""",negative,jelas settler sendiri anjur sipil indonesia jangan libat proyek jajah papua masa penjarahan terus ikut soal trial jahat baik warga papua merdeka trial afsel
"""@Djaize_satch @IrpanHelmi9 @xremiums onta pengikut jg pecinta muhammad malah tanya: kepala penyamun kmdian menjelma mjd warlord. mendapatkan 20% drpd hasil penyamunan dan penjarahan perang. menjual perempuan jg anak² sbg budak jg meniduri mrk yg sesuai selera libidonya. apalagi? banyak lainnya.""",negative,onta ikut cinta muhammad malah tanya kepala samun kmdian jelma mjd warlord dapat 20 drpd hasil samun penjarahan perang jual perempuan anak budak tidur sesuai selera libido banyak lain
"""@kirastoryy @fluoxetan Dah lupa sama bom gereja persekusi ibadah penjarahan tempat retret dll?""",negative,dah kamupa sama bom gereja persekusi ibadah penjarahan tempat retret
"""@PresidenKopi Ga setuju dg penjarahan apapun tp dg sifat mantan yg suka menjarah duit rakyat lwt pajak wajar kl rakyat akhirnya jarah rumahnya""",negative,ga tuju penjarahan apa sifat mantan suka penjarahan duit rakyat lwt pajak wajar kalau rakyat akhir jarah rumah
"""Dadan Pandan ini gak tahu arti kata penjarahan ke rumah pejabat ?""",negative,dad pandan tidak tahu arti kata penjarahan rumah jabat
"""Gak ada yang bakar2an dan penjarahan kah ?""",negative,tidak bakar2an penjarahan
"""@detikcom Karakter bangsat masih tetap TERTANAM pada beberap pejabat. Berbuat. Klarifikasi + minta maaf. Mutasi/pecat/berpose kerja sopan sebulan. Darurat Undang Undang penjarahan rumah pejabat bejad. Cukup jarah saja gak perlu spt di nepal sampe d telanjangin.""",negative,karakter bangsat tetap tanam beberap jabat buat klarifikasi minta maaf mutasi pecat pose kerja sopan bulan darurat undang undang penjarahan rumah jabat bejad cukup jarah tidak perlu nepal sampe d telanjangin
"""@nixumbriel - ga mau introspeksi diri sendiri. sukanya nyari kambing hitam. kyk kemaren noh. dikit2 nyalahin penyusup. ada yg janggal katanya dibalik aksi penjarahan bbrp rumah. apa bedanya rakyat yg nuduh intel vs polisi-pemerintah yg nuduh komunis ato taliban2an? ga semua. tapi BANYAK""",negative,ga mau introspeksi diri sendiri suka nyari kambing hitam kyk kemaren noh dikit nyalahin susup janggal kata balik aksi penjarahan beberapa rumah apa beda rakyat nuduh intel vs polisi perintah nuduh komunis ato taliban2an ga semua banyak
"""Jangan salahkan siapa2 kalo peristiwa 98 terulang lagi dengan sasaran penjarahan yg berbeda.""",negative,jangan salah siapa kalo peristiwa 98 ulang sasar penjarahan beda
"""Lalu kenapa pelaku penjarahan hutan laut dan hasil bumi lainnya di proses-nya sulit ???? https://t.co/xnye0X8kJI""",negative,lalu laku penjarahan hutan laut hasil bumi lain proses nya sulit
