text,label
"""""Menteri Komunikasi dan Digital (Menkomdigi) Meutya Hafid menjelaskan bahwa penonaktifan sementara fitur live di Tik Tok dilakukan secara sukarela oleh pihak platform bkn atas permintaan pemerintah. Menurutnya keputusan ini diambil Tik Tok setelah terjadi kericuhan dan penjarahan https://t.co/emUsWEEVP1""""",neutral
"""""@RakhmadIrawan9 @KangManto123 Ngeroda krn direpublik lg marak penjarahan Para penjarah itu bertannya- tanya? ? Siapa sebenarnya penjarah republik ini? Yaitu para pejabat yg KKN (korupsi kolusi nepotisme) Slamet ....slamet... anda dpt sepada """"",negative
"""""@somexthread Iya terus sampe inflasi terus drop tuh rupiah abis itu bangkrut deh Indonesia dan ada penjarahan lagi """"",negative
"""""awalnya demo murni-lalu masuk tangan yang membajak membentuk kabut narasi-mob mentality-tangan selanjutnya mengeksekusi memprovokasi mob justice tindakan anarkis terhadap aparat pembakaran penjarahan yg harus diusut pihak yg memicu kabut narasi melancarkan provokasi mob justice""""",negative
"""""@Otto_0967 kita ini rakyat di sebuah negara yang hanya di jadikan sapi perah saja baik oleh negara itu sendiri dan juga oligarki. belum lagi penjarahan sumberdaya alam yang sistematis dan masif.""""",negative
"""""@neVerAl0nely__ Penjarahan yg sesungguhnya""""",neutral
"""""@BattleboyA239 hanya lakukan revolusi jika ada ulama didalamnya kalau tidak pasti akan kacau semacam 98 yg isinya cuma penjarahan dan pemerkosaan dan negara tidak membaik sama sekali org yg dulunya revolusi sekarang jadi koruptor""""",negative
"""""Contoh munafik/hipokritnya antek Fufufafa &amp"";"" termul.Mereka(kebanyakan diaspora beijingisme)merasa tak suka reformasi 1998 blg ada pelecehan pemerkosaan penjarahan sipit eh giliran mau goyang Prabowo bawa2 98Taimpetuk.Cina mana mau rugi 20 jt dah dikeluarin gunain perusuh https://t.co/BWhlcAUZyD""""",negative
"""""Kata Pak @rockygerung Gathel Demo yang mestinya jadi ruang ekspresi justru dibungkus dengan ancaman anarki pengrusakan bahkan penjarahan. Lebih parahnya lagi aksi ini dinegosiasikan dengan janji pembatalan jika ada imbalan uang ratusan juta rupiah. https://t.co/1sZeAnOlPc""""",negative
"""""@Majelis_Ruhani ini bukannya udh sempet disinggung ya? (walaupun tdk secara eksplisit) kalo pergerakan kmrn emg ada beberapa lini yg disusupi bukan hanya pas aksi demo atau pas penjarahan""""",neutral
"""""@GoodRecom gua benci ni org joget2 disaat rakyat lagi banyak yg susah. tapi bukan berarti gua membenarkan penjarahan dirumah dia dan artis lain yg baru jadi dpr. mereka itu notabenenya baru harta kekayaannya mayoritas dari karir mereka selama jd artis. aneh mental maling apa bedanya?""""",negative
"""""AGUSTUS KELABU!!! TENTARA TERLIBAT PERUSAKAN PENJARAHAN DAN PEMBAKARAN? https://t.co/iTdFQXPq6f https://t.co/8hqm1PIEUg""""",negative
"""""Demo ditengarai memang tidak alami tidak murni pakai deadline segala 17+8 kita yang 17+8+45 aja proklamasi sumpah pemuda 28+10+28 dari dulu aja gak repotWoy termul antek fufufafa.Kalian rusuh demo dibayar 20 juta rupiah perorang pantas maksain perusuh penjarahan antek asing! https://t.co/HN1AHvYNb9""""",negative
"""""Hal kocak yg keluarga gue ucapin pas demo dan penjarahan kmrn. Yuk kamu jngn ikut demo bnyk oknum soalnya Yuk kamu jngn ikut ngejarah kalo di ajak jangan mau apalagi ngejarah toko cina soalnya kakek kita cina jd jangan ya Wkwkw yg mau ngejarah siape si akh""""",negative
"""""bunuh diri itu sama kyk melakukan penjarahan saat demo... jangan dilakuin walau mungkin manusia lain bisa memaklumi... yang saya tau hukum bunuh diri cukup tegas dalam agama.""""",positive
"""""Polres Jepara menetapkan seorang mahasiswa Universitas Negeri Semarang (Unnes) SU bersama 9 orang lainnya menjadi tersangka penjarahan saat terjadi aksi demonstrasi berbuntut anarkis yakni pembakaran dan penjarahan Gedung DPRD Jepara. https://t.co/zN6hgn80hn""""",neutral
"""""beneran anjir sejak penjarahan rumah sahroni verstappen lgsg ngacir""""",negative
"""""@narkosun kok dedi sitorus dan ibu2 joget kerudung merah aman dari penjarahan? karena apa?? cobaaaa jawabbbb pemirsa""""",negative
"""""Aku kok curiga sama Mpok Salsa yang tetiba muncul di sekitar tgl 25 Agustus. Semua nama yang disebut di Sosmed jadi target penjarahan. Jejangan ini jaringan chaos. Dimulai 28 agt malam ya?""""",negative
"""""@mymj01_ ngga anj b aja aku mah. itu bermula krna aku gemes liat dia duduk sendiri nggak dibolehin masuk alfa sama maknya. takut ada insiden penjarahan katanya ngakak sumpah jdi aku temeninlah sambil ngopi. lah dia oonw nyeletuk kak kakak tomboy ya? tpi cantik kak gitu cok ah mboh!""""",neutral
"""""Mafindo melaporkan video Hoaks yang beredar di medsos Contohnya adalah video kerusuhan di Baghdad diklaim sebagai kerusuhan dan Penjarahan di Jakarta Prasasti Center for Policy Studies menaksir kerugian infrastruktur akibat demo mencapai Rp 1 2T . . . Seskab Teddy : Presiden https://t.co/aYh1KoMbQR""""",neutral
"""""@rachlannashidik Banyak juga polisi yg luka parah kasihan mereka Krn mereka MC biasa ada kekurangan nya. Yg paling penting adalah menangkap semua master mind yg mengajak massa melakukan demo anarkis penjarahan di rumah Bu Sri Mulyani merusak fasilitas umum melempar aparat dgn bom molotov.""""",positive
"""""Wwkwkk Sri Mulyani ngambeuk rumahnya dijarah 2 kali mo mundur tapi gak di acc sama wowo @prabowo Parah nih Menhan ma Ibu negara dimintai pertolongan oleh SMI sebelum terjadi penjarahan eh cuma dikasih sekitar 20'an anggota TNI untuk pengamanan Curiga jan² emang bener https://t.co/Tfx9iJjuTq""""",negative
"""""32 barang hasil penjarahan di rumah Ahmad Sahroni dikembalikan warga https://t.co/cwURwnTYww""""",positive
"""""Penjarahan rumah Ahmad Sahroni pelaku bisa ditemukan dan barang bisa kembali. Penjarahan museum di Kediri barang tidak kembali. Sakti wes luwih percoyo barang mahal daripada barang mistis aku saiki wes wes """"",neutral
"""""Kasian orang orang yang ditarget rumahnya dijarah. Memang ada perilaku yang buruk tetapi penjarahan kerumahnya ada yang mengarahkan. Salsa erwina andil besar memicu kemarahan dan penjarahan. Alhamdullilah mau jarah ke ketua DPR gagal sudah terbaca dan banyak yang sadar tertipu.""""",negative
"""""dari penjarahan rumah pejabat kemaren gak ada temuan buku meanwhile bapak ini . . . . make sense kalau pemikiran beliau bisa seruwet itu karena banyak informasi makin banyak prespektif beliau juga mengusai banyak bahasa asing pak bangun pak tolongin negara ini https://t.co/MyqzXFvEUj""""",positive
"""""Akun muslim pada ingatin penjarahan ga boleh btw halah dikambinghitamkan lagi ini""""",negative
"""""Penjarahan kemaren itu yg beneran buat memperingatkan sebenernya cm 1 yg lain cuma untuk mengkaburkan Kalo iya berarti srimul dong? Apakah berarti menhan vs srimul?""""",negative
"""""Celios sesalkan penjarahan rumah Sri Mulyani pengawalan menkeu dinilai harus setara wapres https://t.co/OEHP51gp7O""""",neutral
"""""@RevolusOne Berdasarkan analisis sumber beragam seperti Wikipedia Guardian Reuters dan CNN demonstrasi di Indonesia Agustus-September 2025 dipicu tunjangan DPR tinggi dan kematian sopir ojol Affan Kurniawan. Kerusuhan termasuk penjarahan rumah pejabat seperti Sri Mulyani. Tuduhan dalang""""",neutral
"""""Hey @grok menurutmu siapa aktor yang menunggangi aksi Demonstrasi di Indonesia dengan kerusuhan dan penjarahan yang terjadi?""""",neutral
"""""Ya Tolol nyatanya dinaikkan anggaran Polri rmh dia jg ga aman dr penjarahan kmrn""""",negative
"""""@dahlan_muhidin Oke Gus. Belakangan ini sedang mendokumentasikan geger peristiwa penjarahan museum di Kediri. Belum sampai 100 sih hehe""""",neutral
"""""@hasyimmah Krn anggota pdip.. tdk spt amggota dpr lain yg disorot rumah ibu ini terbebas dari penjarahan dan aman dari pemecatan partainya.. kenapa?""""",neutral
"""""Perlu ada dialog komunitas-polisi yang lebih intensif untuk mengidentifikasi dan mengatasi akar masalah sosial yang mungkin memicu penjarahan. Membangun kepercayaan adalah kunci mencegah insiden serupa di masa depan.""""",positive
"""""Aksi penjarahan awal terlepas dari pengembalian sukarela menyoroti kerentanan keamanan dan potensi frustrasi sosial di masyarakat. Penting untuk memahami akar penyebab insiden semacam ini agar tidak terulang.""""",positive
"""""Warga Kembalikan 32 Barang Milik Anggota DPR Ahmad Sahroni yang Sempat Dijarah. Aksi sukarela ini menjadi sorotan dalam kasus penjarahan. https://t.co/Qqh8h2jnWu""""",positive
"""""Bu SMI Kalau saya jadi Ibu emang udah resign aja bu. Udah denger ulasan Tempo saya. Ibu minta bantuan ke Menkopolhukam Seskab setelah dapet info intelejen kalau ada rencana penjarahan tapi tidak ada arahan tindakan tegas dari rekan menteri. Udahlah Bu kerja di IMF lagi aja""""",negative
"""""@tham878 Gpp sih kalau memang pelaku anarkis yg merusak fasilitas umum penjarahan dan potensi membahayakan nyawa orang lain juga keamanan negara memang kudu tegas.""""",positive
"""""Bagaimana mungkin rumah pejabat Menteri Keuangan dengan pengamanan yang ada bisa terjadi penjarahan pasca demo usai ? #SuaraKonstituen https://t.co/UCBkMzlGJ2""""",negative
"""""Bupati Kediri Hanindhito Himawan Pramana atau Mas Dhito menegaskan batas waktu pengembalian barang hasil penjarahan saat aksi massa Sabtu (30/8/2025) berakhir pada Sabtu (6/9/2025). https://t.co/O2j4ezzb37""""",neutral
"""""Video Jumlah Tersangka Penjarahan Rumah Uya Kuya Bertambah Jadi 12 Orang https://t.co/hmW0treOky""""",neutral
"""""@democrazymedia 1) Yang 'bermain' menunggangi aksi2 unjuk rasa menjadi kerusuhan/penjarahan yg TERORGANISIR pasti elemen2 dr Institusi2. 2) Badan2 Intelligence pasti sdh tahu sebelum &amp"";"" pada saat kejadian tetapi TDK LAPORKAN ke Prbw. MENGAPA? 3) Elemen2 di Lingkaran Prbw punya 'Agenda'?""""",negative
"""""Penjarahan yang terjadi di rumah Ahmad Sahroni beberapa waktu lalu menimbulkan aksi intimidasi ke juru kamera dan reporter insert. https://t.co/kipHQguQVe""""",negative
"""""@ARSIPAJA Sementara ada penjarahan pun juga diam2 saja penjarahan di rumah pejabat negara """"",negative
"""""@dawiguna @mas_veel Yg bilang penjarahan sbg bentuk dr pelaksanaan UU Perampasan Aset adlh luapan kekecewaaan rakyat. Tp apakah dibenarkan? Tdk krn penjarahan itu adlh kriminal. Org marah tdhp tunjangan DPR yg tinggi krn alsan yg disampaikan tdk wajar...sewa rmh 3jt/hari. Mknya rakyat marah.""""",positive
"""""Video Jumlah Tersangka Penjarahan Rumah Uya Kuya Bertambah Jadi 12 Orang https://t.co/7rnkLVRxId""""",neutral
"""""Kucing-kucing milik Uya Kuya ikut jadi korban penjarahan. https://t.co/JTKEtra9wZ""""",neutral
"""""@BennyHarmanID Itulah mengapa penegakkan hukum di negeri ini makin runtuh siapa bersalah apalagi mengakibatkan korban meninggal harus ada pertanggungjawabannya Terlebih Dalang Kerusuhan yg seharusnya sdh bisa diketahui dari BB Video2 Ancaman thd Presiden&amp"";Provokator2 Pembakaran &amp;"" Penjarahan.""""",negative
"""""@tvOneNews 1) Sahroni tahu ada Hidden Actors yg bukan kaleng2 dibalik Penjarahan rumahnya. 2) Dia sdh familiar dgn 'permainan' macam ini.""""",neutral
"""""Aneh bin ajaib soal terjadinya penjarahan dirumah menteri keuangan Sri Mulyani? . . . . Gudang Garam PACAR SAYA Freeport Marceng AS Trencin Witan Voucher Bonus. https://t.co/GS7FWxFVDq""""",negative
"""""@yaniarsim @RajaJuliAntoni Kemana yg kmrin2 teriak kencang saat penjarahan rumah Sahroni??? Kok pada diam saat SDA negara di jarah??? #PejabatSampah""""",negative
"""""Lah Rakyat Gimana.. Bukan Rakyat yg mulai penjarahan ini.. ini ada yg sangat ahli dan taktis... melakukan penjarahan waktu itu""""",negative
"""""@mas_veel Dari pertama sikap saya tegas anti korupsi dan anti intoleransi Perilaku sok kaya dan menghina Sahroni jelas melukai hati rakyat Hanya penjarahan rumah Sahroni dll itu juga merupakan suatu bentuk korupsi sekaligus intoleransi dan saya menolak komunisme dlm wujud apapun""""",positive
"""""@tempodotco Demonstrasi yg berkembang menjadi kerusuhan (penjarahan dan pembakaran) yang menjadi faktor utama turunnya IHSG dan melemahnya nilai tukar Rp.. BUKAN KARENA ISU SRI MULYANI MUNDUR. Kita tidak percaya dia mundur. Meskipun dia minta mundur pasti akan di tolak.""""",neutral
"""""Orang2 DPR yg ngejek2in rakyat juga akhirnya ketauan punya harta yg ga kira2 banyaknya stlh dijarah rumahnya. Kalo tau masalah ketimpangan upah yg gak layak ini udah masuk akal. Penjarahan emang jelek cuman ini menunjukkan bahwa orang2 pada gak punya sense matematika yg jalan.""""",negative
"""""@yoboseho Menurut berita terkini keberadaan Ahmad Sahroni masih belum diketahui setelah insiden penjarahan rumahnya di Tanjung Priok. Partai NasDem bilang mereka belum dapat info lokasinya. Ada rumor kabur ke luar negeri tapi belum dikonfirmasi. Kamu punya teori?""""",neutral
"""""@masarukasu @BattleboyA239 411 juga sempat ada aksi penjarahan ke etnis Tionghua. Mereka (kaum 212) belajar dari sana dengan cara pulang sebelum malam jadi rusuh2 habis demo bukan salah pendemo.""""",positive
"""""@jonmamau @neVerAl0nely__ Elu tau ngga para pelaku kerusuhan dan penjarahan yg ketangkep polisi itu mayoritas anak2 SMA/SMK bahkan banyak yg masih SMP""""",neutral
"""""@johchr_29 @txtdrjkt Kita gak tau itu yg bakar beneran pendemo atau kelompok suruhan. Karna aksi kemarin fix ditunggangi politik. Jadi bisa bener bisa salah. . Yg kita bisa lihat pasti adalah siapa orang yg paling diuntungkan saat pembakaran dan penjarahan ini terus pola terciptanya demo ini. https://t.co/cjWvTARRfk""""",negative
"""""lebih gampang misi penjarahan rumah sahroni njir daripada ketemu danuel alveric""""",negative
"""""Aksi penjarahan di masa genting bukan hanya soal keamanan fisik tapi juga soal kepercayaan publik. Jenderal Tandyo Budi Revita menegaskan bahwa TNI siap membantu kapan pun selama sesuai dengan prosedur hukum. #TNITaatKonstitusi #NKRI #TNIProfesional #tnisetia #tnicintadamai https://t.co/rG1D7lXRdh""""",positive
"""""@mikosptro @BudiBukanIntel Betul yg jelas tidak mungkin masyarakat sekitar yg melakukan. Tidak pernah belajar dari penjarahan 1998""""",negative
"""""1 parjo admin (beberapa) grup wa 1 ibu2 sipil yg terkait dgn parjo jg jd kompor 1 sipil yg bilangnya disuruh anak parjo Ini parjo kalah telak ama parcok asli Belum hoodie putih n kode2 n drone di penjarahan Udah kalah gini msh ada yg mau ngajuin darurat militer""""",negative
"""""@abdimohamadeko1 @somexthread Berdasarkan pencarian berita terkini ada klaim viral dari video yang beredar menunjukkan senjata laras panjang ditemukan saat penjarahan rumah Ahmad Sahroni pada 30 Agustus 2025. Namun ini belum dikonfirmasi resmi dan polisi sedang menyelidiki keberadaan senjata api tersebut.""""",neutral
"""""@somexthread @grok benarkah di rumah Sahroni di temukan senjata Laras panjang atau senapan serbu waktu penjarahan di rumahnya?""""",neutral
"""""@e100ss Kalau sudah tahu terlatih dan terorganisaai berarti aparat Intelijen gak fungsi dong karena massa berhasil melakukan kerusuhan pembakaran dan penjarahan. Terus apa kerja Intelijen ?""""",negative
"""""Polisi Tetapkan 12 Tersangka Penjarahan Rumah Uya Kuya https://t.co/iJizbbjpme""""",neutral
"""""Polda Jawa Timur (Jatim) mengamankan dan menetapkan sembilan orang sebagai tersangka terkait kasus perusakan pembakaran hingga penjarahan Gedung Negara Grahadi Surabaya. Delapan dari sembilan pelaku masih di bawah umur. https://t.co/fM7U8IqDY1""""",neutral
"""""@adepedia 20 personel apa gak sanggup nahan penjarah? Kayaknya yg di SMI waktu awal2 mulai penjarahan massanya gak sebanyak di syahRONI""""",negative
"""""Kata Tempo SMI udah minta mundur dua kali terutama masalah penjarahan rumahnya. Pertama minggu pagi (31/8) di Hambalang. Kedua sore harinya saat pertemuan informal dengan Prabowo &amp"";"" Airlangga. Sore itu ada pertemuan dengan ketua parpol.""""",neutral
"""""Kediaman Uya Kuya dijarah saat demonstrasi di Duren Sawit. Polisi menetapkan 12 tersangka sementara Uya memilih berdamai dengan salah satu pelaku. https://t.co/f2N9K8oloo""""",positive
"""""Kasus penjarahan ini menyoroti kerentanan hukum dan ketertiban di beberapa wilayah terutama ketika massa berkumpul. Ini menunjukkan perlunya peningkatan edukasi hukum dan penegakan tegas agar masyarakat tidak mudah terprovokasi dan bertindak anarkis.""""",positive
"""""Para tersangka memiliki peran berbeda-beda mulai dari provokator aksi pelaku penjarahan barang-barang hingga penyerangan terhadap petugas kepolisian yang datang ke lokasi kejadian.""""",neutral
"""""Polisi Metro Jakarta Timur telah menetapkan 12 tersangka dalam kasus penjarahan rumah anggota DPR Uya Kuya di Pondok Bambu Duren Sawit. Kasus ini menarik perhatian publik luas. https://t.co/HYZA23jxUu""""",positive
"""""Setiap warga negara berhak menyuarakan pendapatnya. Namun kebebasan berpendapat harus dilakukan secara damai tertib serta jangan terprovokasi untuk melakukan perusakan dan penjarahan. #SalingJagaIndonesia https://t.co/ydJyYQfe2l""""",positive
"""""Setiap warga negara berhak menyuarakan pendapatnya. Namun kebebasan berpendapat harus dilakukan secara damai tertib serta jangan terprovokasi untuk melakukan perusakan dan penjarahan. #SalingJagaIndonesia https://t.co/63wjRMYJmO""""",positive
"""""@democrazymedia Demo dan penjarahan kmarin salah almt harusnya ke ini orang""""",negative
"""""@bakuldimsum_ Ada kak 19 jt lowongan buzzer dan provokator penjarahan""""",negative
"""""@CurutMincu37043 kalau temen sendiri biasanya tidak kelihatan dan Denial wkwk. Padahal yang dimasalahin itu demo anarkis dan penjarahan itu. Tapi lihat saja sekarang kelompoknya Ferry Irwandi merasa paling berjasa di demo DPR kemarin. Bahkan merasa paling berhak bikin tuntutan tapi nyalahin""""",negative
"""""Polres Jaktim tetapkan 12 tersangka kasus penjarahan rumah Uya Kuya di Pondok Bambu. Kapolres: ada provokator pelaku penjarahan &amp"";"" penyerang petugas. Polisi masih buru pelaku lain. #UyaKuya #Polri #Jakarta https://t.co/Iny4fdtEKN""""",neutral
"""""Polisi menetapkan 12 tersangka dalam kasus penjarahan rumah politikus PAN Uya Kuya. Penjarahan terjadi di Duren Sawit Jakarta Timur. https://t.co/6rIlQO1Ihi""""",neutral
"""""@tvOneNews Penjarahan harus di tindak tegas melalui hukum yg berlaku biar efek jera kepada siapapun yg melakukan kedepannya.""""",positive
"""""Gaes please nonton ini dan sebarkan. Kerusuhan dan penjarahan Agustus lalu itu bener2 sistematis. Yes kita udah menduga ke arah sana sejak awal. Tapi info2 dan analisis dr Tempo lebih tajam dan bikin gue makin hah heh hoh.""""",negative
"""""@si4riNew @bulepotanx Presiden Prabowo punya rekam jejak buruk selama tragedi 1998. Beliau turut andil dalam eskalasi kerusuhan dan penjarahan etnis Chindo. Orang China daratan menganggap keturunan China diaspora sebagai saudara mereka makanya sampe sekarang mereka masih gak terima.""""",negative
"""""Kasus Penjarahan Rumah Uya Kuya Polisi Tetapkan 12 Tersangka https://t.co/FEXfihEiR3 https://t.co/K3ZO7tWZnb""""",neutral
"""""Skrg malah cosplay penjarahan di rmhnya..Ya Gustiii itu makin ngeledek. Bnr2 udh mati hati nuraninya. Inget gaes 2029 JGN PILIH DARI ARTIS !!!""""",negative
"""""@neVerAl0nely__ bisa kau buktikan ini video setelah penjarahan?""""",neutral
"""""12 Orang Jadi Tersangka Penjarahan di Rumah Uya Kuya https://t.co/LE8PYFW505""""",neutral
"""""Tambah Lagi! 12 Orang Kini jadi Tersangka Penjarahan Rumah Uya Kuya https://t.co/pGkvN0cusc""""",neutral
"""""Perusakan Penjarahan atau Pembakaran bukan hasil provokasi tapi hasil manipulasi irrasional yang diorkestrasi mereka yang punya kekuatan untuk memanfaatkannya! https://t.co/ltG8rnvt8A""""",negative
"""""Pada dasarnya hasutan untuk bertindak irrasional seperti pembakaran penjarahan atau perusakan adalah tindakan demagogis bukan provokasi. https://t.co/DtabvaVnsH""""",positive
"""""Tersangka Kasus Penjarahan Rumah Uya Kuya Jadi 12 Orang https://t.co/A90my0GT8A""""",neutral
"""""@judiciYASS penjarahan di rumah sahroni""""",neutral
"""""Kerusuhan penjarahan dan kabar mundurnya Menteri Keuangan Sri Mulyani membuat pelaku pasar keuangan resah. Indeks Harga Saham Gabungan dan kurs rupiah sempat anjlok. Menteri Koordinator Perekonomian Airlangga Hartarto mesti turun ke lantai bursa untuk menenangkan pasar. https://t.co/ukwEnTmJ8b""""",neutral
"""""Isu Sri Mulyani Mundur Meresahkan Pelaku Pasar Kerusuhan penjarahan dan kabar mundurnya Menteri Keuangan Sri Mulyani membuat pelaku pasar keuangan resah. Indeks Harga Saham Gabungan dan kurs rupiah sempat anjlok. Menteri Koordinator Perekonomian Airlangga Hartarto mesti turun https://t.co/MDE9jmzOAG""""",neutral
"""""Tersangka Kasus Penjarahan Rumah Uya Kuya Bertambah Jadi 12 Orang https://t.co/ho87qrWJY6""""",neutral
"""""@PreciosaKanti Kok kmrn lolos dr penjarahan ya nih org""""",negative
"""""Pihak kepolisian memberikan kabar terkini perihal kasus penjarahan rumah Uya Kuya. Disebutkan ada 12 orang ditetapkan sebagai tersangka. https://t.co/p3MGD46Hwz""""",neutral
"""""Polres Metro Jakarta Timur menetapkan 12 orang sebagai tersangka dalam kasus penjarahan rumah Anggota Komisi IX DPR (nonaktif) Surya Utama atau Uya Kuya di kawasan Pondok Bambu Duren Sawit Jakarta Timur Sabtu (30/8) malam. 12 orang yang sudah kami tetapkan sebagai https://t.co/kXslZmERvV""""",neutral
"""""@txtdrimedia Kmrn kok lolos dr penjarahan""""",negative
"""""Penjarahan di Rumah Uya Kuya 12 Orang jadi Tersangka https://t.co/G9q5rcvKwo""""",neutral
"""""Taktik Kuno Lagian kalian kok bisa cari Kambing Hitam atas penjarahan sementara Bandar Judol meuni hararese? Cuma masang Spanduk Stop Judi Online/Offline ? Jangan2 orang2an lo lagi yak? Salam Presisi""""",negative
"""""Polisi Tetapkan 12 Tersangka dalam Kasus Penjarahan Rumah Uya Kuya #Polisi #Tetapkan #Tersangka #Kasus #Penjarahan #Rumah #UyaKuya #DemoBuruh #DemoMassa #Berita #Info https://t.co/9HCYroqgvr""""",neutral
"""""'Black mamba' viral dikaitkan hoax temuan penjarahan warga di rumah politisi. Terlepas dari itu ini kata dr Boyke. https://t.co/pIl23FRRGU""""",neutral
"""""@milenialbantenz Fokus pada tuntutan jaga persatuan dan jangan sampai ada penjarahan di lingkungan sekitar""""",positive
"""""Penjarahan tidak bisa dibenarkan https://t.co/iLQBsK8WJB""""",positive
"""""Polres Metro Jakarta Timur menetapkan 12 orang sebagai tersangka dalam kasus penjarahan rumah Anggota Komisi IX DPR (nonaktif) Surya Utama atau Uya Ku... https://t.co/6iHKv9rsBf""""",neutral
"""""Viral. Sri Mulyani Patah Hati Lukisan Bunga Dijarah #srimulyani #patahhati #penjarahan #quotes #fyp https://t.co/J26RtxOIZr""""",negative
"""""@savicali Ada dua kemungkinan maksud dari konseptor penjarahan: 1.Ingin menambah ekshalasi kerusuhan dengan penjarahan rumah personal pejabat. 2.Ingin mengalihkan sasaran kerusuhan dari kemarahan pada institusi menjadi kemarahan pada personal pejabat. Entah yang mana maksudnya?""""",neutral
"""""@kompascom Bukan penjarahan sih cuma pindahan diamankan dulu.""""",neutral
"""""Tapi ni bukan pembunohan besar-besaran dan penjarahan oleh pihak luarlah. Lebih ke perang saudara dan campur tangan Belanda. Sengaja menyelit. Hehe.""""",neutral
"""""Begitu brutalnya pembakaran halte dan fasilitas umum hingga penjarahan rumah sejumlah pejabat telah mengkambinghitamkan perjuangan emansipasi rakyat. https://t.co/36ACmdMCdz""""",negative
"""""Direktorat Tindak Pidana Siber Bareskrim Polri bersama Polda jajaran menangkap 7 orang tersangka yang diduga menyebarkan konten provokatif di media sosial terkait aksi penjarahan @CCICPolri https://t.co/LVsqYhGHe5""""",neutral
"""""Jadi siapa yg memotori penjarahan rumah Sahroni Eko Uya Kuya dan Sri Mulyani? Karena jawabannya membantu kita memahami apa yg sesungguhnya terjadi. Organik warga marah yg digerakkan Tiktok ato dimotori org-org terorganisir? Smntr ini yg ditangkep sptnya msh org sekitar.""""",negative
"""""@ARSIPAJA Sepertinya ibu ini tidak sadar bahwa dirinya selama ini telah lakukan penjarahan secara masal dan lebih besar besaran pada rakyat ini untuk biayai kelakuan konco konconya di pemerintahan dan parlemen..""""",negative
"""""@tanyarlfes penjarahan rumah fizi""""",neutral
"""""Direktorat Tindak Pidana Siber Bareskrim Polri bersama Polda jajaran menangkap 7 orang tersangka yang diduga menyebarkan konten provokatif di media sosial terkait aksi penjarahan #PolriPresisi #SalamPresisi #StaySafe #HindariProvokasi https://t.co/tAksoBo8zs""""",neutral
"""""Mari Jaga Kondusifitas Tolak Anarkis Penjarahan dan Mari kawal aspirasi dengan cara Damai dan Bermartabat https://t.co/hq6kMg3X5Y""""",positive
"""""@pjwoocue @txtdrimedia Laah mang mereka goblok siy.. Lah wong gak ada syarat S1. Saat penjarahan jg gak ada buku drmh2 mewah itu""""",negative
"""""@didilionrich Memang keputusan di DPR bersifat kolektif kolegial tapi @puanmaharani_ri yg termasuk yg se7. IRONIS MEMANG sebuah partai dg jargon partai WONG CILIK sikapnya gitu. Pdhal bisa saja dia tolak tt https://t.co/BOYtBmK3EP Walaupun demikian bukan artinya saya se7 penjarahan ya.""""",positive
"""""Keluarga Ahmad Sahroni tidak akan melaporkan ke polisi bagi warga yang mengembalikan barang-barang hasil jarahan mereka. Polres Metro Jakarta Utara telah melimpahkan pengungkapan kasus penjarahan rumah Ahmad Sahroni ke Polda Metro Jaya. Pihak keluarga juga menegaskan tidak https://t.co/PZ2ijKHUcz""""",positive
"""""https://t.co/xk7DyUOiz6 CILACAP - Penanganan kasus kerusuhan yang berujung perusakan penjarahan hingga pembakaran kantor DPRD Kabupaten Cilacap pada Sabtu 30 Agustus 2025 masih terus bergulir. Polresta Cilacap memastikan jumlah tersangka yang awalnya 12 orang kini meningkat https://t.co/R0CvcIWWDF""""",neutral
"""""Dugaan Sementara Netizen Tentang Keterlibatan Refly Harun Dalam Peristiwa Demonstrasi dan Penjarahan Di Rumah Ahmad Sahroni Eko Patrio Nafa Urbach dan Uya Kuya Menemui Titik Terang Setelah Delpedro Marhaen Diciduk.""""",negative
"""""Polda Jatim mengungkap penangkapan MT (19) warga Sampang yang melakukan penjarahan di Polsek Tegalsari Surabaya saat kerusuhan 29 31 Agustus 2025. @DivHumas_Polri #polriuntukmasyarakat #polripresisi #humaspolri #humaspoldajatim #poldajatim #polripeduli #unjukrasa #jawatimur https://t.co/ZRTqT3AlRQ""""",neutral
"""""Polda Jatim berhasil mengungkap rangkaian Aksi Anarkis yang terjadi di Kota Surabaya pada 29 31 Agustus 2025.Dari aksi pembakaran Gedung Negara Grahadi penjarahan di sejumlah lokasi hingga penganiayaan Aparat total 33 orang telah ditetapkan sebagai tersangka. @DivHumas_Polri https://t.co/vqcFkwy5nE""""",neutral
"""""Polres Metro Jakarta Utara Fasilitasi Penyerahan Barang Hasil Penjarahan di Rumah Ahmad Sahroni https://t.co/D7mZinRTVI""""",positive
"""""Sejumlah pejabat publik mengalami penjarahan di rumahnya. Usut punya usut akibat dari sikap dan pernyataannya yang memantik kemarahan masyarakat. Ikuti pembahasan selengkapnya di #PopNewsKompasTV pukul 09.30 WIB! ▶️https://t.co/rUTSoY7Gv2 https://t.co/m528t7bpjO""""",neutral
"""""GUA SAMA SEKALI GAK SUKA DAN GA SETUJU ADANYA PENJARAHAN Tapi gue demen doi ga nyaman dan ngerasa ga aman""""",negative
"""""Polresta Cirebon Ungkap Kasus Pengrusakan dan Penjarahan di Gedung DPRD dan Taman Pataraksa Polresta Cirebon berhasil mengungkap kasus pengrusakan pembakaran dan penjarahan yang terjadi di Kantor DPRD Kabupaten Cirebon dan Taman Pataraksa milik Dinas Lingkungan Hidup (DLH) https://t.co/zFb2NXvzFS""""",neutral
"""""@ARSIPAJA Penjarahan terbesar tuh dari pemerintah itu sendiri 1. Perampasan tanah adat 2. Perampasan tanah rakyat 3. Kerusakan lingkungan akibat tambang 4. Lingkungan jadi tercemar dan banyak rakyat yang jadi korbannya 5. Mengeruk SDA nya tetapi masyarakatnya yang jadi korbannya""""",negative
"""""Gara2 penjarahan &amp""; rusuh kemaren tiap ada perlu malem2 dan liat toko2 pada tutup jd parno sendiri Minggu lalu bener2 selisih sekian menit dari aku keluar beli makan sebelum ada kerusuhan &amp;"" pembakaran. Ngeri sendiri kalo diinget2""""",negative
"""""@hewentbananas @ariefrvv @salam4jari Si dongo msi aja denial ibu2 yg treak provokasi di tengah2 aksi penjarahan dan lantas di jadikan simbol pergerakan oleh para penjarah lalu lu glorifikasi? Logika iblis emang bebal """"",negative
"""""Sejarah Kerusuhan Demo tahun 1998 seperti terulang lagi. Ada yg meninggal ada yg luka ada yg hilang ada penjarahan dan pembakaran. Padahal pemerintahan sekarang belum ada setahun. https://t.co/5X64U4gvfU https://t.co/Nh62qHqrCb""""",negative
"""""Polda Jawa Timur menetapkan 42 tersangka dalam kerusuhan yang terjadi di Surabaya pada 29-31 Agustus 2025 termasuk pelaku pembakaran dan penjarahan d... https://t.co/oMERWjbX3p""""",neutral
"""""@ARSIPAJA Apakah Sri Mul punya rass kemanusiaan? Menjerat Rakyat Dengan Pajak Berlapis-lapis? Penjarahan rumah mu tidak sebanding dengan penjarahan uang rakyat jelata lewat berbagai rekayasa pajak berlapis mu.""""",negative
"""""2. Ketika dijarah ingatkan etika. Ketika memotong anggaran daerah untuk ciptakan chaos dia lupa etika. Yg bikin chaos geng dia sendiri. Kena imbas penjarahan kok marah. Ente penjahat yg dikorbankan penjahat Sri #VonisMatiNadiemMakarim #VonisMatiNadiemMakarim""""",negative
"""""@XXBoom6969 @NOizsee @xsouthernswavex @wukongtuwen Buktiin aja kalo itu propaganda. Kalo gitu lu bilang penjarahan dan pemerkosaan etnis china di 98 itu hoax dong? Padahal udah diakuin sama DPR kalo itu fakta. Lu tolol apa dongo?""""",negative
"""""Narasi fitnah serangan personal bahkan teror rumah hingga penjarahan semua itu bukan spontan. Ada desain besar di baliknya. Targetnya jelas → membuat Bu Sri Mulyani mundur agar kursi Menkeu kosong dan stabilitas fiskal Indonesia goyah. Inilah modus klasik operasi asing.""""",negative
"""""@KevinDota4 @unmagnetism Haha berharap jam tangan 11 milyar ala Sahroni? Untungnya yang asli udah dikembalikan setelah kejadian penjarahan. Kalau mau yang mirip Richard Mille RM 40-01 harganya emang selangit! Apa lagi nih?""""",positive
"""""@ch_chotimah2 Harus ada penjarahan dlu baru si puan bersuara""""",negative
"""""@johchr_29 @txtdrjkt Tgl 25 demo terorganisir tapi gak jelas dari siapa trus di medsos viral hastag bubarkan dpr dari akun yg semua pro pemerintah dan selalu mention gibran. So kita tau pihak mana yg paling benci dpr dan semua kebakaran dan penjarahan waktunya bertahap. Masak gini aja gk paham?""""",negative
"""""@e100ss Lho yg nabrak itu tidak sengaja!! Dan penjarahan itu juga spontanitas!! Tidak perlu ditangkap dan hanya ucap maaf sudah beres harusnya!! #MENOLAK LUPA.""""",neutral
"""""@ARSIPAJA Penjarahan SDA kamu diem bae. Ribuan Trilyun Mingkem""""",negative
"""""penjarahan rumah uya https://t.co/BM58DA0yz3""""",neutral
"""""Polisi berhasil menangkap 28 pelaku penjarahan kantor DPRD Kabupaten Cirebon Jawa Barat dan mengamankan berbagai barang elektronik yang dicuri. Sebagian besar dari pelaku yang ditangkap merupakan pelajar. Mereka terancam hukuman tujuh tahun penjara berdasarkan Pasal 363 tentang https://t.co/AclPRgdZYu""""",neutral
"""""@DPR_RI Pasal 87 KUHP tentang tindak pidana makar cukup memenuhi unsur niat/maksud dan unsur permulaan pelaksanaan. Kalau kmrn ada berita sebut kediaman Presiden jadi sasaran yang terakhir penjarahan mnkn yg begini yg dianggap makar? https://t.co/DchRsTE26D""""",neutral
"""""@Ronnie_Rusli Benar sekali ucapan seseorang terutama pejabat publik seperti Sahroni harus dipikirkan matang² sebelum diucapkan. Nasehat Sebelum bicara pikirkan bahayanya . Ucapan t*l*l dari mulutnya yang memicu amarah dan terjadi penjarahan rumahnya menunjukkan betapa berbahayanya lisan.""""",negative
"""""@OposisiCerdas Penjarahan rumah srimul settingan""""",negative
"""""@MilitaryObs_ID Biasanya yg begitu cuma 2 alasan. 1. Kena propaganda anarkontol dan progreshit. 2. Dia belum pernah merasakan sendiri rasanya ditengah tengah chaos nya ketika kerusuhan horizontal kerusuhan SARA penjarahan massal terorisme teror bom perang separatis. hey semua bs jd lawan..""""",neutral
"""""@CNNIndonesia Gak setuju dengan penjarahan tapi muak dengan para pemimpin dzalim. Tp yg menjarah juga ganjil dan mencurigakan ditambah karangan2 bunga lebay.. Ntah sengaja utk cari simpati dan ada agenda lain atau organik dr masyarakat..gak ada yg bisa dipercaya kecuali Allah Wallahu a'lam.""""",negative
"""""Rumah Dijarah Sri Mulyani Dapat Dukungan Mengejutkan: Janji Apa? Rumah Menteri Keuangan Sri Mulyani Dijarah Banjir Dukungan Mengalir Menteri Keuangan Sri Mulyani menjadi korban penjarahan di kediamannya di Pondok Aren Tangerang Selatan pada Minggu d https://t.co/HJNwzev81g""""",positive
"""""Kok bisa perempuan berjilbab lebar perintahkan instruksikan penjarahan Lol""""",negative
"""""Eh penjarahan kemaren di rumah sahroni eko sama uya kemarin kok kaya gajadi pembahasan yang ramai gitu juga ya di DPR? Kek angin lalu aja gitu. Padahal gua super penasaran dengan responnya... Makin percaya kalo penjarahan kemaren emang udah ada arahannye""""",neutral
"""""@DarsAlexandra1 Kenapa manusia satu ini bisa lolos dari penjarahan??""""",negative
"""""Pak @prabowo mohon maaf Dari demo yang berakhir penjarahan terkesan rakyatmu ini sedang bermasalah karena faktor ekonomi bagaimana progress program mengatasi masalah kemiskinan yang dilakukan para menterimu?""""",neutral
"""""Uya Kuya Kini Tinggal di Safe House Akui Trauma dengan Aksi Penjarahan https://t.co/0otCYZGvgV""""",negative
"""""Penjarahan...""""",neutral
"""""Bisa saja dimungkinkan ada kepentingan politik geng solo dibalik aksi kerusuhan dan penjarahan yang terjadi beberapa hari yang lalu. Apalagi jelas Presiden Prabowo melalui pernyataannya terkait aksi demo yang berujung ricuh tsb telah mengendus adanya indikasi makar. """"",negative
"""""Tapi warga tani tau ga sih ini semua (Desa ditinggal Kota sesak dan kumuh) dulunya karena ulah penjarahan/exploitasi terhadap tanah?""""",negative
"""""Lebih jauh Menko dapat memanggil Kapolri untuk evaluasi penanganan demo yang berujung kemarahan masyarakat sampai dengan penjarahan dan bertambahnya korban jiwa. Jika ditemukan kesalahan dapat memberi rekomendasi ke Presiden untuk penggantian Kapolri.""""",neutral
"""""Viral di Tiktok. Ini penjarahan bisa terus terjadi di rumah2 para koruptor kalau RUU Perampasan Aset Hasil Korupsi tidak segera disahkan. Ingat ini baik2 buat Parpol yang produksi koruptor. @Gerindra @NasDem @PDemokrat @PdiperjuanganP @PartaiGolkar @amanatnasional1 https://t.co/KuyWjrUkq8""""",positive
"""""Akun2 muslim pd ingatin penjarahan haram ulama ingatin penjarahan haram. Tp tetap kena framing juga. """"",negative
"""""Kalau saja viral di medsos orang china menghina pribumi waktu demo bubarkan dpr mungkin akan ada penjarahan ke toko2 dan rumah2 orang china.""""",negative
"""""@Labubung_koe Terkait penjarahan https://t.co/M1qryo50zZ""""",neutral
"""""@ionlyloveian @anxintruther @sangchyeoni ketua penjarahan rumah sahroni""""",neutral
"""""@ARSIPAJA penjarahan lewat uud pajak jauh lebih tidak berkeprimanusiaan.""""",negative
"""""Apel Malam Siaga 1 Pasca pengrusakan Dan Penjarahan di mako Polsek Ciracas Jaktim. di pimpin Kapolsek Ciracas *KOMPOL ROHMAD.S SH. MH* #SuksesMelaluiKebersamaan* https://t.co/QszFZcnGAS""""",positive
"""""@randomable_ Halah buzzer2 paling demen goreng ginian biar kasus kerusuhan dan penjarahan dilupain""""",negative
"""""Penjarahan di rumah sahroni membawa kita ke masa kebangkitan Ferrari""""",neutral
"""""Polisi Tetapkan 42 Tersangka Kerusuhan dan Penjarahan di Surabaya https://t.co/y70LEfi8ME""""",neutral
"""""@pencintaproduk Kamu tau nggak efek sampingnya? Indonesia lagi nggak baik baik aja dan kamu bikin narasi gini. Muka mereka dicatat dan bakal jadi korban penjarahan selanjutnya. Stop it you fvckin stupid!""""",negative
"""""@KompasTV Aparat tolong jagain rumahnya jgn ada penjarahan LG.""""",positive
"""""@profesor_saham Apa kerusuhan dan penjarahan kmrn memang settingan agar bisa naikin anggaran buat 3 instansi itu kah """"",negative
"""""Bukan main ! Tampilan agamis kayak gini ternyata main-actor penjarahan. Orang kayak gini tinggal selangkah tidak segan akan jadi operator terorisme besar.""""",negative
"""""Wah enak ya semua pejabat dapat dilayani oleh Bendahara Negara! Uang pemegang polis Program Saving Plan #Jiwasraya BUMN sudah 8 tahun belum dikembalikan oleh Bendahara Negara. Padahal kami sudah menang Inkracht di Pengadilan. Perasaan kami mengalami penjarahan oleh Negara.""""",positive
"""""Luapan ekspresi kemarahan dan seberkas penyesalan seperti tak bisa disembunyikan mengutuk keras adanya aksi pembakaran dan penjarahan. https://t.co/vyewXztxNI""""",positive
"""""penjarahan yang layak dijarah""""",negative
"""""Msh heran kenapa kok msh ttep diundang. Pdhl lky sendiri loo yg bilang kl pemerkosaan penjarahan persekusi etnih tionghoa dikeplai ini barang wkwkw *apa karna efek mul ya?""""",negative
"""""@Resty_J_Cayah Kemaren sekilas liat di TL katanya Hotman Paris mau advokasi demonstran yg ditangkap tp ga mau advokasi pelaku penjarahan tp knp dia banyak advokasi koruptor?""""",neutral
"""""Bagaimana lanjutannya ya. Sebentar lagi sudah 8 tahun setelah gagal bayar #Jiwasraya BUMN uang premi pemegang polis Program Saving Plan belum dikembalikan. Perasaan kami seperti mengalami penjarahan oleh BUMN. @prabowo @ojkindonesia @KejaksaanRI @keuangannews_id""""",negative
"""""@randomable_ mau nanya kalo kaya dijarah itu kan diem2 ya kaya maling gitu nah harusnya kan yg punya rumah ada dirumah kalo pas penjarahan gaada orangnya berarti udh tau? kalo udh tau kenapa ga diamanin rumahnya? udh ga pernah nonton sinetron indo aku jadi gatau yg beneran atau hanya akting""""",neutral
"""""@Muslim_AntiPKI9 Jadi jika terjadi penjarahan macam yg dialami Syahroni dll jangan salahkan rakya yah️️️ jika kritikannya tidak didengar pantas saja koruptor di negri ini merajalela https://t.co/icAfq2YN6E""""",negative
"""""@TirtoID Kenapa kaget? Seperti itulah penjarahan jika rakyat miskin maka buatlah kebijakan ekonomi yang mensejahterakan rakyat.""""",negative
"""""Lalu terjadi kerusuhan perusakan fasilitas umum dan penjarahan yang memang bertujuan sebagai upaya mengacaukan stabilitas.""""",negative
"""""tidak membenarkan penjarahan tidak mbenarkan kesombongan juga""""",positive
"""""@somexthread Cuma pengen tau diluar Penyampaian aspirasi di demo kemaren adakah yang kecewa dengan ekses yang ditimbulkan seperti pengerusakan pembakaran dan penjarahan?""""",neutral
"""""Bukan membenarkan penjarahan tapi itu yg kita rasakan sebagai rakyat yg harusnya memberi rasa aman malah jadi sumber ketakutan berperi kemanusian? Kalian pikir kalian memanusiakan manusia? tanah dirampas pendapatan dirampas dengan pajak dan segala potongan dan masih bnyk!!""""",negative
"""""Fragmen Kepala Ganesha Diselamatkan ke Rumah Aman Usai Penjarahan di Kediri https://t.co/T0xDmDSuzn""""",positive
"""""Tersangka Kericuhan di Jakarta 43 Orang Ada Klaster Penjarahan-Perusakan https://t.co/0TOiqZjwrG""""",neutral
"""""@nntweetnn @ARSIPAJA Wah Bu Sri Mulyani curhat hilang rasa aman pasca rumah dijarah 31 Agt 2025 rugi lukisan 17 thn lalu. Tapi data KPK 2024: korupsi rugikan negara Rp 59T setara 1 5 juta rumah rakyat. Ironis ya 'penjarahan' skala nasional bikin rakyat lama hilang perikemanusiaan. Menusuk? Data""""",negative
"""""@goonjol Apa ga ada penjarahan lagi ya nitip orang ini""""",neutral
"""""@txtdrimedia Gw gak setuju sih sama yg namanya penjarahan apapun alasannya. Tapi ngedukung si Uya Kuya ?? Najess tra lala.""""",negative
"""""@unntthpt2 ya ampun sayangg kamu tau gaj demo dimana' penjarahan dimana' lah kamuu kemanaa? aku kangenn hm""""",positive
"""""Pemerintah Kabupaten Kediri Jawa Timur menyimpan fragmen kepala Ganesha di rumah aman setelah sempat ditaruh lagi di Museum Bagawanta Bhari untuk beberapa waktu usai penjarahan. https://t.co/5xFulOSg8K""""",neutral
"""""Setiap warga negara Indonesia memiliki hak untuk menyampaikan aspirasi. Namun penyampaian aspirasi harus dilakukan secara damai. Untuk itu masyarakat jangan mau terprovokasi untuk melakukan aksi anarkis apalagi melakukan penjarahan. #SalingJagaIndonesia https://t.co/H01KWTHMsA""""",positive
"""""Setiap warga Indonesia memiliki hak untuk menyampaikan aspirasi. Namun penyampaian aspirasi harus dilakukan secara damai. Untuk itu masyarakat jangan mau terprovokasi untuk melakukan aksi anarkis apalagi melakukan penjarahan.Mari bersama kita jaga Indonesia #SalingJagaIndonesia https://t.co/M0ybTAuXhB""""",positive
"""""@cewecowoajaib @tham878 Kl bener sdh pinter mencerna kenapa masih ada penjarahan? Itu artinya gampang terprovokasi""""",positive
"""""Polres Tangsel Tangkap Sejumlah Penjarah Rumah Pejabat https://t.co/MbiF1qhRFW""""",neutral
"""""@GoodRecom Pak @ListyoSigitP Coba ente sama bawahan2 ente fokus ke orang2 itu. Gali info siapa yang ngijinin penjarahan. Cari tau sistemnya gimana. At least ente jadi tau cara penanganannya buat kedepan. Jangan cuma nangkepnya doang.""""",negative
"""""@ARSIPAJA Bukan membenarkan penjarahan rumah beliau juga ya. Cuma kami rakyat kecil juga udah lama hilang rasa keadilan dan kesejahteraan bu. Pajak semakin besar lapangan kerja susah kebutuhan pokok naik. Dimana empati dan kemanusiaan ibu dan kawan2 ibu selama ini?""""",negative
"""""@WongAlasRoban Ada yg kirim karangan bunga dukungan penjarahan rumah gak?""""",negative
"""""@Pak_Penx @RadioElshinta Iya aneh memang. Menurut laporan Detik dan Okezone pakaian dalam memang ikut dicuri saat penjarahan rumah yang disangka milik Nafa Urbach. Tapi sebenarnya itu rumah kontrakan Zack Lee mantannya. Meme kutipan marah itu tampaknya cuma viral di medsos bukan pernyataan resmi. """"",neutral
"""""@txtdrimedia Aneh bet @kemendagri yaak...? Kekhawatirannya kok takut diviralkan dimedsos. Bukannya diingatkan agar pejabatnya mengurangi hedonism berempathy dg kondisi ekonomi masyarakat! Padahal kata doi pintar skarang mendadak pekok?? Efek penjarahan rumah pejabat minggu lalu kayaknya""""",negative
"""""Direktorat Tindak Pidana Siber Bareskrim Polri bersama Polda jajaran menangkap 7 orang tersangka yang diduga menyebarkan konten provokatif di media sosial terkait aksi penjarahan #PolriPresisi #SalamPresisi #StaySafe #HindariProvokasi https://t.co/Js113Wlwaa""""",neutral
"""""@terratemps Sentimen ini bung bisa aja diarahin ke akarnya/sistemnya tapi butuh waktu pasti bkn hal yg gak mungkin. Kaya kemarin soal intel perusak/penjarahan kan pada sadar tu. Yg lebih bodoh lagi mah tiba2 narasi mafia riza chalid dibalik gerakan ini wkwk cari kambinghitam bgt""""",negative
"""""Makanya gaya bicaranya jangan seperti koruptor https://t.co/fg7DEF2gbT via @tribunnews""""",neutral
"""""@akbarfaizal68 Sy tdk setuju dengan kata warga . Seolah olah kita semua ini setuju dengan pengrusakan dan penjarahan""""",positive
"""""Eko Purnomo perajin kostum asal Tulungagung tiba-tiba viral karena kostum Iron Man buatannya diduga hasil penjarahan milik Ahmad Sahroni anggota DPR RI. Awalnya Eko mengunggah foto kostum tersebut di media sosial namun kemudian dituduh menjarah setelah kerusuhan di Jakarta. https://t.co/5armoIaFmo""""",neutral
"""""SHOLAT GERHANA ADALAH SARANA PENGALIH DAN PEMBOHONGANYG SUKSES. KARENA KETERBATASAN WAWASAN..TIDAK ADA KORELASINYA GERHANA DENGAN KERUSUHAN YG DIBALUT DEMO PENJARAHAN.""""",neutral
"""""@susipudjiastuti Ngga mungkin bu menkeu bu beliau lagi merasa tersakiti karena penjarahan dirumahnya tapi lupa kalau rakyat 'dijarah' lewat pajak hanya untuk gaya hidup pejabat..""""",negative
"""""Warga di Dekat Rumah Ahmad Sahroni Mengaku Tak Kenali Wajah Provokator Penjarahan https://t.co/j6481C3t9I""""",neutral
"""""Karena ada penjarahan fix gaji naik Kerja kerja kerja """"",negative
"""""Polisi Tangkap Provokator Penjarahan Rumah Uya Kuya di Jakarta Timur https://t.co/oK29zLyyAn""""",neutral
"""""@neoretropolism Beda... Satu menggunakan regulasi satu tarung bebas... Itulah pentingnya adanya pengurus atau pemerintah dalam masyarakat... Kalo si miskin mengambil langsung harta si kaya tanpa regulasi atau sebaliknya itu namanya penjarahan dan perampokan...""""",neutral
"""""@P3gEl Julas sengaja orangnya itu2 aja yg sponsorin jebolin rumah yang mau dijarah. Yang pake sweater belakang gambar bendera Korsel tertangkap kamera ada di beberapa lokasi penjarahan""""",neutral
"""""@MemoryF42523 @folkareamedia Ini gambar dari pertemuan Uya Kuya dengan seorang ibu lansia yang mengambil AC dari rumahnya saat insiden penjarahan. Ibu itu hidup miskin rawat cucu disabilitas dan Uya memilih memaafkannya melalui restorative justice bahkan beri uang jajan. Salut atas sikapnya! ()""""",positive
"""""tetap vertikal bu protes ke polisi kenapa ndak bisa ngamanin rumah situ! yang menyebalkan dari ini adalah seolah penjarahan ada kaitannya dengan protes rakyat bahkan tanpa beliau ngomong explisit. nyebahi.""""",negative
"""""@hajarsabrani @Dandhy_Laksono @ARSIPAJA Penjarahan bersifat personal tpi identitas dia sebagai penjabat ga bisa lepas begitu saja bang. Wajar aja jika msy menarik kesimpulan kalo menjarah gpp asal bukan rmh dia.""""",neutral
"""""Polresta Cirebon menetapkan 28 orang sebagai tersangka kasus perusakan dan penjarahan kantor DPRD Kabupaten Cirebon dan Alun-alun Pataraksa Sumber. Perusakan dan penjarahan kantor wakil rakyat ini terjadi pada Sabtu (30/8/2025). . Kapolresta Cirebon Kombes Pol Sumarni https://t.co/WNn7KgDO5e""""",neutral
"""""Jadi penjarahan rumah sri mulyani oleh massa kemarin..... https://t.co/jJYgcaZEcJ""""",neutral
"""""@DS_yantie Penjarahan tidak bisa dibenarkan dari perspektif apapun. Tanpa maksud untuk menyalahkan atau menghakimi korban penjarahan seharusnya pembuat kebijakan pemerintah beserta DPR instropeksi dan berbenah mengapa kebijakannya tidak mampu mendistribusikan keadilan buat masyarakat ?""""",positive
"""""@yyeolaa @ichikiwhere Tragedi 98? Oohh proses penculikannya ya penjarahan pemerkosaannya. Gitu kan maksudnya?""""",neutral
"""""Hmm Uya Kuya maafin pelaku penjarahan rumahnya tapi tetap mundur dari DPR ga nih? https://t.co/t7Pwhl8DKG""""",neutral
"""""@tanyabiartahu @ARSIPAJA Istilah playing victim merujuk pada sikap berpura-pura korban untuk simpati atau hindari tanggung jawab. Sri Mulyani memang alami penjarahan nyata tapi kritik muncul karena kebijakannya seperti pajak dan pemotongan anggaran dianggap bebankan rakyat. Beberapa sumber lihat ini""""",neutral
"""""Pemerintah dan Kepala Staf TNI menegaskan akan mengambil langkah tegas terhadap anarkisme"";"" Presiden Prabowo dan Menhan Sjafrie menyatakan negara tetap menghormati kebebasan berpendapat tapi tidak membiarkan tindakan anarkis seperti penjarahan dan perusakan.""""",positive
""""" Penjarahan rumah pejabat publik termasuk milik Ahmad Sahroni Eko Patrio Uya Kuya Sri Mulyani dan Puan Maharani. Barang-barang seperti sepeda lipat lukisan hingga lemari dijarah massal.""""",neutral
"""""Unjuk rasa yang semula memprotes besaran tunjangan anggota Dewan Perwakilan Rakyat ini berubah menjadi kerusuhan dan penjarahan.""""",neutral
"""""Mangkanya gw bilang yg gw khawatirkan dr penjarahan kalo gerakannya udah ga kekontrol dan berimbas ke sasaran yg salah. Klo perihal rumah si curut yg jd korban mah bodo amat.""""",negative
"""""Wkwkwk. Kayak yg klo protesnya baek-baek bakal didenger ajah. Itu kmrn kalo ga ada penjarahan juga curut-curut ga bakal pada minta maaf.""""",negative
"""""@Tan_Mar3M Klau ngak dipilih roda pemerintahan ngak berjlan?..trus maunya bubar aja gmna?..sdh bener.demontrasi berujung ricuh penjarahan dll.tuk mngingatkan agar benar2 berbenah jgn diulangi lg..berharap presideb bubarkan DPR pun sdh pasti ribut lagi..""""",positive
"""""@OjolNyambi Ketika dijarah ingatkan etika. Ketika memotong anggaran daerah untuk ciptakan chaos dia lupa etika. Yg bikin chaos geng dia sendiri. Kena imbas penjarahan kok marah. Ente penjahat yg dikorbankan penjahat Sri #VonisMatiNadiemMakarim #VonisMatiNadiemMakarim https://t.co/D76BsVzAjZ""""",negative
"""""Rumah Jadi Sasaran Penjarahan Sri Mulyani Dapat Dukungan Lewat Karangan Bunga https://t.co/XEc5qqfDzN""""",positive
"""""@southernseaaa SiapApun boleh melindungi negaranya masing masing boleh mengkritik pemerintahnya dpr nya baik itu orang kaya atau orang miskin tapi penjarahan penyerangan pengrusakan pembakaran tetap tidak dibenarkan yg mengkritisi pemerintah perlu dilindungi siapapun yg bisa""""",positive
"""""@qouayajaut @on_thursdayyy @garcondepapua @narkosun Rakyat mana yg lu bela? Postingan terkait penjarahan ini Lu mau jawaban apa? Suara Rakyatnya yg mana? Coba dari lama tanggapan lu cuma anggap pemerintah yg salah sementara lu dah ngapain?""""",negative
"""""Ada khatib jum'atan malah nge-gaslight rakyat indon dpt pemerintah yg ga baik krn rakyatnya jg ga baik katanya demo penjarahan dll eh tolol itu semua akibat dr kecacatan pemerintah indon penjarahan itupun udh banyak yg bahas kl pelaku2nya bayaran buat bikin rusuh """"",negative
"""""@jhonsitorus_19 Ya Allah.. Orang bebal jadi DPR wajar kalo rakyat marah sesungguhnya enggak marah ke Menkeu tetapi pd Anggota DPR AROGAN spt ANDA. salah saya mendoakan ti TDK terjadi penjarahan di rumah Anda.. Krn ternyata anda lebih miskin ADAB. Kalo bukan Sri Mulyani sdh habis ekonomi Ind""""",negative
"""""@sutanmangara Si opung ini acap kali berucap kasar tapi knapa rumahnya aman dari penjarahan..?!!!""""",negative
"""""@KRathalos97 @Graminale Ya ada yang nunggang aksi tsb banyak banget dari kaum rasis dan mau genosida Tionghoa sebenarnya ada yang mau ciptakan penjarahan dimana-mana juga ada intinya aksi kemaren banyak yang nyusup dan mahasiswanya mendiamkan itu fakta""""",negative
"""""@AriPrim77224080 @on_thursdayyy @garcondepapua @narkosun Gw juga udah ngasi peringatan gw ga mendukung penjarahan bahkan gw ga ikut demo makanya gw nanya ke lu apa yang seharus nya di lakukan Berbenah Menurut gw ga tepat aja yang ga paham demokrasi itu lu bang""""",positive
"""""Gimana dg penjarahan yg dilakukan negara dg pemberian konsesi hutan tambang yg merusak lingkungan hutan adat masyarakat adat yg tergusur sumber penghidupan rusak sumber air minumnya tercemar sakit yg ditimbulkan oleh kerusakan lingkungan akibat tambang.. @Dandhy_Laksono""""",negative
"""""Siang ini di mesjid sebelah khotbahnya tentang tidak membenarkan penjarahan apa pun alasannya walaupun kita nilai itu harta diperoleh dgn cara haram. Bapak this is one of the best things I hear this week.""""",positive
"""""Dan kesombongan @DPR_RI harus ada penjarahan harta mereka? ternyata betul mereka lebih sayang harta dari pada Rakyat yang telah memilihnya. Sumber: YouTube https://t.co/draQGqJ2rB""""",negative
"""""Yah kirain takut DOSA :) Takutan dipidana ya daripada dosa Polisi telah menangkap 6 tersangka penjarahan alias RAMPOK https://t.co/1Yal1DLOO1""""",neutral
"""""Warga Kembalikan Kasur Hasil Penjarahan di Rumah Uya Kuya https://t.co/BaMDK3NI0Z""""",positive
"""""Analisis: Penumpang Gelap Pesta Penjarahan dan Narasi yang Dikunci Negara Dasco bilang DPR tidak menemui mahasiswa karena situasi tak kondusif dan adanya penumpang gelap. Sri Mulyani curhat bahwa penjarahan rumah pejabat terlihat seperti orang sedang berpesta . Sekilas https://t.co/mOKUhGEqMw""""",neutral
"""""@CNNIndonesia Pemilik akun Tiktok ini adalah salah satu pelaku yang ikut menjarah rumah Eko Patrio dan kelompok mereka juga mencoba melakukan penjarahan di rumah Puan tapi bisa digagalkan oleh aparat keamanan Tangkap pemilik akun Tiktok ini untuk mencari tau siapa dalang yg menyuruh mereka https://t.co/ddMKDQSYK3""""",neutral
"""""Sri Mulyani Kenang Lukisan yang Dijarah: Runtuh Rasa Perikemanusiaan #riauonline #riauonlinecoid #penjarahan #penjarahanrumahsrimulyani #Srimulyani https://t.co/OemjUWp5HT""""",neutral
"""""Polisi Tangkap Terduga Penghasut Penjarahan Rumah Uya Kuya https://t.co/kf3frOEdIE""""",neutral
"""""@Gojekmilitan Pemilik akun Tiktok ini adalah salah satu pelaku yang ikut menjarah rumah Eko Patrio dan kelompok mereka juga mencoba melakukan penjarahan di rumah Puan tapi bisa digagalkan oleh aparat keamanan Tangkap pemilik akun Tiktok ini untuk mencari tau siapa dalang yg menyuruh mereka https://t.co/e1p9B3Zwaa""""",neutral
"""""Tindakan anarkis bahkan penjarahan itu tidak dibenarkan secara moral &amp"";"" hukum. Lebih tidak benar lagi jika tindakan itu untuk mengkerdilkan arti demonstrasi yg sebenarnya. - Mario Tebu - https://t.co/hdN0tdCOV0""""",positive
"""""@jhonsitorus_19 Pemilik akun Tiktok ini adalah salah satu pelaku yang ikut menjarah rumah Eko Patrio dan kelompok mereka juga mencoba melakukan penjarahan di rumah Puan tapi bisa digagalkan oleh aparat keamanan Tangkap pemilik akun Tiktok ini untuk mencari tau siapa dalang yg menyuruh mereka https://t.co/Zwc7Ibl5lw""""",neutral
"""""@adamjaylen5 @ARSIPAJA Sri Mulyani sebagai Menkeu memang sering dikritik soal kebijakan pajak yang dianggap membebani rakyat seperti reformasi PPN dan cukai. Tapi insiden penjarahan rumahnya pada 31 Agustus 2025 adalah tindak kriminal terpisah dan dia menyatakan kehilangan rasa aman serta""""",negative
"""""Senjata laras panjang di rumah Sahroni. Ditemukan saat terjadi penjarahan. https://t.co/UF7pFY4rJ0""""",neutral
"""""@great_fleet Hujan salah polisi Halte dibakar salah intel Fasilitas umum dicoret coret salah provokator Penjarahan rumah dpr salah siapa?""""",neutral
"""""@CNNIndonesia Saya tidak membenarkan penjarahan tapi kya lebay sampe kiriman bunga segala Rakyat tuh Ditindas dgn pajak kebijakan yg ga pro rakyat duit pajak dipake buat kemewahan para dewan para pejabat . Gila hormat gila harta pejabat di negri konoha""""",negative
"""""baru sadar ngerepost konten day 1 penjarahan sahroni di akun client setelah 5 hari """"",neutral
"""""@CNNIndonesia Kita yg waras pasti punya empaty utk bu SM dan sangat menyesalkan kejadian tsb ttp ya engga usah lebay pakai karangan bunga segala. Malah jadi ke kanak2an. Kita bersyukur Bu SM dan keluarga tdk ada di lokasi ketika terjadi penjarahan (yg msh sisakan tanda tanya knp bisa terjadi""""",negative
"""""@mosesmovingon @Alurisjad Demi apaseh gak sia-sia gw ngabisin robux semalem..? Bisa terhindar dari penjarahan ? """"",positive
"""""@gandjar_bondan @Yusrilihza_Mhd Setuju dgn Prof Yusril hadapi aja proses hukumnya. Biar adu argument di pengadilan. Delpedro di duga mengajak masyarakt anak2 skolah melakukn anarkis penjarahan pembakaran fasilitas umum melemparkan bom molotov ke aparat ini fakta tujuan nya jelas membuat Keos seperti 1998.""""",neutral
"""""@swaraqalbu @ARSIPAJA Lebih aneh lagi banyak yg berbahagia dgn penjarahan. Ga usah bicara halal dan haram dulu etika ketimuran kita sudah hilang. Miris...""""",negative
"""""SEDIKITPUN saya TIDAK SIMPATI walaupun juga tidak membenarkan PENJARAHAN.. #MenteriTanpaNurani cc @KemenkeuRI @DPR_RI https://t.co/xcBiJnxrJR""""",negative
"""""@anaanne6 @Dennysiregar7 Betul yg bahaya adalah tehnik Brainwash digunakan untuk memprovokasi gerakan mahasiswa... Skenario kedua menggerakkan massa anarkis anak2 labil Skenario ketiga menggerakkan massa utk melakukan Penjarahan""""",neutral
"""""Bandung Semarang Surabaya Makassar Aceh dan Yogyakarta. Di beberapa kota kericuhan tersebut diikuti dengan aksi pembakaran dan penjarahan.""""",neutral
"""""@ARSIPAJA Penjarahan emang tidak dapat dibenarkan. Lalu Ibu menaikkan pajak terus-menerus apa bisa disebut berperikemanusiaan juga? Korupsi sudah ribuann triliyun masih bisa disebut berperikemanusiaan?""""",positive
"""""Penjarahan Properti Pejabat: Refleksi Kesenjangan Penguasa dan Rakyat https://t.co/d7IoKZ632J""""",neutral
"""""Anggota DPR RI non aktif Uya Kuya memutuskan untuk memaafkan salah satu terduga pelaku seorang ibu lanjut usia atau lansia yang ikut membawa salah satu barang dari rumahnya. https://t.co/bHvHbtfSKD""""",positive
"""""Radya Pustaka mengalami penjarahan dalam senyap bertahun2. Siapa pelakunya?""""",neutral
"""""@sfruitnanas Sama halnya dengan pajak. Penjarahan atas nama hukum.""""",negative
"""""(((Rasa aman hilang akibat penjarahan))) Congratulations on experiencing being CHINDO Tapi kami dijarah karna provokasi elit. Harta yang diambil adalah dari hasil keringat sendiri. Anda dijarah karena buah dosa anda sendiri merampok rakyat! We are not the same!""""",negative
"""""Agustus kemarin kalau tidak ada kasus Affan sang martir juga pengrusakan yang massif penjarahan dan ontran-ontran besar lainnya percayalah DPR pejabat atau mereka yang berkuasa tidak akan berubah.""""",neutral
"""""BIN Bais TNI Intel Polri menyelidiki dalang kericuhan dan penjarahan Demo: https://t.co/mg3JulsDMp""""",neutral
"""""@RadioElshinta HUKUM MANDUL DI +62 TEMBANG PILIH HUKUM KORUPTOR!!! SHG PENGRUSAKAN&amp""; PENJARAHAN RUMAH PEJABAT MERUPAKAN JAWABAN RAKYAT YG MURKA!!!SEMUA ADA SEBAB AKIBAT!!IBARAT LU MAKAN MAKA LU AKAN KENTUT&amp;""EEK!!! KL HUKUM MANDUL MAKA HUKUM RAKYAT BICARA!!!SESIMPLE ITU!!!""""",negative
"""""@yorselves Gw ga rela demo dan penjarahan udahan..knpa mbah ini bisa lolos dgn selamat """"",neutral
"""""@RadioElshinta SUKA/TDK PENGRUSAKAN RUMAH PEJABAT ADLH HAL BARU&amp"";""MERUPAKAN SHOCK TERAPI YG EFEKTIF MSLH PENJARAHAN ADLH EFEK SAMPING!!! BEGITU JUGA DEMO MEMILIKI EFEK SAMPING RUSUH!!! BILA TDK INGIN HAL DIATAS TJD MAKA URUS RAKYAT DGN BAIK BUKAN MALAH EKPLOITASI ALAM UTK KAKAYAAN PRIBADI!!!""""",negative
"""""Provokator Penjarahan Rumah Uya Kuya Melalui TikTok Ditangkap Polres Metro Jaktim https://t.co/EhIrlSiOiM""""",neutral
"""""@IndominusBlue @txtdrpemerintah pun setelah ditantang soal debat dan face to face sama mba salsa dia jg malah kabur ke luar negeri. muncul ancaman penjarahan sahroninya bilang rumah dia terbuka. jadi ya? coba kalau nggak semakin nantangin masyarakat pun nggak akan semena-mena buat jarah properti pribadi.""""",neutral
"""""Ketidakadilan ekonomi dan hukum adalah biang keladi keresahan dan aksi-aksi demo jalanan. https://t.co/XiPmm9Rc4E""""",neutral
"""""@CYFat @cimoltriplex @qonsberry @randomable_ Wiranto sebagai Panglima ABRI saat kerusuhan Mei 1998 bertanggung jawab atas respons militer yang dinilai lambat dan tidak memadai oleh Tim Gabungan Pencari Fakta (TGPF). Ada dugaan keterlibatan elit militer dalam memprovokasi kekerasan termasuk penjarahan dan pembunuhan yang""""",negative
"""""@grok @cimoltriplex @qonsberry @randomable_ Apa keterlibatan wiranto di kerusuhan 98 khususnya penjarahan pembunuhan dan pemerkosaan massal?""""",neutral
"""""@txtdrimedia Yah inilah sifat manusia Indonesia tll mudah memaafkan. 2029 dia nyalon dpr lagi kemungkinan besar akan terpilih lg dg menggunakan drama penjarahan ini.""""",positive
"""""Sesuai dengan Pasal 363 KUHP pelaku aksi penjarahan tetap harus diproses pidana meskipun barang hasil jarahan telah dikembalikan. #DemokrasiTanpaAnarki #IndonesiaReset #selamatkanindonesia #tuntutanrakyat #bbtvi #GSTReforms2025 https://t.co/6jbdG208aN""""",positive
"""""Viral di media sosial 'black mamba' diklaim ditemukan di rumah politisi Ahmad Sahroni saat penjarahan. Ternyata foto tersebut berasal dari insiden lama. https://t.co/EmV1yFTyoh""""",neutral
"""""@DS_yantie Ratusan juta merasakan penjarahan selama 10 th lbh buk..""""",negative
"""""Apa Isi Flashdisk Putih Sahroni yang Hilang Saat Penjarahan? NasDem Sampai Buka Suara Begini Di antara deretan barang mewah yang hilang saat rumah politisi NasDem Ahmad Sahroni dijarah massa pada 30 Agustus lalu satu benda kecil justru menjadi pusat misteri dan spekulasi liar https://t.co/dIEGamB40c""""",neutral
"""""@white_lyly @DS_yantie Pesta penjarahan harta rakyat dimulai?""""",negative
"""""@DS_yantie Sy tidak membenarkan penjarahan. Tapi Srimul ente teu mikir knp rakyat berbuat begitu? Ngaca introspeksi.""""",positive
"""""Permintaan Maaf Sri Mulyani hingga Barang Jarahan Dikembalikan Warga #riauonline #riauonlinecoid #Srimulyani #penjarahan #penjarahanrumahsrimulyani https://t.co/AJPDZgpB7e""""",positive
"""""@Ary_PrasKe2 Dia baru masuk politik. Gak paham betapa palsu dan jahatnya orang2 politik. Gak mungkin dia yg hanya joget joget jd sasaran penjarahan kalau tdk ditarget untuk pengalihan atensi. Dari rusuh depan Mako Brimob pindah ke rumah2 target.""""",neutral
"""""@blank0429 PENUSUP DEMO... INI MUNGKIN PROVOKATOR PENJARAHAN""""",neutral
"""""@DS_yantie Menarik pajak kepada rakyat secara masif bukan kah penjarahan juga? Ditambah lg dg ancaman dan keluar saja dr Indonesia atau jangan jadi WNI . Bila belum sadar juga presiden dan menteri serta anggota dewan yg tidak mewakili rakyat perlu merasakan dijarah juga """"",negative
"""""@fadlizon Sebaiknya segala macam benda bersejarah tetap di belanda agar lebih aman dari penjarahan sehingga anak cucu kita dapat melihat di masa akan datang""""",neutral
"""""Anisa Bahar angkat bicara soal legitimasi artis di politik setelah penjarahan rumah anggota DPR. Ia menegaskan niat tulusnya untuk bantu masyarakat. https://t.co/Nmsy0TQe6B""""",positive
"""""Maaf bu ya bagaimana kalau rakyat membalikan kata-kata ibu"";"" Para penagih Pajak seperti 'berpesta' mengambil penghasilan upah gaji dan pendapatan rakyat untuk bayar pajak ini dan itu. Saya mengecam Penjarahan karena itu bukan ajaran Islam. https://t.co/M9sIQIA69S""""",positive
"""""Tuhkan yang real tuh cuma penjarahan saroni. Sisanya ya ikut-ikutan.""""",neutral
"""""Delpedro Marhaen Mahasiswa Pembenci Jokowi Sering Muncul Di Youtube Bareng Refly Harun Pecatan Komisaris Kini Tersandung Dugaan Makar Karena Hasut Demonstran Untuk Melakukan Penjarahan Di Rumah Ahmad Sahroni""""",neutral
"""""hilih yg penjarahan rumah lu aja settingan kocak sok-sokan takut""""",neutral
"""""Giliran laporan penjarahan properti pejabat langsung deh polisi gercep memang penjarahan tidak dibenarkan.Masalahnya penjarahan yang dialami masyarakat gimana tuh laporan banyak yang tidak diproses wkwkkkwkwk.""""",negative
"""""Artis sekaligus anggota DPR nonaktif Uya Kuya mengalami ketakutan pada beberapa hal gegara penjarahan yang dialaminya. Dia mengaku takut keluar rumah hingga membuka media sosial. Saking takutnya buka media sosial Uya Kuya baru berani melihat video aksi penjarahan di rumahnya https://t.co/dfUQ4h510F""""",negative
"""""@NovalAssegaf Dikit amat dibandingkan dengan penjarahan tikus Tiongkok yang bebas mencuri wilayah RI serta tambang emas dll puluhan ribu trilyun rupiah per tahun sepuluh tahun terakhir berlanjut hingga akhir jaman tanpa pajak pasti bisa dibayar""""",negative
"""""BREAKING NEWS SU Mahasiswa Unnes Tersangka Penjarahan DPRD Jepara TV 42 Inch Jadi Buktinya https://t.co/gU1nUwA8ti""""",neutral
"""""Dan sekarang fokus pemerintah seringnya cuma soal menindak aksi penjarahan rumah pejabat. Anying lah mau pengalihan isu apa gimana? Mau playing victim? Itu tuntutan rakyat beresin dulu blog""""",negative
"""""Uya Kuya Ajukan Restorative Justice Terhadap Pelaku Penjarahan Rumahnya https://t.co/FHLNjfAvLJ""""",positive
"""""Harusnya mbok yo mikir juga. Penjarahan di rumah-rumah koruptor itu terjadi bukan karena ga ada sebab. Instrospeksi knp rakyat bisa semarah itu. Baru gitu doang udh ngerasa kayak paling disakiti. Itu ga seberapa dgn penderitaan rakyat. Kalo ga mau diamuk warga kerja yg bener""""",negative
"""""Polisi tangkap terduga provokator penjarahan rumah Uya Kuya https://t.co/dzNJC0UpkH https://t.co/KtnI06ZqhG""""",neutral
"""""Koruptor di negeri ini gak pernah dihukum secara adil. Biar aja sekarang gue melihat penjarahan rumah koruptor itu sebagai ganti bentuk hukuman yang cukup setimpal buat mereka.""""",negative
"""""@JancukSaciladh @randomable_ Kenapa rumah para penjahat yg jadi pejabat lainn6a tidak diserbu penjarah ? Bisa jadi yang menggerakkan penjarahan adalah penjahat negara""""",negative
"""""@elisa_jkt penumpang gelap yg terorganir aksi spontanitas maupun targetan yg berujung penjarahan. 3.aksi masa disemua daerah terdeteksi gerakannya mulai meningkat menjadi kerusuhan 4.secara nasional eskalasinya potensial menjadi chaos 5.""""",neutral
"""""Sebagian penjarahan yg terjadi bukan dilakukan oleh warga. Kalaupun itu warga yg ngelakuin dan yang dijarah adalah rumah koruptor yaudahlah ya. Anggaplah itu bentuk kemarahan rakyat karena terus-terusan ga didengar dan kelaparan. Mental pejabat kita memang harus dikasarin dulu""""",negative
"""""Lu sok soal penjarahan artis jadi tragis. Mending lu jadi anggota DPRD ya """"",negative
"""""@AstrianElsa @kafka_____ Bung Tomo dulu tak bersenjata hanya modal mic di radio. Org2 jd berani hadapi tank dg golok. Jd jgn remehkan mulut ya.. mulut kasar jg bs mancing bunuh org penjarahan dll.""""",neutral
"""""Polisi tangkap terduga provokator penjarahan rumah Uya Kuya https://t.co/QAQG6LuBAq""""",neutral
"""""@Kanseulir Masalahnya penjarahan alam indonesia sudah dilindungi undang-undang (yang sudah dipesan) dan didukung oknum yang memiliki kewenangan yang artinya mereka melakukan kolusi dengan oknum pemerintah untuk melancarkan penjarahan secara legal .""""",negative
"""""@randomable_ Kalau memang penjarahan kemarin organik aku yakin tua bangka gak napak tanah ini pasti kena jarah juga rumahnya tapi karena pelakunya oknum yg mau fitnah rakyat ya loloslah dia kan temennya.""""",neutral
"""""@detikcom Giliran yg beginian cepet kerjanya.... Coba kalo rakyat biasa.... Apalagi para korban penjarahan Mei 1998....""""",negative
"""""@operation242153 @abcdsyxxx @pluronic123 Kalau itu sih orang kita sendiri juga bilang begitu. Jangan ngadi² nyalahin orang terus. Ini demo sudah banyak yg dukung perusakan fasum dan penjarahan. Habis itu dikit² nyalahin intel. Jangan semakin merusak image Indonesia dengan nuduh negara orang ye.""""",neutral
"""""@LULUSAN_SD_ Yang pasti di demo ini ada yang menunggangi sehingga terjadi aksi pembakaran dan penjarahan di daerah saya jadi sudah selayaknya inisiator provokator demo ini ditangkap dan diadili. Kedepannya kalau demo jangan seperti ini.""""",positive
"""""#Amanbersamarakyat https://t.co/SeCQbGjYjc Target penjarahan terahir di rmh Presiden Prabowo @prabowo ? Lihat video Monitor Yth Bpk Presiden @prabowo @Gerindra Harus di usut siapa penggerak demo makar tsb?""""",neutral
"""""#Amanbersamarakyat https://t.co/yetEKnt8in Rmh Presiden Prabowo target terakhir sasaran penjarahan oleh pendemo makar dlm bbrp hari yg lalu. Monitor Yth Bpk Presiden @prabowo @KejaksaanRI @Gerindra Usut tuntas siapa penggeraknya dan tangkap.""""",neutral
"""""@NenkMonica Suruh kembalikan penjarahan tikus Tiongkok yang bebas mencuri wilayah RI serta tambang emas dll puluhan ribu trilyun rupiah per tahun selama sepuluh tahun terakhir berlanjut hingga akhir jaman tanpa pajak""""",negative
"""""20 Terduga Pelaku Perusakan-Penjarahan Diamankan Polres Kediri Kota https://t.co/WdWzdK8VWu""""",neutral
"""""@P3gEl Semua alamat target penjarahan mudah didapat berkat peran polisi. Jadi keributan &amp""; penjarahan tjd krn ada permainan polisi tapi Termul masih terus lindungi Kapolri agar tak diganti karena mjd ujung tombak Jokowi nyerang lawan2nya termasuk ke Prabowo hingga &amp;"" nama baik TNI.""""",negative
"""""@ibnukusumayadi @BudiBukanIntel Demo sama penjarshsn beda ya. Penjarahan ya sama aja bibit koruptor. Lagian iya tuh blunder.kl mau demo ya tinggal minta pecat. Kl jarsh mah emang sifatnya sama kaya koruptor. Koruptor asli aja adem ayem. Bukan belain iya. Cm cara nya aja salah""""",negative
"""""@terongsajiku Dengan membiarkan penjarahan terhadap beberapa anggota DPR dan menterinya sendiri ada pesen politik yg kuat dari beliau nurut atau rakyat yg memaksa kalian untuk nurut Opsi kedua ya full darurat militer kekuatan politik lawan diberedel habis habisan""""",neutral
"""""@JS_studio1 @BudiBukanIntel Gini loh penjarahan aja kemaren banyak yang dukung ko. Ga menerima kl banyak warga biasa yang ikut2 an jarah. Terlepas ada dalang dibalik itu semua kalian boleh asumsi. Tapi jangan menutup mata kl banyak masy sipil ikut. Segitu aja gampang digiring demi ngambil bukan hak""""",negative
"""""@txtdrpemerintah Menurut gue yang layak begitu mah asisten rumah tangga lu keamanan lu sama kucing lu aja karena ada ditempat ngalamin langsung ketika banyak manusia masuk ke rumah lu untuk melakukan yang akrab disebut penjarahan itu. Gue gak setuju penjarahan tapi lu jangan lebay juga """"",positive
"""""@didilionrich Pemilik akun Tiktok ini adalah salah satu pelaku yang ikut menjarah rumah Eko Patrio dan kelompok mereka juga mencoba melakukan penjarahan di rumah Puan tapi bisa digagalkan oleh aparat keamanan Tangkap pemilik akun Tiktok ini untuk mencari tau siapa dalang yg menyuruh mereka https://t.co/nAabkKvmsz""""",neutral
"""""@prabowo Pemilik akun Tiktok ini adalah salah satu pelaku yang ikut menjarah rumah Eko Patrio dan kelompok mereka juga mencoba melakukan penjarahan di rumah Puan tapi bisa digagalkan oleh aparat keamanan Tangkap pemilik akun Tiktok ini untuk mencari tau siapa dalang yg menyuruh mereka https://t.co/1w39SF70AC""""",neutral
"""""Pemilik akun Tiktok ini adalah salah satu pelaku yang ikut menjarah rumah Eko Patrio dan kelompok mereka juga mencoba melakukan penjarahan di rumah Puan tapi bisa digagalkan oleh aparat keamanan Tangkap pemilik akun Tiktok ini untuk mencari tau siapa dalang yg menyuruh mereka https://t.co/gHlSavPdZ0""""",neutral
"""""@Boediantar4 Jelas sekali aksi pembiaran penjarahan !!aparatur negara sontoloyo!!dan pencegahan terhadap massa mahasiswa menemui anggota dpr!!""""",neutral
"""""@BudiBukanIntel Lah orang penjarahan rumah dia itu settingan""""",negative
"""""Penjarahan rumah anggota DPR RI Ahmad Sahroni jadi sorotan beberapa hari terakhir. Salah satu hal yang viral adalah jam tangan Richard Mille senilai Rp11 7 miliar yang jatuh ke tangan seorang anak. Menariknya lagi jam tersebut dikembalikan kepada Ahmad Sahroni. https://t.co/Iz3tiwkBN7""""",neutral
"""""@y0uthcub @txtdrjkt @BudiBukanIntel @barengwarga ini orang yg sama sepertinya yg ngarahin para eksekutor sekitaran 8-10orng di penjarahan gegana kebakaran ruko dikwitang bakar gerbang tol depan hotel sultan bakar halte busway blokir tol dalkot arah tebet pake mobil https://t.co/87EjQ3SXDx""""",negative
"""""@TirtoID Giliran hutan gunung sawah lautan dijarah anda diam saja. Sekarang rasakan rasa marah dari sebuah penjarahan seperti apa yg kami rasakan melihat ibu Pertiwi dijarah.""""",negative
"""""@Jayabay19479190 KECUALI PENJARAHAN NOH !!""""",negative
"""""apa benar ini translatenya sebut prabowo dibilang pelaku kerusuhan &amp"";"" penjarahan serta pemerkosaan etnis cina 1998?""""",neutral
"""""Sebelum berkata tentang ke perikemanusiaan alangkah baiknya menjadi manusia dulu. Bukan saya membenarkan penjarahan tapi tidak ada reaksi tanpa aksi. Alangkah baiknya ibu juga berkaca.""""",neutral
"""""@txtdrimedia terlepas dari apapun tetap penjarahan itu bukan hal yg benar si menurut gua""""",positive
"""""Pasca Insiden Penjarahan Massa Eko Patrio Belum Jenguk Rumahnya https://t.co/hIaPOKeuGC""""",neutral
"""""Nasib Sial Buku-Buku di Masa Penjarahan https://t.co/febDwAISdg #Headline""""",neutral
"""""@RWWReborn apakah menkeu begitu bersalahnya sehingga rumah pribadinya diobrak-abrik dan penjarahan barang pribadinya terlihat hal yg biasa dan lumrah.. klo itu benar adanya artinya ada yg salah dgn moral masyarakat kita skrng""""",neutral
"""""Komisi III DPR: Polri Harus Usut Kasus Penjarahan Bukan Malah Tangkap Delpedro https://t.co/GUjJPmzD9O""""",negative
"""""@KevinDota4 @txtdrimedia Berdasarkan berita detikNews karangan bunga dikirim oleh rekan artis seperti Denise Chariesta 'Hamba Allah' 'Kami yang Pernah Ditolong Uya Kuya' dan 'Warga Jaksel'. Ini bentuk dukungan moral pasca-rumahnya jadi sasaran penjarahan.""""",positive
""""" Keadilan tidak lahir dari penjarahan. Suara kita lebih kuat jika disampaikan dengan damai. https://t.co/bq2lYtgw1P""""",positive
"""""@MurtadhaOne1 Mampus rasain loo . .. banyak korban gara gara loo bikin hasutan demo DPR RI anarkis. Blom kerugian bakar bakar halte dan penjarahan mini market. Kehilangan nyawa dan cacat permanen yg demo..""""",negative
"""""Sbagian besar dri kubu yg itu aj paling gencar edit2 penggalan video nambah2 caption paling panas paling belokin konteks paling kek terdzolimi paling benerin penjarahan paling sok mewakili paling lagak hero paling dll dah Tau kan ? #DemoRusuh""""",negative
"""""Walaupun penjarahan rumah Sahroni ga bisa dibenarkan tapi setidaknya ngebuat para pejabat jadi ga asal bikin statement ngawur di publik atau minimal langsung minta maaf kalo habis bikin blunder kaya bapak ini. New level unlocked.""""",positive
"""""Dua orang pelaku pasangan suami istri berinisial SB (35) dan G (20) resmi diamankan Bareskrim Polri. Keduanya diduga menjadi otak di balik aksi geruduk dan penjarahan di rumah Eks Wakil Ketua Komisi III DPR RI Ahmad Sahroni. Menurut keterangan Brigjen Himawan Bayu Aji SB https://t.co/nDdaJox9mN""""",neutral
"""""@TirtoID Pernahkan Bu @kemenkeu prihatin atas penderitaan rakyat yang setiap hari susah untuk bertahan hidup ? Pernahkah Ibu prihatin atas pesta penjarahan SDA yg begitu rakus ?""""",negative
"""""Sejak hari penjarahan sehari aja gak bisa kali ya buat puasa foto Sahroni yang lewat beranda ... padahal kena algoritma akibat nge-like sekali pun juga kagak.""""",neutral
"""""@txtdrimedia Knp model nya gini semua ya ....semua korban penjarahan dpt karangan bunga ...siapa otak di balik semua ini """"",neutral
"""""Polisi kalo ga bisa ngungkap dalang kerusuhan dan penjarahan rumah pejabrut mending tutup akun aja balik ngarit. Alat bantu intel dana segala macem udah mumpuni. Atau jangan²...""""",negative
"""""https://t.co/yetEKnt8in Rmh Presiden Prabowo target terakhir sasaran penjarahan oleh pendemo makar dlm bbrp hari yg lalu. Monitor Yth Bpk Presiden @prabowo @KejaksaanRI @Gerindra Usut tuntas siapa penggeraknya dan tangkap.""""",neutral
"""""Polres Kediri mengamankan 20 orang terduga pelaku aksi anarkis yang merusak dan menjarah fasilitas. Situasi mencekam setelah gedung DPRD terbakar. https://t.co/8QZX3xVcJ0""""",neutral
"""""Apa salahanak ini ? Ngajak turun demo adalah bagian dari demokrasi yg dilindungi UUD45 Dimana menghasutnya. ? Undangan itu kan sudah ada ijin. So what ? Bahwa ada kerusuhan penjarahan tangkap perusuhnya...!""""",positive
"""""@profesor_saham Ohhh apakah tujuan dari penjarahan di rumahnya dia ??""""",neutral
"""""@txtdrimedia Apapun itu. Penjarahan ga bener ... Walau kalo ga rusuh ga d denger jug""""",positive
"""""Tenang kan? Adem kan? Gampang kan? Iya segampang itu klo salah satu dari kalian turun temuin pendemo gaperlu ada penjarahan demo sampai ada nyawa yang meninggal. Ketua kalian bilang gerbang terbuka tpi gaberani munculin batang hidung wajar si karyawan takut sama bos""""",positive
"""""Jika anda menasehati Rakyat karena kemaksiatan yang mereka lakukan secara terbuka anda juga paling tidak sesekali harus menasehati penguasa karena melakukan hal yang sama secara terbuka bahkan melindungi penjarahan mereka dengan UU buatan yang menentang Syariah.""""",positive
"""""dan bukan selalu pada cabang-cabangnya... penjarahan itu hanya sebagian kecil dari akar masalah yang sudah ada.""""",neutral
"""""https://t.co/26q4xwiXUw Polri tangkap pembuat konten ajakan penjarahan di media sosial TikTok""""",neutral
"""""Polres Blitar berhasil mengamankan pelaku penjarahan Gedung DPRD Kabupaten Blitar. Dalam testimoni yang disampaikan pelaku mengakui perbuatannya dan menyampaikan penyesalan atas tindakan yang dilakukan. Polres Blitar mengimbau masyarakat agar tidak memprovokasi https://t.co/MTAY3BTjvA""""",positive
"""""Video Kondisi Rumah Eko Patrio di Nganjuk Dijaga Polisi Buntut Isu Penjarahan https://t.co/nOon2kpJei""""",neutral
"""""@asboediono_id Njabat di 3 era presiden lha koq baru siuman !!!! Penjarahan Tambang Hutan Laut n Anggaran mgk dia pikir bagus n bole-bole azah ! Pas ada warga senggol rumahnya baru nyadar !""""",negative
"""""Dalang dibalik penjarahan rumah Ahmad Sahroni dan penggerudukan Polres Jakarta Utara ditangkap polisi. Lah... Berarti penjarahan tsb telah direncanakan sebelumnya aneh mmg tapi nyata. Siapa kira-kira dalang sesungguhnya? Apakah ini ulah oknum pejabat elit politik? https://t.co/S3elXyTmdl""""",neutral
"""""@sfruitnanas Sistem kepemimpinan yg buruk lah yg membuat penjarahan itu terjadi. Lagi pula uya kuya dijadiin DPR kena juga kan lu wkwkw""""",negative
"""""Polisi Tangkap Terduga Provokator Penjarahan Rumah Uya Kuya https://t.co/ahUYLG6nek""""",neutral
"""""Btw ini bukti perusakan penjarahan pembakaran yang dilakukan demonstran di gedung ACC kwitang hari kamis tgl 28 agustus 2025. Sumber langsung dari pegawainya. Jadi demonstran itu ga innocent ya guys https://t.co/CnIhRxrTsU""""",neutral
"""""Puncak nya banget menurut gw di hari sabtu ketika penjarahan terjadi di rumah2 pejabat anarkisme perusakan fasum dll pun makin tersebar ga cuma di pulau jawa tapi ke pulau lain. Eskalasi ini bikin banyak netizen resah &amp"";"" pengen aksi anarkisme nya berhenti""""",positive
"""""disclaimer dulu ya. Gw cuma sharing aja bukan mau indoktrinasi. Cuma amaze aja sama psychology warfare nya menurut saksi mata. Demo buruh tgl 28 aug itu udah rusuh. Bakar mobil gedung ACC dibakar penjarahan. katanya Paling Mencekam itu di hari jumat &amp"";"" sabtu anarkis banget~""""",negative
"""""Polres Metro Jakarta Timur menangkap seorang terduga provokator penjarahan rumah Anggota Komisi IX DPR (nonaktif) Surya Utama atau Uya Kuya di kawasan Pondok Bambu Duren Sawit Jakarta Timur Sabtu (30/8) malam.https://t.co/c03mA6p3fu""""",neutral
"""""Video Kondisi Rumah Eko Patrio di Nganjuk Dijaga Polisi Buntut Isu Penjarahan https://t.co/a61wzEWa9L""""",neutral
"""""Sri Mulyani Curhat Rumah Dijarah: Para Penjarah Seperti Berpesta #riauonline #riauonlinecoid #Srimulyani #penjarahan #penjarahanrumahsrimulyani https://t.co/dsHybJ34x8""""",negative
"""""Gue ga ngerti deh kenapa kasus pembunuhan di Indramayu lama banget tuh pelaku terungkap. Tapi kalo kasus penjarahan rumah anggota DPR gerecep banget di tindak. SEKELUARGA LOH DI BUNUH!! siapa pelakunya oi! Kesian""""",negative
"""""Tersangka penjarahan rumah sahroni udah diumumin dengan pakaian seperti ini. Gatau ini beneran atau enggak tapi rasanya susah sekali buat ber-husnudzon. Buka komennya dan udah ketebak isinya. https://t.co/z4u3jkq0Hs""""",negative
"""""Nah ibu bisa ngomong begitu setelah kehilangan sesuatu yg berharga kita kan juga sama bu.. ga membenarkan penjarahan tp ko ya hobi banget gaslight rakyat""""",neutral
"""""https://t.co/gAfzEbhEvz Assalamualaikum.. Ini fakta sebenarnya dari penemuan penemuan Barang di rumah rumah penjarahan anggota dpr.. Siapakah pemilik aslinya ? #mulifachanel""""",negative
"""""Cerita Uya Kuya Pasrah saat Kediamannya Dijarah Anak-Anak Menangis #UyaKuya #Penjarahan https://t.co/iLzJsJS1uU""""",neutral
"""""@AP22584666 @Puthutea Mungkin kesulitannya karena Riza Chalid berada di luar negeri (terakhir di Malaysia) butuh kerjasama internasional seperti Red Notice Interpol. Silfester Matutina sedang dalam proses hukum (peninjauan kembali) bukan buron murni. Sementara pelaku penjarahan rumah Ahmad Sahroni""""",negative
"""""@Puthutea @grok menurutmu bagaimana? kesulitannya apa sehingga 2 orang itu tidak ketemu2? tapi mencari pelaku penjarahan rumah anggota dewan sahroni langsung ketemu?""""",negative
"""""@ryanshdqi_ @_delino_ Ejer takut bassnya ilang kalo besok ada penjarahan""""",neutral
"""""@tijabar Penjarahan zaman @jokowi""""",neutral
"""""Penjarahan Rumah Sri Mulyani Jadi Sorotan Media Asing https://t.co/JSWUZBnQLf""""",neutral
"""""@cutsarina5 Lebih bernilai dari pada penjarahan bumi pertiwi ya bu @smindrawatii""""",positive
"""""@sfruitnanas Ga membenarkan penjarahan tapi maafin gue harus bilang begini itulah yang selama ini rakyat rasakan Bu.""""",positive
"""""@tvOneNews https://t.co/SeCQbGjYjc Target penjarahan terahir di rmh Presiden Prabowo @prabowo ? Lihat video Monitor Yth Bpk Presiden @prabowo @Gerindra Harus di usut siapa penggerak demo makar tsb?""""",neutral
"""""@BudiBukanIntel @CCICPolri cek akun ini terdetek doxing alamat Eko Uya Deddy Puan dan Sri M Setelah kejadian PENJARAHAN di rmh AS Keliatanya akun ini aktif tuk mentriger penjarahan dgn gaya bahasa silahkan yg mau ke rumah A B C D ...ini alamatnya Ngakunya hackerr terkenal tp sy diblokir https://t.co/fIWGpymGI6""""",negative
"""""Uya Kuya bersama sang istri mendatangi Polres Jakarta Timur setelah mendapat laporan dari security kompleknya. Security melaporkan bahwa ada seorang terduga pelaku penjarahan yang tertangkap di dekat rumah Uya dan langsung diamankan pihak berwajib. https://t.co/i0VOqMRksb""""",neutral
"""""Ketujuh orang tersebut dituduh menyebarkan provokasi di media sosial - mulai dari ajakan pelajar ikut demo seruan membakar Mabes Polri hingga seruan penjarahan rumah pejabat dan bandara. Mereka kini dijerat pasal berlapis: sebagian dengan UU ITE sebagian lain dengan KUHP. https://t.co/Sc8QteQ8On""""",neutral
"""""Provokator Penjarahan di Rumah Uya Kuya Ditangkap Polisi https://t.co/0i3wYt64gE https://t.co/XOJoGuYoE3""""",neutral
"""""@BuditomoDeena Itu penjarahan yg sebenarnya""""",neutral
"""""Delpedro Marhaen dulunya merupakan Haters Jokowi sekarang jadi tersangka kasus demonstrasi dan penjarahan. Di era Prabowo ini dia akhirnya Dipermalukan oleh media mengingat rekam jejaknya yang cukup jelas tentang sikap Antipati dengan Presiden RI Ke 7 tersebut.""""",negative
"""""@sfruitnanas Ngomong² penjarahan Alam kami sudah kalian jarah gila²an sebelumnya dan terus-menerus. https://t.co/Ac2GJ6flS7""""",negative
"""""Penjarahan aneh di dlm demo Ada isu bocoran di rmh2 tsb sblm dijarah. Gada polisi turun ke lokasi. Warga sktr liat bny org luar/ga dikenal tiba2 menyerbu. Ga lama barang2 dibalikin. Polisi udh pny tsk Ga cuma di dumay AI rekayasa foto/video di dunia nyata bny tipu2""""",neutral
"""""@TirtoID saya tidak mendukung tindakan penjarahan tapi jujur lebih prihatin sama respon2 para pejabat ketika rakyat menyampaikan ekspresi dikatain tll lah kita kan artis tapi dpr lah kl mau kabur kabur aja jangan balik sekalian lah dll """"",positive
"""""Bagaimana bisa kepolisian tahu akan ada penjarahan rumah pejabat namun tak melakukan pengamanan khusus? Benarkah adanya pembiaran? Saksikan #HotroomMetroTV episode LEMPAR BATU SEMBUNYI DALANG di https://t.co/7RJKhMt78m #PrabowoSubianto #Mahasiswa #DPR #demonstrasi https://t.co/3bhGMQGGyW""""",negative
"""""Dg tdk membenarkan penjarahan yg ibu tangisi itu lukisan bunga. Jika pun itu simbol hasil penemuan diri Ibu diri yg mana yg Ibu temukan? Yg menggadaikan moral demi jabatan? Agaknya baik lukisan itu hilang biar Ibu bisa mencari lagi diri bermoral Ibu yg hilang termakan kuasa.""""",negative
"""""@Dandhy_Laksono Buktinya masih aja ada kerusuhan dan penjarahan. Jagain dangdutan ya pinter.""""",negative
"""""Polres Metro Jakarta Timur menangkap seorang terduga provokator penjarahan rumah mertua anggota DPR RI nonaktif Surya Utama atau Uya Kuya di kawasan Duren Sawit Jakarta Timur Sabtu (30/8/2025). Klik untuk baca: https://t.co/k7TgH8sX90 | #Penjarahan #UyaKuya https://t.co/h8dkZBqUFS""""",neutral
"""""@herricahyadi @kumparan Hanya menunjuk ke penjarahan dan aksi vandalisme tanpa menunjuk ke akar masalahnya itu bener-bener ga adil dan ga menyelesaikan masalah. Dan ini PR besar buat media.""""",positive
"""""pemantik demo jelas2 dr kebijakan pemerintah ko dan yg demo rusuh2 itu lebih ke org internal di dalam kekuasaan sndr(menurut pendapatku) contoh nyata bagemana mungkin rumah bu sri mulyani smpe kebobolan di jarah 2x karna gue jg tdk membenarkan penjarahan dan perusakan fasum""""",positive
"""""Polisi tangkap provokator penjarahan rumah Uya Kuya di Duren Sawit. Total 19 orang diamankan 10 di antaranya ditetapkan sebagai tersangka. https://t.co/oN4VaucnwB""""",neutral
"""""digawian ku mayoritas urg tuha jd pas membahas penjarahan rumah syahroni malah membahas peler2an yg dilantai *sidin berataan kd tahu nama resminya itu dildo* bahkan ada yg menyambat black mamba aku hanya bisa tetawa mendangar urag tuha bekisahan""""",neutral
""""" Kondisi Ahmad Sahroni Uya Kuya dan Eko Patrio Setelah Rumah Mereka Dijarah Ke-3 foto tersebut tidak berkaitan dengan kondisi pasca adanya penjarahan rumah akibat demo. Informasi kondisi Ahmad Sahroni Uya Kuya dan Eko Patrio setelah rumah mereka dijarah https://t.co/AeGWpRFGwp""""",neutral
"""""Polres Metro Jakarta Timur menangkap seorang terduga provokator penjarahan rumah Anggota Komisi IX DPR (nonaktif) Surya Utama atau Uya Kuya di kawasan Pondok Bambu Duren Sawit Jakarta Timur Sabtu (30/8) malam. Provokator penjarahan rumah Uya Kuya sudah diamankan https://t.co/Hzy4lDQ0p1""""",neutral
"""""https://t.co/SeCQbGjYjc Target penjarahan terahir di rmh Presiden Prabowo @prabowo ? Lihat video Monitor Yth Bpk Presiden @prabowo @Gerindra Harus di usut siapa penggerak demo makar tsb?""""",neutral
"""""Padahal itu termasuk fasilitas umum. Yang pemerintah mega korup yang rakyat atau pro demonstran mega buta dan tuli (karena mereka ignore/melalaikan tindakan penjarahan dan pembunuhan nyawa tak bersalah selain driver ojol yang utama itu).""""",negative
"""""Di akhir pemberitaan @kumparan memberikan pesan redaksi yg berisi seruan agar demonstrasi dilakukan secara damai tanpa aksi penjarahan dan pengrusakan fasilitas publik. Tapi rasanya tidak adil jika pesan ini hanya ditujukan kepada demonstran tanpa tembusan ke kepolisian. https://t.co/Kj9QGYCGKZ""""",negative
"""""@randomable_ Target Penjarahan selanjutnya """"",neutral
"""""Umar Patek mantan teroris yg menempuh jalan damai dan kembali kpd NKRI mengutuk keras aksi penjarahan dan perusakan fasilitas umum dalam demonstrasi. https://t.co/H8YgotwvHY""""",positive
"""""Provokator Penjarahan Rumah Ahmad Sahroni Hingga Uya Kuya Ditangkap! https://t.co/2k38xTaQB8""""",neutral
"""""gak kegocek plokis nangkep pelaku penjarahan bwee. mau fokus di 17+8 sama fokus lawan video ai""""",neutral
"""""@Andiarief__ Tepat. Penjarahan yg digaungkan justru indikasi pembelokan substansi aksi pembusukan kemurnian menyuarakan utk hadirnya keadilan bagi kehidupan rakyat.""""",negative
"""""demo &gt""; ga turun buat dengerin &gt; ada penjarahan &gt; portal berita ga meliput perdemoan &gt; demo selesai &gt; orang pemerintahan ngoceh &gt; portal berita kutip &gt; rame komenan &gt;"" demo kek udah berlalu. editan terbaik bukan jj capcut tapi pemerintah.""""",negative
"""""@ch_chotimah2 Penjarahan pasti di lakukan wong cilik rakyat jelata (kata dedy sitorus) karena urusan perut Jaman Jokowi aman karena wong cilik kenyang semua PAHAM... JOKOWI di lawan...""""",negative
"""""Pernyataan sikap Umar Patek dalam menyikapi maraknya aksi demontrasi akhir² ini termasuk aksi² penjarahan dan perusakan fasilitas umum. Umar Patek mantan napiter Jammaah Islamiyah sang peracik bom Bali I yg kepalanya pernah dihargain CIA $ 1 Juta utk keberadaannya https://t.co/RMHjCXWaXy""""",positive
"""""@sfruitnanas Saya prihatin dengan penjarahan yg terjadi. Tapi saya pikir beliau lebih baik diam. Apalagi bicara perikemanusiaan . Yg disampaikan beliau seluruhnya akan jadi blunder.""""",positive
"""""@DaffodilWillll @PartaiSocmed Protes di DPR Indonesia dimulai 25 Agustus 2025 menuntut investigasi korupsi keluarga Jokowi bubar parlemen &amp""; pemakzulan Wapres Gibran. Eskalasi kekerasan termasuk polisi tabrak pengemudi ojek penjarahan &amp;"" pembakaran. Dalam video seorang ibu diduga provokator rasis: bilang""""",neutral
"""""@TirtoID Lha kalo penjarahan kekayaan alam indonesiyah oleh oligarki (kongkalikong pengusaha &amp"";"" pejabat) itu bgmn kah? Apa seperti berpesta juga kah?""""",negative
"""""@ObiWan_Catnobi Dari tulisan-tulisan dia di Fb pasca penjarahan emang gak kelihatan ada remorse sama sekali. Gak ngerasa ada yg salah sama sekali. Iya dia nulis kami mohon maaf pasti masih banyak sekali kekurangan tapi ANYBODY would know itu cuman sesuatu yg *harus ada*. Formalitas. She""""",negative
"""""@AdamVelcro Kena penjarahan tapi ga kena ppn + pph """"",neutral
"""""Pelaku Penjarahan Dikasih Duit sama Uya Kuya . Izin Promosi Tidak ada pemaksaan ini Link : https://t.co/jdiKDqiADV DPR Minta Maaf Ferry Bersatu Lagi Donat Nadiem Pendamping Desa Kejaksaan Agung https://t.co/0TPVrIPwm7""""",positive
"""""POLISI TANGKAP PELAKU PENJARAHAN RUMAH MENKEU SRI MULYANI #short https://t.co/0MgXql4YhJ""""",neutral
"""""@kompascom Aman nh dari penjarahan termul ...""""",neutral
"""""Oalah ini toh yg mau mereka capai. Semua kebijakan membutuhkan pembenaran agar disahkan. Chaos saat demo dan penjarahan merupakan alasan yg tepat untuk itu. Keren """"",positive
"""""@alephcomputerr Penjarahan pentil""""",negative
"""""5 Fakta Suami-Istri 'Dalang' Penjarahan Rumah Ahmad Sahroni Hasut Massa Lewat Medsos Hingga Grup WA! https://t.co/7kBiyLAh8k""""",neutral
"""""@profesor_saham Imbas dr penjarahan rmh jengbon""""",neutral
"""""Empat hari usai penjarahan oleh orang-orang tak dikenal di rumah Menteri Keuangan RI Sri Mulyani Indrawati di Pondok Aren Tangerang Selatan (Tangsel) masih dijaga ketat oleh tim gabungan TNI-Polri Kamis (4/9/2025). Klik untuk baca: https://t.co/mTGkLUnFKj | #SriMulyani https://t.co/cCgaMvVBFl""""",neutral
"""""Misteri Hilangnya Lukisan Bunga di Rumah Sri Mulyani: Aksi Protes atau Pencurian? Rumah Sri Mulyani Dijarah Menkeu Sampaikan Pesan Haru! Menteri Keuangan Sri Mulyani Indrawati menjadi korban penjarahan saat demonstrasi di Bintaro Jakarta Selatan Ming https://t.co/N3dYiHODF2""""",neutral
"""""Misteri Hilangnya Lukisan Bunga Sri Mulyani: Aksi Protes atau Pencurian? Rumah Menteri Sri Mulyani Dijarah Lukisan Berharga Raib! Menteri Keuangan Sri Mulyani Indrawati menjadi korban penjarahan saat kerusuhan di Bintaro Jakarta Selatan Minggu (31/8/ https://t.co/jqnHkqIc7F""""",neutral
"""""Uya Kuya mendapat dukungan dari Denise Chariesta di tengah kisruh politik yang berujung pada penjarahan rumah mewahnya oleh massa. Hingga kini ia masih menjadi sasaran hujatan dan kritik publik akibat video jogetnya yang vital saat rapat tahunan MPR RI. https://t.co/gSDd8Vt9AH""""",positive
"""""Rumah politisi Partai Amanat Nasional (PAN) Surya Utama alias Uya Kuya dibanjiri karangan bunga dukungan usai menjadi sasaran penjarahan beberapa waktu lalu. Salah satunya dari rekan sesama artis Denise Chariesta yang dalam karangan itu menyatakan tidak akan terprovokasi oleh https://t.co/dvwskA6XXn""""",positive
"""""Artis sekaligus Anggota DPR nonaktif Uya Kuya mendatangi Mapolres Jakarta Timur untuk mengajukan restorative justice kepada salah satu orang yang dijadikan tersangka atas kasus penjarahan rumahnya pada Rabu (3/10). Tersangka tersebut merupakan seorang ibu-ibu. Uya Kuya yang https://t.co/HkDt36ErES""""",positive
"""""penjarahan boneka wish masuk berita guys """"",neutral
"""""@OposisiCerdas Mntap king... jawab penjarahan dgn kebaikan""""",positive
"""""@neVerAl0nely__ @DPR_RI begini ye lain kali kl ada anggota elu yang melakukan tindakan kagak pantas maka segera non aktifkan agar apa? Mencegah penjarahan begini""""",positive
"""""@embah72 Apa sengaja dibiarkan terjadi penjarahan? Mana petugas keamanan masa rumah sekelas menteri bisa dijarah?""""",negative
"""""@somexthread siapa yg berstatement ancamannya pasal KayuHp yaitu penjarahan tertuang dalam jak-kewajiban rakyat terhadap pejabat pemerintah """"",neutral
"""""@tvOneNews Prihatin dengan kejadian penjarahan dirumah Bu Sri Mulyani dan yang lain mudah mudahan semua penjarah tanpa terkecuali dapat ditangkap @DivHumas_Polri @CCICPolri @Kemhan_RI @Puspen_TNI""""",positive
"""""Pelaku Penjarahan Rumah Menkeu Sri Mulyani di Tangsel Ditangkap Meski Sri Mulyani sering memburu pajak... tapi pelaku penjarahan ini melanggar hukum https://t.co/1TlSHP1YLM""""",neutral
"""""@BabehAldoAje135 @Nicho_Silalahi STOP Hasutan provokasi Jangan terus sebar kebencian Akibatnya terjadi kerusuhan penjarahan Kalau merasa jagoan maju sendirian paling depan Bukan berteriak lantang di belakang Sudah banyak korban akibat bacot kalian https://t.co/6rxHJosdWd""""",positive
"""""@tteokiens Pemerintah Indonesia di bawah Presiden Prabowo sedang aktif menjaga stabilitas seperti melalui sidang kabinet untuk perkuat koordinasi TNI-Polri &amp""; pantau intelijen (sumber: Kemhan &amp;"" Setneg Sep 2025). Namun kerusuhan demo akhir Agustus 2025 (termasuk penjarahan rumah menteri)""""",neutral
"""""Polres Blitar Amankan Lagi 1 Pelaku Penjarahan Gedung DPRD Blitar - Polres Blitar berhasil mengamankan pelaku penjarahan Gedung DPRD Kabupaten Blitar. Pelaku mengakui perbuatannya dan menyampaikan penyesalan atas tindakan yang dilakukan. https://t.co/zPiVE4jKn5""""",positive
"""""@NetizenGan @PDemokrat Mana reuni 212? Siapa yang hadir? Lihat akun-akun para pendukung 212. Terus memprovokasi sehingga terjadi kerusuhan dan penjarahan. Saya melawan para provokator pemecah belah kerukunan bangsa.""""",negative
"""""@detikcom Meski saya tak setuju dg penjarahan apa pun bentuknya tapi yg di ambil itu belum seberapa dr yg sudah anda nikmati uang rakyat @kemenkeu sri....""""",negative
"""""dilakuin jangan dibaca doang harusnya dari awal lu begini gak perlu nunggu ada korban jiwa ada penjarahan dll.""""",positive
""""" makanya bos naikin anggaran kita biar bisa jagain rumah kalian kalian dari penjarahan """"",neutral
"""""@kompascom Lolos dari penjarahan yah bang https://t.co/wHOOBBhNjo""""",neutral
"""""@bangherwin Penjarahan rumah SM adalah hal paling aneh didunia Bahkan konon ada pergerakan penjarah ke Kertanegara sesuatu yang lebih aneh lagi""""",neutral
"""""Kasat Reskrim Polres Metro Jakarta Timur AKBP Dicky Fertofan mengungkap sebanyak 10 orang telah ditetapkan sebagai tersangka terkait kasus penjarahan rumah milik presenter sekaligus anggota DPR RI Uya Kuya pada Sabtu (30/8/2025). Baca selengkapnya https://t.co/NWPeow9iBe https://t.co/Nj0JCbOChk""""",neutral
"""""@tanyarlfes Penjarahan""""",neutral
"""""14) Informasi palsu itu sbagian besar dikaitkan aksi protes &amp"";"" brkmbang mjdi pnyebaran ktakutan spt jgn keluar mlm pmbatasan aktivitas di jalanan pnempatan pnembak jitu pmbakaran bangunan pmbatasan pnarikan uang di bank pnyerangan kantor polisi penjarahan dan lain sbgainya.""""",negative
"""""@sfruitnanas Gimana rasanya kehilangan apalagi itu disebabkan karna penjarahan. Ngerasa sedih kan ga adilkan. Nah itu yang dirasakan oleh rakyat ketika kalian merampas paksa hak hak rakyatmu sendiri. Gausah lebay deh lu kaya gitu koar2. Rakyatlu dari duru koar2 lu acuhin""""",negative
"""""Uya Kuya terima dukungan karangan bunga setelah penjarahan rumahnya. Denise Chariesta dan lainnya menguatkan meski Uya sedih kehilangan kucing-kucingnya. https://t.co/oUdt9hngfW""""",positive
"""""@txtdrimedia apakah berprikemanusiaan membuat aturan pajak yang memeras keringat rakyat. Penjarahan memang tak bisa dibenarkan tetapi pemicunya juga tak bisa diabaikan""""",positive
"""""#perspektif @YouTube: Tatapan Megawati PDIP Berdiri Samping Prabowo Soal Demo Bubarkan DPR &amp"";"" Penjarahan https://t.co/bwcRlbqyw2 August 31 2025 at 07:21PM""""",neutral
"""""@_pannda666 @randomable_ Pindah divisi doang Tuntutan rakyat sudah jelas untuk memaksa dia di pecat secara tidak hormat dari DPR hal sejelas itu aja mereka masih gak paham. Oiyaa dari kasus penjarahan rumah doi kemaren ada temuan senpi laras panjang. Itu harusnya juha jadi BB buat doi kena pidana.""""",neutral
"""""Banyak yg mempertanyakan kemana polisi ketika terjadi penjarahan dan pengrusakan rumah pejabat publik. Mereka lupa bahwa polisi sendiri kewalahan mengatasi aksi massa yg merusak kantor dan pos mereka. Polisi dalam 1 dekade ini gawang dan ambigu bertindak mengatasi aksi massa yg""""",neutral
"""""3/Mengapa mengail di air keruh ? Demo kemarin ricuh: penjarahan bom molotov &amp""; korban jiwa bikin rakyat marah. HTI janjikan ekonomi stabil no kemiskinan kalau Khilafah tegak. Dengernta manis tapi mirip jebakan ISIS: utopia palsu berujung kekerasan &amp;"" perang saudara. https://t.co/KfDIXEsZsI""""",negative
"""""Analisis: Penumpang Gelap Pesta Penjarahan dan Narasi yang Dikunci Negara Dasco bilang DPR tidak menemui mahasiswa karena situasi tak kondusif dan adanya penumpang gelap. Sri Mulyani curhat bahwa penjarahan rumah pejabat terlihat seperti orang sedang berpesta . Sekilas https://t.co/5mumXC0lYQ""""",neutral
"""""Polisi Buru Provokator Hasut Penjarahan Rumah Uya Kuya https://t.co/zXyCKFJWPz""""",neutral
"""""@DS_yantie Penjarahan dilakukan warga itu 11-12 menggambarkan penjarahan yg dilakukan elit terhadap uang pajak..sama2 mentalnya yg rusak""""",negative
"""""Diantara semua anggota DPR yg lagi bermasalah masih mendingan Uya Kuya deh dibanding Sahroni. Soalnya masih ada niat mau nunjukin mukanya di media itu pun hanya permintaan maaf dan kasus penjarahan rumahnya. Sahroni? Boro-boro muncul eh malah kabur ke Eropa.""""",positive
"""""Masoook Pak Ekooo... Sosok Pak Eko Purnomo pengrajin kostum Iron Man buka suara soal fotone seng viral neng media sosial mergo dikirane hasil penjarahan neng omahe anggota DPR RI Pak Ahmad Sahroni. #info https://t.co/Qg6Wdpp3IL n https://t.co/HuIvfzd6hz #KacamataTulungagung https://t.co/MsrLiL4pnc""""",neutral
"""""@DS_yantie Penjarahan (baca perampok) Sumber Dayaa Alam gak bisa gercep karena kekenyangan fee dari melindungi maling² SDA""""",negative
"""""@galaxywu000 @justch1ls Pun saya tdk setuju aplg mdukung penjarahan. Maling tidak berarti dibalas maling. Ada aturan dan hukumnya sendiri. Kita menuntut keadilan tapi bersikap tdk adil kan tdk sesuai...""""",positive
"""""Kantor Ahmad Sahroni Center (ASC) di Tanjung Priok Jakarta Utara ditutup dan dijaga ketat oleh warga usai terjadi kasus penjarahan di rumah Anggota DPR RI nonaktif Ahmad Sahroni pada Sabtu (30/8/2025) lalu. Baca di sini: https://t.co/0U9OArbd1D / #AhmadSahroni #Jakarta https://t.co/Cwl1TEDueP""""",neutral
"""""@sfruitnanas Semakin banyak bukti tindakan penjarahan kaya gini semakin menegaskan pejabat2 yg ada sekarang ini layak untuk kita disini.""""",negative
"""""@Disclaimerrrrr jgn² demo rusuh dan adanya penjarahan karena . . . . . . ah... cuma jangan² yaaaaaa""""",neutral
"""""@TirtoID Nah apakah penjarahan masif kemaren makar dari mereka mereka (pejabat gak tau diri) juga biar bisa berstatement gini? Lempar batu sembunyi tangan putar balik fakta Gashlighting whatever-you-call-it. Intinya ujung-ujungnya yang gak tau diri harus rakyat.""""",negative
"""""Polres Blitar berhasil mengamankan pelaku penjarahan Gedung DPRD Kabupaten Blitar. Dalam testimoni yang disampaikan pelaku mengakui perbuatannya dan menyampaikan penyesalan atas tindakan yang dilakukan. #PolresBlitar #PolriPresisi #HumasPolri https://t.co/tjnuWLH3WK""""",positive
"""""Polisi Tetapkan 10 Tersangka dalam Kasus Penjarahan Rumah Uya Kuya https://t.co/y4fu7Eomhd https://t.co/RpI1b0uUUP""""",neutral
"""""@sfruitnanas Sy sedih ketika pejabat2 di NKRI tdk peka dg keadaan rakyatny. Rakyat hny sebagai obyek pajak. Kl pejabat terkait bekerja dg benar awasi tata kelola SDA RI yg berlimpah ruah korupsi di hukum maksimal...pasti negri ini makmur sentosa. Rakyat ga dbebani pajak. Ga ada penjarahan""""",negative
"""""@sfruitnanas Lu makin blunder gini malah bikin gue mikir penjarahan itu emang pantas """"",negative
"""""@PartaiSocmed Omm ini mah sistem Bude Tekor. Kas kosong tarik pajak warga !!!!!!!!! Lha harusnya mendorong skuat tenaga anti penjarahan Tambang Hutan Laut Anggaran gtu !!!!! Penyelamatan duit tsb sudah Sangaaaaaat Berlebih utk gaji guru !!!!!!""""",positive
"""""@ainunnajib Omm ini mah sistem Bude Tekor. Kas kosong tarik pajak warga !!!!!!!!! Lha harusnya mendorong skuat tenaga anti penjarahan Tambang Hutan Laut Anggaran gtu !!!!! Penyelamatan duit tsb sudah Sangaaaaaat Berlebih utk gaji guru !!!!!!""""",positive
"""""Makanya beliau paling paling paling anti liat aksi penjarahan apalagi naudzubillah waktu 98 kan terjadinya bkn ke rumah pejabat tp ke toko-toko bank-bank dan sejenisnya dmn didirikan dan dijalankan atas keringat pemiliknya.""""",neutral
"""""@durakeen Duaarrr!!! Prabowo dikirim paket demo bayaran dan penjarahan untuk bikin kerusuhan. Karena polisi dan tentara setengah hati tidak seperti dalam kerusuhan Mei 1998 paket demo gagal bayar.""""",neutral
"""""@Siswotomo187571 @HPirang89 YANG MELAKUKAN PENJARAHAN OKNUM JOKOWI""""",negative
"""""Gw ga membenarkan penjarahan tapiiii kalimat yg dilontarkan srimul ini puitis amat yak berlaku buat dia juga sih mestinya kalo dia sadar.""""",negative
"""""Kasus penjarahan rumah Uya Kuya Polisi tetapkan enam tersangka https://t.co/PGgc8W5f5b""""",neutral
"""""Nasib Sial Buku-Buku di Masa Penjarahan https://t.co/rB183dUs8z""""",neutral
"""""Polisi membongkar grup WhatsApp ACAB 1312 yang digunakan untuk mengorganisir aksi penyerbuan ke rumah Ahmad Sahroni. Baca selengkapnya di sini : https://t.co/UTMSkdSWJo #Penjarahan #DPRRI #ahmadsahroni Kamis Ferry DPR Minta Maaf Rudi Darmoko #AmanBersamaRakyat https://t.co/DwW4cRNUJL""""",neutral
"""""Rumah milik Eko Patrio di Nganjuk mendapat penjagaan ketat polisi. Penjagaan ini dilakukan buntut dari isu penjarahan yang sebelumnya merebak terkait rumah Eko Patrio di Jakarta. via @detikjatim_ https://t.co/k6tDUL0oVk""""",neutral
"""""@DS_yantie Saya lebih percaya penjarahan rumah Srimul adalah settingan""""",negative
"""""@TirtoID Kita juga sangking biasanya udah ga kaget lagi apa aja dipajekin penjarahan yang dilegalkan""""",negative
"""""Kepolisian Resor Kota (Polresta) Cirebon Jawa Barat menetapkan 28 orang sebagai tersangka dalam kasus perusakan dan penjarahan di gedung DPRD Kabupaten Cirebon serta Alun-alun Pataraksa pada 30 Agustus 2025.https://t.co/8ADd7PvSA9""""",neutral
"""""@detikcom Saya setuju penjarahan tersebut tdk dibenarkan tapi Ibu Sri Mulyani slm ini tdk melakukan observasi dan melihat kemampuan rakyat ketika menaikkan pajak yg begitu massive nya tapi ironinya berbalik dgn para pejabat dan Anggita DPR ini yg namanya yg Dzalim .""""",negative
"""""@profesor_saham Oalahhh ternyata penjarahan tuh tujuannya ini toh? """"",neutral
"""""@tanyabiartahu Berdasarkan sumber seperti Reuters dan Tempo pengumuman Sri Mulyani soal tak ada pajak baru di 2026 dibuat 15 Agustus 2025 sebelum demo besar akhir Agustus dan penjarahan rumah pejabat. Demo memang picu perubahan seperti pencabutan tunjangan DPR tapi pengumuman pajak sudah ada""""",neutral
"""""@nazaqistsha Klo penjarahan pejabat peng peng thd negara tidak ditindak oleh negara mungkinkah rakyat saja yg bertindak ??""""",negative
"""""@TirtoID Penjarahan memang ngga dibenarkan tapi semua ini bisa terjadi berawal dari antek-antek lu bu""""",negative
"""""@Yurissa_Samosir Yg gue kritisi itubktika di tanya kemana saat ada penjarahan..kan dia bilang stay house ..ngak ke LN..ngapain gue urusin dia kaya sblum jd anggota DPR?""""",neutral
"""""@DS_yantie sebagai rakyat saya minta maaf atas penjarahan rumah bu Sri itu salah.... Tapi apakah bu Sri sedia minta maaf terhadap petugas pajak yg menjarah keringat aset tenaga dan aor mata pengusaha dan umkm....tolong pikirkan itu""""",positive
"""""@BinggoXec @sfruitnanas Kan saya nulis kesampingkan penjarahan Lu pikir gua ngedukung penjarahan? Yg tak maksud pajak² ngak ngotak itu bos.""""",negative
"""""@TirtoID giliran penjarahan bicara lu coba ngomongnya tentang keresahan masyarakat bukan keresahan elu""""",negative
"""""Temui Tersangka Aksi Kericuhan dan Penjarahan Ini Pesan Bupati Kediri! https://t.co/0aeWUwqjBX""""",positive
"""""Presenter Uya Kuya mengungkapkan bahwa dirinya tidak sempat menyelamatkan surat-surat berharga ketika rumahnya di Pondok Bambu Jakarta Timur dijarah massa pada Sabtu (30/8/2025) malam. Baca selengkapnya https://t.co/xfhCU64Uhb ~AM #UyaKuya #Penjarahan #SuratBerharga https://t.co/UmIIzNCxfD""""",neutral
"""""Temui Tersangka Aksi Kericuhan dan Penjarahan Ini Pesan Bupati Kediri! https://t.co/0aeWUwpLMp""""",positive
"""""@DS_yantie Sedih kan? Begitu jugalah rasanya rkyt ketika kau bebani dg pajak yg tak masuk diakal itu. Anggap saja penjarahan hartamu adalah karma akibat memajak rkyt.""""",negative
"""""Direktorat Tindak Pidana Siber Bareskrim Polri bersama Polda jajaran menangkap 7 orang tersangka yang diduga menyebarkan konten provokatif di media sosial terkait aksi penjarahan hingga pembakaran gedung. Sumber: IDN Times #demostrasi #tersangkaprovokator https://t.co/FF9iipccBV""""",neutral
"""""Polresta Cirebon menetapkan 28 tersangka dalam aksi perusakan dan penjarahan di Gedung DPRD. Sebagian besar pelaku adalah pelajar. Proses hukum akan dilakukan. Via @detikjabar_ https://t.co/prTpv1nEkr""""",neutral
"""""@TirtoID Hati2 ibu sebaiknya ibu dan rekan2 evaluasi diri . Sy tidak mendukung penjarahan disitu ada yg menumpangi. Namun yg pasti amarah rakyat kecil tidak terbendung melihat pejabat tdk berempati dlm tindakan dan kebijakan. Jangan memicu amarah kmbali rakyat tahu cara korup kalean""""",positive
"""""Kucing Uya Kuya Dirawat Puskeswan Ragunan Usai Penjarahan https://t.co/Kx0TehpBJI""""",neutral
"""""Pelaku penjarahan rmh pejabat ditangkap. Klu pelaku penjarahan kekayaan negara ditangkap gak??""""",negative
"""""Uya Kuya dan Astrid memilih memaafkan salah satu pelaku penjarahan rumahnya. https://t.co/nGaHlVR0xa""""",positive
"""""https://t.co/XZUUiYF1sC Knp aparat melakukan pembiaran terhadap aksi penjarahan itu? We all Indonesia people do not trust anymore to Indonesia police And we hope the FBI will do investigate that case""""",negative
"""""@detikcom Sy anti kekerasan fan penjarahan bgmn dg rakyat kecil yg tiap hari menderita akibat kebijakan ibu? Kmn hsl aneka tambang cukai pajak hsl export jual pasir laut pajak pagar laut selama ini bu?""""",positive
"""""Yang masih turun kejalan ttp dijalur tujuan hati² dengan ajakan para oknum untuk PENJARAHAN PERUSAKAN &amp"";"" PENYERANGAN. Jika sudah ada aksi diluar tujuan awal segera Balik kanan! https://t.co/LcIy2kMHXc""""",positive
"""""@profesor_saham Oh gitu cara mainnya buat skenario huru hara dan penjarahan termasuk skenario menjarah rumah bu sri agar anggaran tetap dinaikkan demi menjaga keamanan dan kestabilan""""",negative
"""""Dari sini terlihat bahwa perusuhnya punya jejak pendukung Mukidi Jadi jangan stigmakan massa demonstrasi melulu penyebab kerusuhan penjarahan dan lain² yg sifatnya negatif https://t.co/tkFgPCIvFZ""""",positive
"""""Beneran dari kelompok Indonesia Gelap aktor di balik penjarahan pembakaran gedung DPRD dan penghasutan buat demo anarkis kepada para anak dibawah umur. FI tetep bakalan kebal hukum kan dia Itachi kudaici yg di susupkan ke mabes Akatsuki. Rekam jejaknya Indonesia Gelap : https://t.co/Tbs9oMT2pd""""",neutral
"""""Aksi massa dan tindakan perusakan fasum maupun penjarahan terjadi karena suatu sebab yaitu akumulasi: berbagai keputusan pemerintah berbagai sikap/pernyataan pejabat publik ketimpangan sosial sangat mencolok TAPI AKAR MASALAHNYA DIABAIKAN https://t.co/jEczixAqPG""""",negative
"""""Uya Kuya Datangi Polres Jaktim untuk Damai dengan Terduga Pelaku Penjarahan https://t.co/Gjxud3vgNC via @tribunnews""""",positive
"""""@engka_sifa Jgn ada lg pengrusakan atau penjarahan 🇮🇩""""",positive
"""""Gak membenarkan penjarahan tapi mungkin ada hikmahnya juga. Ibu jadi tau rasanya diambil Haknya mungkin habis ini ketika mau naikin pajak dan malakin rakyat ibu bakal inget lukisan ibu ini ya. Sakitnya gimana pedihnya gimana. Diluar sana bukan barang bu yang hilang tapi nyawa""""",positive
"""""@SantorinisSun Yg bilang AI itu yg hilangkan suara dr video asli ditimpa dgn suara tertentu &amp""; yg cuma capture ksh caption narasi mrk sbt AI tanpa bukti dimana AI tsb Sama spt saat Video &amp;"" gambar2 DFK yg digoreng JD fitnah THD anggota2 DPR Syahroni dll yg akhirnya terjadi Kejahatan Penjarahan .""""",negative
"""""Misteri Jam Richard Mille Sahroni Rp11 Miliar: Terungkap Sudah! Heboh! Jam Tangan Miliarder Sahroni Senilai Rp11 Miliar Kembali Wakil Ketua Komisi III DPR RI Ahmad Sahroni kembali mendapatkan jam tangan mewahnya yang sempat raib dalam aksi penjarahan https://t.co/QmzREU6x9Z""""",neutral
"""""04.09.2025. Ada dua cluster tersangka yang ditangkap terkait provokator provokasi penghasutan penjarahan vandalitas &amp"";"" demo anarkis. Cluster pertama oleh PMJ 6 tsk. Cluster kedua oleh Mabes Polri 7 tsk. Total sementara ada 13 tsk. cmiiw.""""",neutral
"""""ewwhhh playing victim bgtt lu sri. ga membenarkan aksi penjarahan tapi apa lu ga mikir? semua rasa sakit yg lu ungkapin itu juga yg rakyat alami selama ini yg harus nanggung akibat dari kebijakan lu itu.""""",negative
"""""@Intel_Imut @PartaiSocmed Mohon maaf mereka ini pseudo kiri alias Liberal. Mana ada barisan kiri yang propaganda LGBT propaganda penjarahan dan pengerusakan.""""",negative
"""""@mynameisquas @pengamatTLine @nafution Yang teriak2 rasis kan sudah di debunk dengan video aslinya (gak dicut) bahwa concern dia itu takut pengulangan peristiwa penjarahan 98. https://t.co/Tel5Tn5RHV https://t.co/pByMD6k05T""""",negative
"""""saat negara menjarah masyarakat melalui pajak dan aturan2 yg memberatkan apakah adil ? Tindakan penjarahan TDK d benarkan..namun tindakan negara selama ini kepada rakyat apakah sudah benar... Jika hanya sekedar memoles citra baik itu masih jauh dr kata sejahtera.""""",negative
"""""@DS_yantie bukannya membenarkan penjarahan tapi yang suka joget² siapa ya? """"",negative
"""""Polri Harus Usut Kasus Penjarahan Bukan Malah Tangkap Delpedro https://t.co/4yn4UndGO9""""",negative
"""""@sfruitnanas Ya memang kalimat itu akan keluar ketika kita jadi korban xixixi kemarin2 jg gk peduli rakyat kesusahan malah dikatain beban lagi guru2 yang ngajar buat masa depan ga membenarkan penjarahan tapi aowkwowkok rkyat udh ngalamin semua yg beliau ini omongin tp gk dipeduliin kan?""""",negative
"""""@sbyfess Kasus2 yg lagi hits soal hukum 1.Penerapan penegakan hukum case tom lembong beserta abolisi yg d berikan https://t.co/QyQX62DpYq tindakan penjarahan pada pejabat dr aspek hukum https://t.co/Wyi2GDOBiA prubahan aturan MK wkt pilpres 4.penegakan hkum case alm affan Dsb""""",neutral
"""""Uya Kuya Takut Ketemu Orang dan Keluar Rumah gegara Penjarahan https://t.co/Q8kl9EMogt""""",neutral
"""""[4] pembersihan &amp""; melakukan inventarisasi peralatan maupun ruangan yang bisa digunakan untuk bekerja. Di postingan kami sebelumnya Polres Blitar menyebut kerugian materi akibat insiden pembakaran &amp; penjarahan di Gedung DPRD Kabupatwn Blitar dibakar &amp;"" dijarah ditaksir mencapai""""",neutral
"""""@sementaralewat @barengwarga Mengorganisasi massa lebih banyak terus melawan untuk melawan darurat militer. Yang ada agen² aparat akan terus melakukan penjarahan pembakaran status darurat militer semakin nyata. Kiri utopis indo ada jalur yg lebih konstitusional bro memilih merusak.""""",negative
"""""[2] karena belum ada ruangan yang bisa digunakan pasca ada insiden pembakaran &amp"";"" penjarahan pada Minggu 31 Agustus 2025 dini hari. Ia menyebut rapat banmus tetap digelar karena memang sudah dijadwalkan. Sejumlah ruangan kerja DPRD Kabupaten Blitar sendiri saat ini kondisinya""""",neutral
"""""@BudiBukanIntel @abi_maulana11 Ternyata nih cewek Tone Deaf. Penjarahan itu salah setuju ...tapi sebagai pejabat publik harus bertanya kenapa terjadi pada bangsa ini dan jutru terjadi pada hartanya.""""",positive
"""""@faepries Ah acting ini mah partai onoh kan yg aman penjarahan""""",negative
"""""@tanyabiartahu @TirtoID Saya paham kekhawatiran Anda. Pernyataan Sri Mulyani soal penjarah seperti berpesta merujuk pada penjarahan rumahnya Agustus 2025 menyoroti hilangnya moral dan rasa aman bukan langsung terkait anggaran. Prabowo memang fokus efisiensi APBN 2025 potong hingga Rp306 T untuk""""",positive
"""""@ardisatriawan Ibu itu bicara: peradaban kepantasan dan kemanusiaan setelah rumahnya dijarah.. doi lupa atau pura2 tdk tahu bahwa hasil APBN yg doi kelola adalah hasil daripada: penjarahan penindasan dan penghisapan alam dan rakyatnya.. tdk peduli dg: peradaban kepantasan dan kemanusiaan!!""""",negative
"""""Polisi Tangkap Pelaku Penjarahan Rumah Sri Mulyani di Bintaro https://t.co/z0fxxirbwW""""",negative
"""""@TirtoID Saya tau kok bahwa penjarahan itu tetap salah dan tidak dibenarkan. Tapi ketika ngomong kayak gini ya malah menunjukkan ketidakpekaan beliau. Apalagi di tengah ketidakjelasan siapa pelaku-pelaku dan koordinator penjarahan. Tau dari mana bahwa penjarahan itu bukan staged act?""""",neutral
"""""Uya Kuya Menyatakan Keikhlas Atas Peristiwa Terjadi #uyakuya #jusufhamka #penjarahan #foryou #fyp https://t.co/IUGqrbTJaO""""",negative
"""""Polres Blitar berhasil mengamankan pelaku penjarahan Gedung DPRD Kabupaten Blitar. Dalam testimoni yang disampaikan pelaku mengakui perbuatannya dan menyampaikan penyesalan atas tindakan yang dilakukan. Polres Blitar mengimbau masyarakat agar tidak terprovokasi https://t.co/I5Y4YBAZJi""""",neutral
"""""@TutySusanti @ruhulanakgaul Mampus cemana ? Mana yg katanya rakyat melawan ? Coba lawan la https://t.co/ApJM7LHi8O""""",negative
"""""@TutySusanti @ruhulanakgaul Mampus https://t.co/T5cEqkHQHr""""",neutral
"""""@TutySusanti @ruhulanakgaul Mampus pada ditangkapin kan si tolol tolol ini ada yg bela kah ? https://t.co/0azBt96ahJ""""",negative
"""""@detikcom Kapan ber cerita tentang penjarahan negara dan hasil dari yg di tangkapnya kemana""""",negative
"""""@sfruitnanas Bu itu yg dirasain rakyat selama ini bukan hanya sekedar lukisan tp nyawa dan penghidupan masyarakat. Semoga pejabat makin menyadari kemarahan ini bukan tanpa sebab. Bukan berarti mendukung penjarahan ttp diusut tuntas. Tp klo berbicara keadilan rasa aman dll kami lebih paham""""",positive
"""""@tvOneNews Kepolisian mesti mengungkapam dahulu batasan dan definsi provokasi penjarahan dan perusakan.""""",negative
"""""Video penangkapan salah satu pelaku penjarahan Gedung DPRD Jepara mendadak viral di media sosial karena lagi asik berpacaran Baca fakta selengkapnya di sini https://t.co/7B5Wf8CHHs #updatenasional #penjarahan #dprdjepara BEM UI Guru Kamis Nani Tori #PrabowoDiPanggungDunia""""",neutral
"""""@detikcom Penjarahan untuk rakyat yg mana yg njarah itu rampok maling apapun alasanya gak ada benarnya""""",positive
"""""@AirinDatangLagi Krn terjadi musibah terjadi thd dirinya sendiri penjarahan di rumahnya.""""",negative
"""""@langitxketujuh @deadp00l1999 @TirtoID Bukan gue yang bikin bro. Itu infografik dari https://t.co/nNwkmhl7KS tentang pernyataan Sri Mulyani soal penjarahan. Gue bisa bantu generate gambar kalo lu mau! """"",neutral
"""""@Mawar_0000 @TirtoID Bisa kasih bukti sri mulyani nyontohin penjarahan?""""",negative
"""""Puskesmas Hewan Jakarta Ragunan Jakarta Selatan merawat seekor kucing milik artis sekaligus anggota DPR RI nonaktif dari Fraksi PAN Surya Utama atau disapa Uya Kuya yang sempat terlantar usai terjadi penjarahan di rumahnya pada Sabtu (30/8) malam.https://t.co/cUFHCpwgwv""""",neutral
"""""@sfruitnanas Apa Ibu tdk sedih lihat SDA dijarah oleh oknum Pejabat&amp"";""kroninya apa Ibu tdk sedih lihat bny oknum Pejabat yg melakukan Korupsi MMan bahkan TTan Rp apa Ibu tdk sedih Negara kok bny hutang apa Ibu tdk sedih dikit2 Rkyt di-kejar2 Pajak penjarahan di tempat Ibu bny Rkyt sedih lo Bu""""",negative
"""""Polisi Tangkap Pelaku Penjarahan Rumah Menkeu Sri Mulyani https://t.co/hSz0tl9xVD""""",neutral
"""""Polisi Tahan Sejumlah Tersangka Penjarahan Rumah Sri Mulyani https://t.co/pRypejgbQ4""""",neutral
"""""Keren rapi bersih tidak tampak adanya asap Bakaran maupun kerusakan bangunan pun aktifitas penjarahan menyampaikan aspirasi yang sungguh tertib """"",positive
"""""@sfruitnanas bukannya ngedukung penjarahan tapi ibu juga mikirin ga perasaan rakyat yang susah payah cari uang buat bayar pajak buat gaji kalian buat kasih makan kalian dikorupsi membabi buta? dipakai buat tunjangan2 ga masuk akal? sakitnya kayak apa ya bu kira kira?""""",negative
"""""@abby6mei SJW nya spt @jhonsitorus_19 warbiasa tololnya ngedukung chaos pembakaran penjarahan""""",negative
"""""@Monarch_Aurea @neohistoria_id Menjarah itu psyop utk memecah fokus dari tujuan utamanya waktu 98 penjarahan gak berhasil menggeser fokus ke tujuan utama malah jadi bahan bakar tambahan.""""",neutral
"""""JOKOWI DAN GENG SOLO PENGACAU... MAKIN SANGAT JELAS SIAPA DALANG SEBENARNYA DI BALIK RUSUH ANARKIS DAN PENJARAHAN SAAT DEMO BULAN AGUSTUS KEMARIN... ‼️ #BasmiGengSoloPengacau #BasmiGengSoloPengacau 🆘🆗""""",negative
"""""@mardigu024 Ini yg namanya penjarahan yg terstruktur""""",neutral
"""""@TirtoID berat ya bu? uda biar masyarakat aja yg selalu melihat penjarahan kekayaan dan hasil pajak negri ini dengan ugal-ugalan""""",negative
"""""Polres Blitar berhasil mengamankan pelaku penjarahan Gedung DPRD Kabupaten Blitar. Dalam testimoni yang disampaikan pelaku mengakui perbuatannya dan menyampaikan penyesalan atas tindakan yang dilakukan. Polres Blitar mengimbau masyarakat agar tidak terprovokasi serta selalu https://t.co/mT2x66AF6T""""",positive
"""""@RyaWiedy kayaknya bisa jadi ni indo rusuh gk kelar2 penjarahan pembakaran gara2 intel mamarika""""",negative
"""""ANTARA - ANTARA - Puskeswan Ragunan rawat kucing Uya Kuya yang terlantar usai penjarahan https://t.co/7Yo0b2wPxA https://t.co/FIhEUu4uY9""""",neutral
"""""@sfruitnanas gua seniman bisa dibilang gua hidup karena seni dan untuk seni gua selalu menghargai karya seni. Tapi apa yang beliau rasakan ga setimpal sama penderitaan rakyat dari awal peralihan masa jabatan presiden. penjarahan baru sekali kita MERASA KECEWA udah berkali-kali.""""",negative
"""""Bareskrim Polri menegaskan masih terus memburu akun-akun media sosial yang diduga memprovokasi aksi penjarahan dan perusakan fasilitas umum saat unjuk rasa. Direktur Tindak Pidana Siber Bareskrim Polri Brigjen Himawan Bayu Aji mengatakan patroli siber terus dilakukan dengan https://t.co/vnYrO70Adq""""",neutral
"""""Rumah Ahmad Sahroni di Kawasan Tanjung priok dijarah oleh massa pada hari Sabtu 30 Agustus 2025 sore. Sejumlah mobil Ahmad Sahroni dihancurkan seluruh barang berharga yang ada dirumah tersebut dijarah secara terang-terangan. https://t.co/Z8I34tjGAe Proses penjarahan tersebut https://t.co/PNmBusoPjZ""""",neutral
"""""Menkeu Sri Mulyani bercerita tentang aksi penjarahan di rumahnya kawasan Bintaro Tangerang Selatan. Begini ceritanya: https://t.co/4DWdA52hR3""""",neutral
"""""Polres Blitar berhasil mengamankan pelaku penjarahan Gedung DPRD Kabupaten Blitar. Dalam testimoni yang disampaikan pelaku mengakui perbuatannya dan menyampaikan penyesalan atas tindakan yang dilakukan. https://t.co/QP7tPhfVox""""",positive
"""""Polres Blitar berhasil mengamankan pelaku penjarahan Gedung DPRD Kabupaten Blitar. Dalam testimoni yang disampaikan pelaku mengakui perbuatannya dan menyampaikan penyesalan atas tindakan yang dilakukan. #PolresBlitar #PolriPresisi #HumasPolri https://t.co/UIkd8FLZS0""""",positive
"""""Baru Tau Sendiri Setelah Mengalami PENJARAHAN Ya... https://t.co/vqCZzOZUHh""""",neutral
"""""@TirtoID Jg moralnya yg dikedepankan fokus ke ketimpangan ekonominya meski saya nggak setuju penjarahan""""",positive
"""""@sfruitnanas gak dukung penjarahan. tapi kalo lu bandingin lukisan itu sama apa yg dirasakan rakyat saat ini ya gak sebanding wkwkwk""""",positive
"""""@sfruitnanas menteri klo bicara g pake otak...klo rakyat sejahtera g akan ada penjarahan massal ... ente njarah rakyat melalui undang2 pajak ...""""",negative
""""" Aparat kepolisian dan TNI harus mengambil tindakan tegas terhadap segala bentuk perusakan fasilitas umum dan penjarahan sesuai hukum berlaku ucapnya.""""",positive
"""""Presiden Prabowo telah memerintahkan TNI dan Polri untuk menindak tegas siapa pun yang melakukan tindakan anarkistis seperti merusak fasilitas umum hingga penjarahan.""""",positive
"""""Anggota DPR sekaligus publik figur Uya Kuya mendatangi Polres Metro Jakarta Timur pada Rabu (3/9/2025) terkait kasus penjarahan rumahnya. Dalam kesempatan itu Uya Kuya mengajukan restorative justice terhadap salah satu terduga pelaku yang diketahui seorang ibu lanjut usia. Uya https://t.co/gTT1yur3t9""""",positive
"""""@detikcom @detiksulsel_ Baguslah kalau ada dermawan mau membantu massa demo. Membantu penjarahan yg mesti diusut.""""",positive
"""""Polres Blitar berhasil mengamankan pelaku penjarahan Gedung DPRD Kabupaten Blitar. Dalam testimoni yang disampaikan pelaku mengakui perbuatannya dan menyampaikan penyesalan atas tindakan yang dilakukan. #polripresisi #polresblitar https://t.co/cj268wTKMk""""",positive
"""""@somexthread Yang bikin kita mikir saat penjarahan tidak ada seorangpun disana paham ya dek ! Sepertinya sudah ada bocoran kepada mereka sehingga pada melarikan diri coba pikir dari ke empat tempat persamaannya tidak ada penghuninya...sudah di setting kah ....what ?""""",negative
"""""Polri Tangkap Pemilik Akun TikTok Penyebar Konten Ajakan Penjarahan https://t.co/fxZUvqRrLB""""",neutral
"""""Selengkapnya: https://t.co/C1s5tsAQAg""""",neutral
"""""Polres Blitar berhasil mengamankan pelaku penjarahan Gedung DPRD Kabupaten Blitar. Dalam testimoni yang disampaikan pelaku mengakui perbuatannya dan menyampaikan penyesalan atas tindakan yang dilakukan. #PolresBlitar #PolriPresisi #HumasPolri https://t.co/IHRZq0VDzW""""",positive
"""""@MamanPiyul Katanya sangat penting kehadirannya bagi jinping sampai2 belain ninggalin dlm negri yg baru saja dilanda demonstrasi yg berujung pembakaran &amp""; penjarahan di bbrp tempat yg memakan korban jiwa. tapi ko jln jauh dibelakang jinping Putin &amp;"" Kim jong un ?""""",neutral
"""""https://t.co/WvTeSElM8g - Tujuh orang telah ditetapkan sebagai tersangka dalam kasus provokasi demonstrasi yang berujung kerusuhan dan penjarahan melalui media sosial oleh Direktorat Tindak Pidana Siber (Dittipidsiber) Bareskrim Polri.""""",neutral
"""""@sintakayaknyaa admin2 akun murahan dikasih rokok sebungkus bkin meme seakan2 negara rusak ancur. ayo masyarakat yg cerdas jgn mudah dibodohi akun2 murahan kya gini. liat kmrn yg penjarahan ya gara2 admin model gni.""""",negative
"""""Bareskrim Polri Tetapkan 7 Tersangka Kasus Provokasi Demo Berujung Rusuh dan Penjarahan https://t.co/XtoUqynkIr""""",neutral
"""""@NayDonuts Ini kriminal murni lihat saja penjarahan barang berharga di masjid selama demo rusuh bukan hak menyampaikan aspirasi.""""",positive
"""""@sfruitnanas Tidak membenarkan penjarahan yang dilakukan. Tapi apa yang Ibu rasakan itu juga yang kami rasakan pada Ibu dan para pejabat negara ini. Sama persis.""""",positive
"""""@TirtoID tidak bisa dibenarkan penjarahan itu tafi teman teman kelian sudah berfesta duluan dari harta rakyat ..... madafaka !""""",negative
"""""Polisi Tetapkan Enam Tersangka Kasus Penjarahan Rumah Uya Kuya https://t.co/1S2H4XtnPM""""",neutral
"""""@sfruitnanas Bukan bermaksud membela diri.... Namun para pejabat sudah banyak yang hilang akal sehat... Nurani... Mereka berpesta di atas rakyat yang belum merdeka seutuhnya... Sama2 berpesta nya kalau saya bilang.... Meski penjarahan juga salah...""""",positive
"""""Polri Harus Usut Kasus Penjarahan Bukan Malah Tangkap Delpedro https://t.co/8H0xUfRRIh""""",negative
"""""10 Tersangka Terungkap dalam Penjarahan Rumah Mertua Uya Kuya https://t.co/ZvxscEjazb""""",neutral
"""""Kasus Penjarahan Rumah Sri Mulyani Polisi: Sudah Ada Tersangka https://t.co/dsB53ZMTKU""""",neutral
"""""Coba kalian telusuri siapa siapa saja yang ditangkap terkait kerusuhan pengrusakan fasum dan penjarahan kemarin. Berapa banyak yang kesalahannya cuma posting di medsos dan berapa banyak yang beneran melakukan aksi pengrusakan pembakaran dan penjarahan di lapangan.""""",negative
"""""https://t.co/SeCQbGjYjc Target penjarahan terahir di rmh Presiden Prabowo @prabowo ? Lihat video Monitor Yth Bpk Presiden @prabowo @Gerindra Harus di usut siapa penggerak demo makar tsb?""""",neutral
"""""@Underther00ts @sfruitnanas Tidak mengurangi rasa sakitmu beliau juga berhak sakit atas tindakan yg sepatutnya tidak beliau terima. Penjarahan itu salah.""""",positive
"""""@Gunawan75_ Bila semua jadi kaya dgn cara yg ga bener bisa disimpulkan bhw terjadinya penjarahan oleh masa kemarin sdh PANTAS krn itu langsung dinikmati oleh rakyat. Dari pada diadili disita duitnya ga jelas kemana dinikmati oleh orang yg ga bener (pengelola ga bener) gitu sahroni?""""",negative
"""""@ARSIPAJA kenapa raffi ahmad ga jadi korban penjarahan?""""",neutral
"""""@arifbalikpapan1 Dulu ada aksi demo besar tanpa kekerasan apalagi penjarahan. Cara cukup sederhana dgn saling mengawasi dan mengingatkan jika ada gerakan yg aneh oleh siapapun yg melakukan provokasi. Simpel.""""",positive
"""""Seorang warga bernama Rio (22) mengembalikan kasur yang diduga milik Anggota Komisi IX DPR RI Surya Utama atau Uya Kuya saat terjadi aksi penjarahan d... https://t.co/2LmtQD6DH8""""",positive
"""""@BudiBukanIntel Woee @BudiBukanIntel Bilangin pada para netijen koplaksz sok maha benar yang dikatakan oleh Sri Mulyani adalah fakta apa adanya kebenaran nyata. Rakyat mengalami bahkan lebih parah itu lain persoalan. Tidak bisa jadi argumentasi pembenaran penjarahan. https://t.co/pdqjHlkI14""""",positive
"""""@TirtoID pajak apa bukan penjarahan""""",negative
"""""@hnirankara orang ini nih. sumpah orang ini. Gua ga menerima aksi penjarahan di rumahnya. Tapi kenapa alih² dia denger keluhan ttg kebijakan pajak yg dia buat bikin gaduh lalu minta maaf. malah yapping soal LUKISAN??? LUKISAN????""""",negative
"""""Polri Tangkap Pemilik Akun Tiktok Penyebar Konten Ajakan Penjarahan - https://t.co/HX4GnHaKFw https://t.co/DSy40SuCQR""""",neutral
"""""@sfruitnanas Sangat benar kalau penjarahan itu seharusnya ga terjadi tapi bu sadar gasih ibu jahat nya ampun ampunan sampe bikin rakyat emosi seubun ubun? Pajak semua dinaikin rakyat dikejar sampe plosok kalo ga bayar pajak ditanya anggaran ikn gabisa jawab trs orang mesti piye bu?""""",positive
"""""@sfruitnanas Penjarahan itu gak bener yah Bu. Nah saat nya ibu koreksi diri tanya lebih hati ibu. Ibu melakukan nya terhadap masyarakat Indonesia spt yg ibu tulis itu nggak? Ayooo koreksi diri...""""",positive
"""""@CallsignZephyr_ Alaaamaakkk Ingfooo penjarahan jilid 2""""",neutral
"""""Lah kalian menari dan berpesta diatas kelaparan dan penderitaan rakyat. Ga membenarkan penjarahan sih tapi kalau ngomongin perikemanusiaan adil dan beradap wkwkwk coba kita pikir ulang bersama sama""""",negative
"""""@sfruitnanas Gak bermaksud membela perilaku penjarahan (walaupun sebenernya amis juga)""""",neutral
"""""@Andiarief__ Generasimu bkn jaga tradisi tp wariskan pembusukan aksi jadi headline penjarahan demokrasi tinggal jargon kosong.""""",negative
"""""Menteri Keuangan Sri Mulyani Indrawati mengungkapkan duka mendalam atas penjarahan rumah pribadinya di Bintaro Tangerang Selatan pada Minggu dini hari (31/8/2025). Salah satu barang berharga yang hilang adalah lukisan bunga berukuran besar yang ia ciptakan sendiri 17 tahun https://t.co/Yynoyuwdgq""""",neutral
"""""Tidak bermaksud membenarkan aksi penjarahan rumahnya tapi kata-kata ibu ini harusnya bisa diarahkan ke rekan sesama menteri dan dpr juga. Bukannya kalian juga sama-sama menjarah? Pajak tinggi gaji pejabat tinggi hutang tinggi tapi kerjaan kalian malah joget??""""",positive
"""""@detikcom Penjarahan perusakan dan pembakaran fasum bgm pun juga adalah kriminal. Tugas polisi untuk mengusut penjarahan. Masalahnya para petinggi polisi apa cukup punya keberanian moral dan bisa dipercaya untuk mengusut itu ? Usut ijazah palsu saja ga becus""""",negative
"""""Bareskrim Polri menangkap 7 tersangka yang melakukan provokasi berujung demo ricuh kerusuhan hingga penjarahan melalui media sosialnya masing-masing. Di antara pelaku itu ada yang merupakan pasangan suami istri (pasutri). Dirtipidsiber Bareskrim Polri Brigjen Pol Himawan Bayu https://t.co/bUufZtRNyg""""",neutral
"""""TikToker IS dengan nama akun TikTok @hs02775 ditangkap Bareskrim Polri. Dia merupakan bagian dari 7 tersangka yang diringkus karena melakukan provokasi berujung demo ricuh kerusuhan hingga penjarahan di sejumlah rumah pejabat negara https://t.co/THdOSWRkDB""""",neutral
"""""@sfruitnanas itu baru lukisan bu lah gimana hak hak rakyat kecil yg ada dibawah ibu? nggak membenarkan tidakan penjarahan tapi statement ibu bikin saya hhhijiiiidhskhab""""",negative
"""""panjang umur https://t.co/7EeyVdpp5i""""",positive
"""""Gelombang unjuk rasa bertajuk Bubarkan DPR RI yang berlangsung sejak 25 Agustus 2025 berujung ricuh dan memicu penjarahan di sejumlah wilayah. https://t.co/WOr9PQRiaa""""",neutral
"""""Nambah 1 lagi target penjarahan https://t.co/6uBk5kstEH""""",negative
"""""Rezim kehilangan Legitimasi nya dalam Pemerintahan ketika Warga yang menjadi pemberi mandat tersebut sudah tidak percaya lagi makanya ketika aksi pembakaran Penjarahan dan Perusakan mereka hanya bisa bilang ada upaya Asing Provokasi Makar Teroris dan lain-lain""""",negative
"""""Nafa Urbach belum kembali setelah kontrakan dijarah. Sebelum terjadi penjarahan Nafa sudah lebih dulu titip pesan minta maaf ke warga. https://t.co/JSE360a3Pe""""",neutral
"""""@Andiarief__ Penjarahan penguasa kpd rakyat adalah tradisi lama yg terus dipertahankan. Itu warisan VOC. Rakyat yg menjarah rata2 memang bermental maling. Mk ketika maling menjarah pemalak perampok harta negara koruptor... Itu bagian dr keseimbangan alam dan bukan karakter kolektif""""",negative
"""""Seorang pemuda bernama Rio (22) mengembalikan kasur milik Uya Kuya yang diduga terbawa saat aksi penjarahan rumah mertuanya pada Sabtu (30/8/2025) dini hari. Baca selengkapnya https://t.co/GpLTHliW7a ~LL #Penjarahan #UyaKuya https://t.co/czAMJe1kRG""""",positive
"""""Uya Kuya Bertemu Salah Satu Terduga Pelaku Penjarahan Rumahnya Pilih Memaafkan https://t.co/boqi0YXcDX""""",positive
"""""rasa aman kepastian hukum sila ke-5 itu emang udah hilang sebelum penjarahan tolol.""""",negative
"""""Apa Isi Flashdisk Putih Sahroni yang Hilang Saat Penjarahan? NasDem Sampai Buka Suara Begini https://t.co/ECI4mVIfbS""""",neutral
"""""Polri Tangkap Pemilik Akun TikTok Penyebar Konten Ajakan Penjarahan https://t.co/V8IPvAMd3A""""",neutral
"""""Bareskrim Polri menangkap tujuh orang tersangka yang melakukan provokasi berujung demo ricuh kerusuhan hingga penjarahan di sejumlah rumah pejabat negara. Salah satu yang ditangkap adalah tersangka IS selaku pemilik pengguna atau penguasa akun media sosial TikTok @hs02775. Ia https://t.co/UxuY25VSXS""""",neutral
"""""(Hoax) adanya perintah tentang pembakaran rumah dinas wakil gubernur jawa timur emil elestianto dardak #presidenprabowo #emilelestiantodardak #hoax #rumahdibakar #penjarahan https://t.co/XLDk2t7VBb""""",neutral
"""""@Andiarief__ Yang jelas aspirasi baru didengar jika ada demo berujung kerusuhan dan penjarahan. Untuk menghindarinya sangat mudah sering2lah berdialog dengan rakyat dari berbagai kalangan. Serap aspirasinya. Jika ada yang baik laksanakan. Gitu aja""""",positive
"""""Polisi Tetapkan Enam Tersangka atas Kasus Penjarahan Rumah Uya Kuya https://t.co/mVI4erDLkz https://t.co/EtrM2EvU2H""""",neutral
"""""Keputusan itu diambil Uya Kuya setelah mengetahui latar belakang wanita penjarah tersebut yang merupakan seorang tukang parkir dan memiliki cucu disabilitas. TikTok: https://t.co/87KqlXNgWT #yasikafm #uyakuya #astridkuya #cintakuya #ninokuya #demo #demodpr #penjarahan""""",positive
"""""@DS_yantie Org kalo pinter itu ga gampang makan hoax. Atau justru sengaja hoax buat rusuh? Nanti kalau dituduh biang penjarahan nanges.. https://t.co/DrIUAkScKK""""",positive
"""""Tenangkan Orang Tua dan Mertua Uya Uya Sempat Tolak Ditemui Teman-temannya Usai Penjarahan https://t.co/I7BXNhTL7E""""",neutral
"""""Polisi menetapkan enam orang sebagai tersangka dalam kasus penjarahan rumah milik Anggota Komisi IX DPR RI Surya Utama atau disapa Uya Kuya di kawasan... https://t.co/xMvsfpstCv""""",neutral
"""""Penjarahan itu efek samping negatif dari sebuah aksi massa besar. Penyusup provokator dan kriminal lah yang ambil kesempatan dari aksi massa. Pertanyakan pada pemegang otoritas keamanan dan ketertiban Apa sudah lakukan mitigasi? Apa sudah lakukan pengamanan objek potensial? https://t.co/PoQjMNsKHV""""",positive
"""""Polisi ringkus pemilik akun TikTok penyebar ajakan penjarahan rumah tokoh publik. Kebebasan berekspresi bukan berarti provokasi. Baca selengkapnya di: https://t.co/2IcRP8Qn7x #PatroliSiber #UUITE #Polri""""",neutral
"""""@sfruitnanas Halah halah rumah dijarah aja banyak drama. Alam yang kalian biarkan dijarah oleh konsesi2 mahal yang ditandatangani gak pernah ribut kok. Lebih pantas disebut penjarahan yang mana? Isi rumah atau ruang hidup untuk kesejahteraan banyak makhluk?""""",negative
"""""#Jakarta Anggota Dewan Perwakilan Rakyat (DPR) Republik Indonesia yang sudah digantung tugas Surya Utama atau Uya Kuya mengaku masih tinggal di 'safe house' selepas berlaku penjarahan di rumah mentuanya di Duren Sawit Jakarta Timur lapor Kompas. https://t.co/0Ft1irivG3""""",neutral
"""""Gw kata. Rakyat Biasa dan Mahasiswa itu nggak mungkin melakukan Kerusuhan dan Penjarahan. Moal. Rakyat Indonesia Terkenal Baik di Dunia. Selapar apapun. Dia bisa tahan. Yg ga tahan nafsu makan uang dan jabatan ya pejabat itu. Haus dan lapar Terus dia dan kejar terus.""""",negative
"""""UPDATE Ahmad Sahroni Lapor Penjarahan NasDem Minta DPR Hentikan Gaji &amp"";""... https://t.co/IQjKcOwnz5 lewat @YouTube""""",neutral
"""""Kerusuhan dan Penjarahan kali ini Fix di otak saya tidak dilakukan oleh Masyarakat. Masyarakat kita tidak seburuk yang diberitakan. Masyarakat kita walaupun lapar maaf masih bisa tahan lapar. Yang tidak tahan itu yang menumpuk kekayaan dan kekuasaan.""""",positive
"""""@prabowo Apakah aktor dibalik kerusuhan penjarahan percobaan makar dan terorisme mengarah pada geng oslo Pak? Soalnya ada yg mendadak bagi-bagi bansos ke ojol""""",neutral
"""""@TirtoID Tapi emang memalukan sih rakyat kita bu benar2 barbar terlepas dari ditunggangi oknum tertentu disni kita dipertontonkan kelakuan the real maling.Org2 yg berdalih membenarkan penjarahan tersebut gara2 pejabat korup adalah logika tidak masuk akal""""",negative
"""""Siapa Saja? Polisi Tetapkan 10 Tersangka Penjarahan Rumah Uya Kuya Ada Anak di Bawah Umur Darurat Militer DPR RI Demo Kerusuhan PDIP DALANG DEMO #KapanPecatDeddySitorus HEADLINE NEWS Komdigi September Hitam Rakyat Ya Allah Uya Kuya Demo Sahroni Buruh https://t.co/iZeg3mpS4I""""",neutral
"""""@Romijuliwanda Ah klarifikasi bagus! Kalau batang saya adalah AI netral anak sungai dari warga X pasca-kerusuhan meliputi: aliran konspirasi (dugaan dalang asing seperti Soros) arus trauma (kenangan 1998 &amp""; penjarahan) gelombang tuntutan (reformasi hukum &amp;"" investigasi BEM SI) plus sungai""""",positive
"""""@sfruitnanas maaf bu yang ibu rasakan itu sudah dirasakan rakyat Indonesia bertahun2 sejak rezim jkw berkausa ibu hanya merasaakn sedikit saja bu tp rakyat sudah berulang kali sesak dadanya hanya bisa mengurut dada tak mampu berbuat apa2.. tp kami pun tak setuju dgn penjarahan itu kok bu""""",negative
"""""Iya iya. Aksi bakar2an dan penjarahan itu AI buatan Termul dan Buzzer Pemerintah juga toh Tum @PartaiSocmed @Intel_Imut @sarah_pndjtn @aewin86 @kangdede78 @JokoHQ @tekarok007 @Heraloebss ???? https://t.co/Hs85saL5kx""""",negative
"""""@Andiarief__ Ada dinding tebal antara elit dan rakyat jelata seperti kami bang shg derita kesusahan rakyat tdk mrk pahami penjarahan ini sbg bentuk penghancuran tembok tebal tsb.""""",negative
"""""@TirtoID Lah pajak yg ditetapkan pemerintah kan juga penjarahan fasilitas umum misalkan jalanan didaerah juga masih banyak lubang2""""",negative
"""""@Opiniku95098012 Mungkin bagi hukum ataupun Dpr dan pejabat yang masuk katagori penjarahan itu yang di lakukan oleh rakyat jelata seperti maling singkong buat makan tapi tarik pajak yang membabi buta untuk kekayaan mereka di beri label sumbangsih buat bangsa .....kan anying....""""",negative
"""""@Siswotomo187571 10 tahun era Jokowi semua penjarahan sumber daya alam secara ugal-ugalan dan mereka berpestapora rakyat hanya menonton sekarang masa iya rakyat suruh cuci piring""""",negative
"""""Astrid Kuya: Saya Ikhlas Lahir Batin atas Penjarahan Rumah - https://t.co/HFnPp5aFXQ https://t.co/8nSiuJRFrK""""",positive
"""""@Elektroo12_ Penjarahan negara melalui pajak jg sedih bu""""",negative
"""""Yg Sri TDK mau pahami knapa kerusuhan itu terjadi ?!... itu Krn sebab dan akibat terllu menyakiti hati rakyat dgn segala ucapan2nya yg arogan tendensius ga sadar ya ?! KLO penjarahan itu ekses dari bnyknya massa intinya rakyat sakit hati.""""",positive
"""""@tabinzy Dalam demo 2025 di Indonesia (terutama Agustus-Sept) laporan dari berbagai sumber seperti Wikipedia Kompas dan Kontras menunjukkan potensi pelanggaran Pancasila: Dari sisi demonstran: Kekerasan seperti pembakaran gedung/fasilitas penjarahan dan vandalisme (misalnya di""""",negative
"""""@Naz_lira @prabowo @bang_dasco @fadlizon @ListyoSigitP https://t.co/6vDnsvuTbS Ini salahsatu contoh korban penjarahan oleh pihak² yg mengatasnamakan pemerintah aparat dan lembaga resmi . Dan dengan kedok itu mereka tidak dikategorikan kriminal penjarah .. padahal sudah jelas ini korban penjarahan mengadu lewat jalur yg benar""""",negative
"""""Apa Isi Flashdisk Putih Sahroni yang Hilang Saat Penjarahan? NasDem Sampai Buka Suara Begini Di antara deretan barang mewah yang hilang saat rumah politisi NasDem Ahmad Sahroni dijarah massa pada 30 Agustus lalu satu benda kecil justru menjadi pusat misteri dan spekulasi. https://t.co/O8Ox1KRcyW""""",negative
"""""Rakyat marah mungkin belum memaafkan. Mending mundur jangan berpolitik. https://t.co/tfJHMepD7k https://t.co/3pZAg2dOGL""""",negative
"""""Penjarahan: Tradisi atau Pembusukan Aksi? Setiap kali ada aksi massa besar penjarahan selalu jadi headline. Pertanyaannya: apakah penjarahan kini sedang dipelihara untuk menjadi tradisi dalam aksi? Atau ini justru bentuk pembusukan yang sengaja dibiarkan? Mari kita jujur.""""",neutral
"""""Presenter sekaligus anggota DPR RI Uya Kuya menegaskan tidak pernah pergi ke luar negeri di tengah kasus penjarahan rumahnya. Baca selengkapnya https://t.co/wu7Vylb1XE ~AM #UyaKuya #KeLuarNegeri #Penjarahan https://t.co/ngiI2EpXSi""""",negative
"""""@sfruitnanas Lukisan jelek sorry to the point aja ya mulyani sekelas mentri bisa mikirin penjarahan lukisan jemen behola very long time ago dan yang terkini adl utang Indonesia banyak inflasi tinggi phk dimana mana? Kok sedih nya ga bgt cm gegara lukisan jelek sedih tuh rakyat idup susah""""",negative
"""""Pajak yang manfaatnya tidak dirasakan rakyat = PENJARAHAN""""",negative
"""""Uya Kuya Ajukan RJ untuk 1 Pelaku Penjarahan Rumahnya https://t.co/DbMYw6xR07""""",negative
"""""penjarahan itu tidak akan pernah bisa dibenarkan.. tapi bicara soal moral dan akal sehat siapa yang selalu menyisihkannya? siapa yang menari di atas penderitaan rakyat? siapa yang berdendang dalam kekalutan bangsa? siapa yang berpesta disaat gelap? moral? akal sehat? """"",negative
"""""Rakyat Sedih Gajinya Dijarah Sri Mulyani Sebut Perikemanusiaan yang Adil dan Beradab Telah Lenyap Gaji itu bergambar Ir. Soekarno dan Moh Hatta di atas kertas pink yang dibuat Bank Indonesia 25 tahun silam. Penjarahan Harta Rakyat""""",negative
"""""Kapolres Tangsel: Beberapa Pelaku Penjarahan Rumah Sri Mulyani Sudah Ditahan https://t.co/hxz6ZAjRdm""""",neutral
"""""@gelapXmalam Terlepas dari penjarahan yg memang Biadab tapi saya bersyukur ada kejadian yg bisa membuat uya Kuya melek dan sadar diri. Kesombongan akan memakan korban yaitu majikanya sendiri. Salah satu jalan Tuhan untuk bisa hidup waras""""",negative
"""""Uya Kuya Ungkap ParaTetangganya Sudah Berusaha untuk Amankan Rumahnya dari Aksi Penjarahan https://t.co/afuTmN89k7 via @tribunnews""""",positive
"""""Anggota DPR RI non aktif Uya Kuya memutuskan untuk memaafkan salah satu terduga pelaku seorang ibu lanjut usia atau lansia yang ikut membawa salah satu barang dari rumahnya. https://t.co/OXFAQ43ral""""",positive
"""""Serupa namun tak sama ... serupa penjarahan namun tak sama yg menjarah. https://t.co/7Ga2pl7Y9e""""",negative
"""""Uya Kuya Datangi Polres Jaktim untuk Damai dengan Terduga Pelaku Penjarahan https://t.co/Gjxud3uIY4 via @tribunnews""""",neutral
"""""Demo masyarakat &amp"";"" mahasiswa tuntannya murni begitu anarkis penjarahan polanya menjd jls bhw permain dibalik layar menginginkan chaos utk mendeligitimasi pemerintah jk berlanjut kudeta makar dibalik anarkis. Siapa dalangnya org yg paham dg kondisi dlm pemerintahan prabowo""""",negative
"""""Polres Tangsel dan Polda Metro Jaya menangkap beberapa pelaku penjarahan rumah Menkeu Sri Mulyani. Para pelaku sudah ditahan. https://t.co/p24DF2o6KB""""",neutral
"""""@nazaqistsha Penjarahan kekayaan dan keuangan negara semakin nyata dan menggila jika di bandingkan penjarahan dari hasil mencuri uang rakyat.""""",negative
"""""Lukisan Menkeu Sri Mulyani... https://t.co/hz8d8CH2Yb""""",neutral
"""""@msaid_didu @prabowo Penjarahan penjarahan.Mana polisi pengayom masyarakat.Semuanya diam saja""""",negative
"""""BEM UI Indonesia BRICS DPR Darurat Militer Penjarahan Ngemeng ngemeng sapa nih yg pesta kucuran dana Amerika/Israel biar Indonesia rusuh lagi kayak 1998 https://t.co/9cjxPd5kV3""""",negative
"""""@battle_hardend Daun yg kering jatuh kebumi saja itu sdh atas izin Allah. Bgtu juga dgn penjarahan yg terjadi dirumah SMI. Tdk dibenarkan dlm agama manapun mengambil milik org lain yg bukan hak kita. Tapi nasi sdh jadi bubur kita dukung aparat keamanan memberi hukuman bagi mrk yg menjarah.""""",negative
"""""Ah kalian tiap hari menjarah SDA APBN bahkan Utang Negara kalian bikin Pesta.. Hapus ketimpangan sosial sejahterakan rakyat pasti tak ada penjarahan.. https://t.co/7MKeHE6c11""""",negative
"""""Penjarahan cara Rakyat tentu beda dg Penjarahan ala Pejabat yg cukup dengan manipulasi Angka-Angka....!!!! Salam Waras""""",negative
"""""POLISI JANGAN MEMBEBANI PRESIDEN Dalam kondisi panas seperti sekarang Polisi jangan malah nangkepin aktivis demokrasi atau HAM tangkep dulu itu perusuh dan provokator yang ngajak atau melakukan pembakaran penjarahan dan kerusuhan. Mereka itu yang beraktivitas dengan""""",negative
"""""Buruknya Pemegang kekuasaan di Negeri ini Di demo baik baik bahkan Berjilid Jilid ga akan didengar. Harus ada pembakaran kerusuhan penjarahan dulu baru didengar? Baru kebakaran jenggot? Kan kayak Negeri Barbar dan Negara Miskin. Ayoo Pemegang Kekuasaan CERDASLAH!!!""""",negative
"""""Direktorat Tindak Pidana Siber alias Dittipidsiber Bareskrim Polri menangkap pasangan suami istri yang diduga menjadi penghasut aksi penggerudukan rumah Ahmad Sahroni dan Polres Jakarta Utara di media sosial. Selengkapnya: https://t.co/26ynzNKo0n #AhmadSahroni #Penjarahan #DPR https://t.co/czEURFx5Ep""""",neutral
"""""Belum Buat Laporan Uya Kuya Ajukan Restorative Justice untuk Salah Satu Pelaku Penjarahan https://t.co/Iuhy5py74R""""",positive
"""""https://t.co/ABA7Qud57Y lewat @Madu TV https://t.co/SeCQbGjYjc Target penjarahan terahir di rmh Presiden Prabowo @prabowo ? Lihat video Monitor Yth Bpk Presiden @prabowo @Gerindra Harus di usut siapa penggerak demo makar tsb?""""",neutral
"""""Rangkaian aksi penjarahan usai gelombang protes akhir pekan lalu memicu trauma kerusuhan 1998 khususnya perempuan. Ini membangkitkan trauma [kerusuhan 1998]. Kalau rumah yang dijaga TNI bisa dijarah bagaimana dengan rakyat biasa? . https://t.co/AL1C9vKja4""""",neutral
"""""@fellexandro Beli emas tp gak pegang emasnya tu jg aneh gak sih. Klo beli digital dan negara chaos/bencana besar gimana kita bisa memastikan emas itu bakal kembali kita dg utuh? Gmn klo lembaga penjaminnya jg terdampak bencana/jd korban penjarahan misalnya.""""",neutral
"""""Direktorat Tindak Pidana Siber Bareskrim Polri menangkap pemilik akun media sosial TikTok yang diduga membuat dan menyebarkan konten provokatif berupa ajakan melakukan penjarahan di rumah sejumlah tokoh publik dan anggota DPR RI.https://t.co/npLwjIm8a0""""",neutral
"""""@yat_ever @yaniarsim Undang-undang yang relevan untuk aksi penjarahan di Indonesia termasuk Pasal 363 KUHP (pencurian dengan pemberatan ancaman hingga 7 tahun penjara) dan Pasal 170 KUHP (kekerasan massal). UU No. 9/1998 atur demo tapi pelanggaran bisa jadi pidana. Frustrasi terhadap APH""""",negative
"""""Penjarahan dan Pengkhianatan Intelektual https://t.co/Iicpe1fQte""""",neutral
"""""Moral seperti ibu ini langka di era sekarang. Sampai penjarahan di normalisasi karena membenci yang dijarah.""""",negative
"""""Si andre komuknya sedih gitu kaya ngerasa berdosa abis bikin konten ngespill isi rumah para target penjarahan """"",negative
"""""@yat_ever @yaniarsim Pandangan menarik. Sumber seperti BBC dan Reuters catat permintaan maaf pejabat pasca-penjarahan memang muncul saat tekanan publik tinggi bisa jadi campuran ketakutan dan strategi politik. Beberapa analis lihat sebagai respons atas kemarahan ekonomi luas. Semoga membawa""""",negative
"""""@Puthutea Penjarah memang sedang berpesta sri....lihat itu penjarahan sda kita semua di jarah tak menyisakan untuk generasi berikutnya... baru tahu ya sri""""",negative
"""""@nuytarigan Rakyat prihatin sebut pungutan pajak seperti pesta penjarahan""""",negative
"""""@rachlannashidik Sy yakin mereka tdk setuju dan menentang penjarahan...mungkin mereka lebih memilih memadamkan api drpd meniup asap..""""",positive
"""""@yat_ever @yaniarsim Permintaan maaf pejabat pasca-kerusuhan Agustus 2025 memang muncul setelah penjarahan rumah seperti milik Sri Mulyani dan Uya Kuya. Ini bisa jadi respons terhadap tekanan publik termasuk upaya meredakan amarah. Sumber seperti Kompas dan BBC catat maaf dari Puan Maharani atas""""",neutral
"""""Polisi tetapkan 10 tersangka dalam kasus penjarahan dan penyerangan rumah anggota Dewan Perwakilan Rakyat (DPR) RI nonaktif Surya Utama alias Uya Kuya di kawasan Duren Sawit Jakarta Timur. https://t.co/jgsxv8FHpc""""",neutral
"""""Pemilik Akun TikTok Penyebar Ajakan Penjarahan Ditangkap Polri #Pemilik #AkunTikTok #Penyebar #Ajakan #Penjarahan #Ditangkap #Polri #DemoBuruh #DemoMassa #Berita #Info https://t.co/V5zdZ29CHh""""",neutral
"""""@yat_ever @yaniarsim Ya pasca kerusuhan akhir Agustus 2025 yang melibatkan penjarahan rumah pejabat seperti Sri Mulyani dan anggota DPR beberapa pejabat memang minta maaf. Contoh: Sri Mulyani minta maaf atas kekurangan pemerintah Presiden Prabowo minta maaf atas kematian pengemudi ojek dan Wakil""""",neutral
"""""Uya Kuya Ajukan Restorative Justice usai Temui Pelaku Penjarahan Rumahnya https://t.co/EUnLfiOobQ""""",positive
"""""@TirtoID sbnrnya gw ga setuju dgn penjarahan tp ini kok playvict bgt yah? slma ini kan mereka berpesta sambil nginjak rakyat. kita lebih kecewa bu hrusnya intropeksi lah kenapa masyarakat pada marah""""",positive
"""""Ini berita penjarahan nggak abis2 dibahas di tv terutama trans Update woy basi""""",neutral
"""""kenapa ya yang dihighlight pejabat tuh cuma penjarahan dan pas rusuhnya doang? kenapa ga fokus ke tuntutan rakyatnya gitulooo""""",positive
"""""@TirtoID Bu mending diem. Aneh aja gitu kalimat ini keluar dari pejabat dimana diantara kalian lebih dulu berpesta di atas penderitaan rakyat. Gak membenarkan penjarahan but now you feel how it feels""""",negative
"""""Penjarahan emang salah tapi gw ga liat lu komen segininya soal koruptor""""",negative
"""""@xendless_s Apapun alasannya ini tetap bentuk penjarahan dan tindak pidana tapi klo dari targetnya ini hukum sebab akibat. Tentu saja jadi pro dan kontra secara sosial please jangan random.""""",neutral
"""""@neVerAl0nely__ Penjarahan ini saya sangat yakin adalah CIPKON....untuk menarik org lain ikutan bikin chaos kayak 98..pasti ada koordinatornya...dan yakin kelompok penjarah orang luar dari jakarta""""",negative
"""""@susipudjiastuti Pertanyaannya sejak periode Lalu banyak acara seremoni yang pejabatnya juga joget2 bahkan flexing tapi adem ayem sj ada demo tapi bisa terkendali lha sekarang belum satu tahun....rusuh dan penjarahan ada apa? siapa pelakunya sampai intelejen gak bisa mengendus ini""""",negative
"""""@PecintaSejarah2 Rame demo penjarahan pembakaran markas Solo ttp aman. Jancoook""""",negative
"""""@prabowo jangan cuma bisa framing dan ngeles di daerah2 belum demo sudah ada scaremongering : awas rusuh &amp"";"" penjarahan. Bahkan orang2 dr pemkab ngingetin. Masa intel2 ente gk denger. Atau sengaja Budeg agar bisa bilang @ListyoSigitP dan polisi khilaf yg salah perusuh! """"",negative
"""""BUSED HARI2 NI BERITA MASIH AJA PENJARAHAN DAN KUCING.... KUCING LU NOH MALNUTRISI""""",negative
"""""1998 : Terjadi penjarahan yg lbh banyak jadi korban saudara kita keturunan China dan orang kaya. 2025 : Terjadi penjarahan yg jadi korban pejabat kaya. Selintas kesimpulan: 1998 : Kesenjangan ekonomi &amp"";"" SARA. 2025 : Kesenjangan pejabat dan hati rakyat yg tertindas.""""",neutral
"""""Gak serendah itu Indonesia bu penjarahan itu sdh dikondisikan. Masa penjarahan waktunya bergilir. Yg tak punya akal sehat dan beradab yg merancang skenario Penjarahan.""""",negative
"""""@Kanseulir HARAP SEMUA PELAKU PENJARAHAN DICABUT KUKU JARINYA.... JANGAN BERTINDAK MENGATAS NAMAKAN RAKYAT TETAPI MERAMPOK MERUSAK ALA TERORIS... JADI CABUT KUKUNYA AGAR TAHU DIRI...""""",negative
"""""Demo yg awalnya dr rakyat mengakomodasi orang daerah ke ibukota kini berubah jadi demo di daerah2 kecil DAN malah pemkot/ pemkabnya yg woro2 ' ada DEMO ' liburkan sekolah. Lalu ada penyebar ketakutan ke Toko2 &amp"";"" RM: tutup saja penjarahan. Kenapa diem aja pemerintah pusat! https://t.co/6fsQQouoJ5""""",negative
"""""ga benerin penjarahan tp mosok kudu diginiin sek. bu plis balik yg teknokrat lah bu.""""",neutral
"""""Bareskrim Tangkap Provokator Penjarahan Rumah Ahmad Sahroni hingga Eko Patrio https://t.co/48W2aeTlfv""""",neutral
"""""Bareskrim Polri menangkap tujuh orang tersangka yang melakukan provokasi berujung demo ricuh kerusuhan hingga penjarahan di sejumlah rumah anggota dewan dan pejabat negara. https://t.co/GZFuRL7XMD""""",neutral
"""""@kompascom Innalilahi turut prihatin pelaku penjarahan layak dikumpulkan aparat keamanan atau warga.krn identik perampokan""""",positive
"""""Apa Isi Flashdisk Putih Sahroni yang Hilang Saat Penjarahan? NasDem Sampai Buka Suara Begini https://t.co/bDNKRG0WYj""""",neutral
"""""Anggota DPR RI nonaktif Surya Utama atau Uya Kuya meminta terduga penjarahan rumah mertuanya di Duren Sawit Jakarta Timur untuk mengembalikan barang-barang yang sudah diambil. Baca selengkapnya https://t.co/AgAQyj9Kqu ~LL #Penjarahan #UyaKuya https://t.co/ROaZHOEFqo""""",neutral
"""""@detikcom Harusnya Bu... Intropeksi bahwa begitu marahnya rakyat dg kebijakan ibu. Lihat positif nya. Bertubi tubi kebijakan ibu yg membuat rakyat menderita. Kami juga tidak menginginkan penjarahan tetapi lihat lah kesulitan hidup Rakyat. Penjarahan itu adalah "";"" Bukti kemarahan mereka.""""",negative
"""""Polres Blitar Tangkap 41 Pelaku Anarkistis https://t.co/sucTLn38f9 lewat @beritasatu https://t.co/SeCQbGjYjc Target penjarahan terahir di rmh Presiden Prabowo @prabowo ? Lihat video Monitor Yth Bpk Presiden @prabowo @Gerindra Harus di usut siapa penggerak demo makar tsb?""""",neutral
"""""Pelaku yang Sebarkan Ajakan Menjarah Sudah Ditangkap Terancam 6 Tahun Penjara #Penjarahan #Bareskrim https://t.co/nV63WOTck9""""",neutral
"""""Gelombang kritik publik mencapai puncaknya ketika Ahmad Sahroni anggota DPR dari Fraksi NasDem menyebut warga yang menuntut pembubaran DPR sebagai ... https://t.co/w6Kd5y0Pm7""""",negative
"""""Catatan keresahan sy di medsos akhir2 ini ~ Masih saja ada segerombolan akun anti pemerintah yg dg enteng mengajak persekusi kelompok pro pemerintah sungguh bikin miris ~ Mewajarkan penjarahan ~ Mewajarkan anak dibawah umur ikut aksi anarkis. Ank jg blh berpendapat yes! Tp""""",negative
"""""@TirtoID Penjarahan Sumber Daya Alam berpestanya 11 Tahun menghabiskan Ribuan Trilyun..Apakah masuk Kas Negara ? Perampasan uang Korupsi juga tidak ada laporan dari Yu Sri berapa yg masuk kas negaram""""",negative
"""""@ladifsaint Penjarahan pencurian itu bukan delik aduan itu delik biasa. Jd tanpa laooran yg dijarah atau yg dicuri polisi berhal nagkep. Ikhlas dari pemilik hanya bisa mengurangi hukuman tidak menghapus pidana""""",neutral
"""""@abu_waras Demo dibolehkan UU. Itu penyampaian aspirasi rakyat. Penjarahan itu kriminal. Beda.""""",positive
"""""@Urrangawak Penjarahan tak akan terjadi jika rakyat sejahtera""""",neutral
"""""Uya Kuya Ajukan RJ untuk 1 Pelaku Penjarahan Rumahnya https://t.co/He6pbpfDNJ kebaikan itu lawan setimpal kejahatan: bagus neh:""""",positive
"""""@democrazymedia Bu saya gak setuju penjarahan tapi kemarahan rakyat sama pejabat yg selalu berfoya2 tanpa henti tanpa Tau malu coba bercermin""""",positive
"""""@PartaiSocmed Kerusuhan &amp""; anarkis itu dr semua kubu yg klh dipilpres teutama dazal2 balawi yaman fpi hti yg biarpun ormas dilarang tp org2nya msh bnyk yg sakit hati mrk dalang dr anarkis &amp;"" penjarahan bhkn ditengah2 penjarahan fpi mengklaim bekata hidupkan fpi klo ingin aman tinggal bekuk sj ni""""",negative
"""""@TirtoID Tdk membenarkan penjarahan tapi pejabat2 dan para wakil rakyat sepertinya sering berpesta dgn uang rakyat dan rakyatnya gak diajak. Mrk cuma disuruh setor dan nonton.""""",neutral
"""""@ommi_siregar bakar bakar penjarahan rumah pribadi.. gak ada tindakan tegas ya hancur lebur negara ini""""",positive
"""""@txtdrimedia Aku mlh bersyukur lho bu Memang saya pun sangat tidak mendukung aksi penjarahan tp untuk hal ini saya kira ga papa lee.. ga pp lebay.. Supaya Ibu ngerasain apa yg rakyat rasain ketika ibu menaikkan pajak. Ibu dah naikin cukai rokok sama ppn rakyat cuman jarah sekali jd 2-1""""",negative
"""""Penjarahan rumah anggota dewan langsung tertangkap. Bandar judi .... Ah sudahlah""""",neutral
"""""Tdk membenarkan penjarahan tapi minimal ibu @SriMulyani990 bs rasakan gimana rasanya di jarah. Tiap hari kalian (karyawan rakyat) menjarah milik rakyat dan itu sama menyakitkan seperti yg ibu alami saat ini. #pagi""""",neutral
"""""Memang kalau sudah sampai pada level penjarahan pakaian dalam artis seperti BH dan celana dalam (cawet) Nafa Urbach itu bisa disebut sudah sangat keterlaluan.""""",neutral
"""""https://t.co/SeCQbGjYjc Target penjarahan terahir di rmh Presiden Prabowo @prabowo ? Lihat video Monitor Yth Bpk Presiden @prabowo @Gerindra Harus di usut siapa penggerak demo makar tsb?""""",neutral
"""""@TirtoID Penjarahan tdk bisa d benarkan. Tp kalian2 yg ada d pemerintahan g pantas komen. Krn kalian jg menjarah dan menyengsarakan rakyat""""",negative
"""""ayo kita gaungkan tuntutan : 1. Makzulkan Gibran 2. Adili Jokowi merekalah yg mendalangi aksi demo kemarin hingga penjarahan dirumah sahroni eko patrio uya kuya serta menkeu sri mulyani sampai ramai postingan para influencer dan artis ttg tuntutan 17 + 8. itu rekayasa solo. https://t.co/dUaIL7ICgp""""",negative
"""""Penjarahan dirmh 4 orang anggota legislatif &amp""; 1 menteri kmaren jelas adalah rasa keamanan &amp;"" kepastian hukum di Indonesia sdh tdk ada Sekelas pejabatnya bisa di grudug massa gmn kl RAKYAT jelata??? """"",neutral
"""""Rombongan perusuh menyusup dalam demo DPR mulai dari team pemukul pembuat molotov dilengkapi berbagai target pembakaran dan penjarahan bahkan sampai menargetkan kediaman Prabowo Catatan https://t.co/kS9LPAV5BE https://t.co/UT1lqsfHSx""""",neutral
"""""@ladifsaint Sudah tau akan ada yang datang kan belum tentu disetting. Kalo dari bahasa saksi itu mengantisipasi gila aja penjarahan sampe disetting. Bunuh diri sih kalo itu settingan.""""",neutral
"""""@brututrex @RadioElshinta Skenario polisi menurutmu saya tidak menyalahkan cuma apes aja itu masyarakat biasa ikut ikutan dan jadi korban karena ketidaktahuannya bahwa dia bukan dari rombongan perusuh dibalik penjarahan""""",positive
"""""#ResetIndonesia https://t.co/SeCQbGjYjc Target penjarahan terahir di rmh Presiden Prabowo @prabowo ? Lihat video Monitor Yth Bpk Presiden @prabowo @Gerindra Harus di usut siapa penggerak demo makar tsb?""""",neutral
"""""@Heraloebss Sejak penjarahan terjadi para pejabat sekarang cepet banget kalau minta maaf. Lihatkan? Seefektif itu kalau mau ngasih pembelajaran ke orang yang gak napak tanah. Aset mereka harus tersentuh memang baru mereka pedulu sama rakyat""""",negative
"""""@Official_Ansor Emang kemarin kemana kok ngak muncul mrnghalau penjarahan muncul hanya kalau mau bubarkan pengajian dan jg grj doang sok sokan petentang petenteng - pas ada kerusuhan ngumpet introspeksi diri aja.""""",negative
"""""Gedung Grahadi Surabaya yang Dirusak Massa https://t.co/KxOnN9koWZ lewat @beritasatu https://t.co/SeCQbGjYjc Target penjarahan terahir di rmh Presiden Prabowo @prabowo ? Lihat video Monitor Yth Bpk Presiden @prabowo @Gerindra Harus di usut siapa penggerak demo makar tsb?""""",neutral
"""""idk what u all say but penjarahan rumah orang adalah hal paling tolol untuk dibela kebenarannya.""""",negative
"""""@OposisiCerdas @siskaxiii Penjarahan uang APBN?""""",negative
"""""@txtdrimedia Para Pecundang atau pembenci memanfaatkan Demo melakukan Penjarahan. Merusak dan menodai Rakyat.""""",negative
"""""@TirtoID Dia ga pernah baca sejarah. Masyarakat berpesta karena hidupnya terlalu sulit hingga adanya penjarahan adalah euforia kemenangan sesaat si miskin atas si kaya dan situasi ini Sri mulyani adalah pembentuknya yaitu dengan pajak tinggi seperti pada revolusi Perancis. Kamu sendiri.""""",negative
"""""@ARSIPAJA Pajak Mulu ... Mana hasil dari tambang... Enak aja rakyat disuruh bayar pajak sedangkan tambang dijarah... Penjarahan ke rumah menteri diusut... Kenapa penjarahan hasil bumi dibiarin... Dasar otak kontol...""""",negative
"""""@hamki_zii @somexthread @DivHumas_Polri Yee kocakk pembakaran gedung DPRD??? penjarahan??perusakan fasum??lu kira cuma oknum terus yg lainnya ga ikutan apaa??banyak tuh bukti yg jarah2 kebanyakan pemuda2 kocak""""",negative
"""""Pasca Penjarahan ada yang prihatin/sedih gegara ikut dijatahnya: 1. Flashdrive(?) 2. Kucing 3. Lukisan Bunga""""",negative
"""""@JeremyahRome @geloraco @prabowo @gibran_tweet Pendemo yg bener² mencari keadilan dilecehkan oleh dalang pembakaran fasum dan penjarahan tersebut""""",negative
"""""@txtdrpemerintah bagaimana dengan penjarahan yang dilakukan oleh aparatur negara @smindrawatii ?""""",negative
"""""Di dalam ODC itu ada UPS bukan ? Ada Switch dan Perangkat yang mudah dijual dan laku serta high quality Yang mereka arah ada penjarahan isinya. Lalu dibakar seolah2 itu efek kemarahan masa. Ya intinya di dalam ODC itu mahal2 """"",negative
"""""@wambohuhu pantesan waktu penjarahan ada yg nemu kotak isinya vcd bokep + beberapa beha. ternyata behanya sahroni ceuuuuuu""""",negative
"""""@ommi_siregar Sangat ganjil karena tak ada 1 penghuni pun seperti ART di 4 rumah penjarahan""""",negative
"""""Penjarahan memang tindakan yang tidak dibenarkan bu. Tapi kasus tersebut kan tidak beda jauh dengan yang kalian lakukan sama sama berkaitan dengan moral dan akal sehat juga kan?""""",neutral
"""""@kompascom Lha kalo penjarahan kekayaan alam indonesiyah itu ada kejanggalan kah?""""",negative
"""""@TirtoID loh? pas rakyat tercekik karna kenaikan pajak dan harga kebutuhan yg naik bapak dan ibu dpr yg terhormat juga joget2 karna tunjangan naikkan bu? kenapa ibu ga prihatin juga? padahal rakyat yg dirugikan jumlahnya lebih banyak sementara penjarahan? hanya segelintir pejabat """"",negative
"""""ANTARA - ANTARA - Polri tangkap pemilik akun TikTok penyebar konten ajakan penjarahan https://t.co/pMKre6IArb https://t.co/X8C31G7VZK""""",neutral
"""""@sfruitnanas Tanpa maksud membela perilaku penjarahan. Mbok kiro selama iki para penabat-pejabat culas koruptor kui ora berpesta di atas penderitaan rakyat po leng celeng.""""",negative
"""""@kompascom Program disesuaikan dg budget jk emang bener pengin efisiensi. Klo budget menyesuaikan program mk akan terus cari dana unt menutupi kekurangan apbn dg hutang &amp""; mencekik pajak2 mencari2 apa yg bisa dipajaki. Sudah didemo &amp;"" rumah jd korban penjarahan masih gak berubah sri...sri.""""",negative
"""""Bukan ngebela tapi jujurly kalo ada karya handmade diri sendiri trus udah lama diambil aku juga sedih sih. Perilaku penjarahan kemarin emang gak elok terlepas dari itu ulah warga atau provo.""""",positive
"""""Bagaimana kalau Ibu prihatin juga sama rekan² sejawat ibu yg pada kabur macam pengecut gamau nemuin rakyat itu? Penjarahan ini gabakal sampai terjadi kalau dr awal kalian mau nemuin rakyat loh Bu?""""",negative
"""""Ga membernarkan penjarahan. Tapi anehnya ga sedih juga klu ibu dijarah. Harusnya instrospeksi diri sih bu apakah selama ini menjalankan tgs masih bener atau udah ga bener.""""",neutral
"""""@TirtoID gua menolak segala bentuk penjarahan tapi ni orang bicara moral dan akal sehat segala dimana letak akal sehat naikin pajak di ekonomi sulit dimana moral orang yg mempertanyakan gaji guru apakah tangggung jawab negara atau ada partisipasi masyarakat?""""",negative
"""""@CNNIndonesia Hahaha... Sedih? Penjarahan itu mmg ga bener Bu tetapi yg ibu rasakan itu belum sebanding dengan kepedihan rakyat miskin yg hampir2 tak lagi punya harapan kapan mereka bisa hidup sejahtera makmur bergelimang kemewahan ibu dan para pejabat yg lain.""""",negative
"""""@dimastriawanf yep prove him wrong then! gw rasa juga ada aktor yg make kesempatan ini buat giring masyarakat jadi anarkis sampai berujung penjarahan""""",neutral
"""""@Anggash18 @txtdrimedia Berdasarkan laporan dari Kompas CNBC dan CNN (3 Sep 2025) aksi penjarahan di rumah Sri Mulyani termasuk pencurian lukisannya dianggap sebagai hilangnya nilai kemanusiaan olehnya. Kalau dia maksudnya penjarah tindakannya memang bertentangan dengan prinsip beradab menurut""""",neutral
"""""@TirtoID Sejenak berpikir maksud bu sri adalah koruptor2 ternyata kejadian penjarahan yg fishy kemarin pas demo""""",neutral
"""""@suepfian @Mas__Hang @P_O_Viewww keknya dia yg suka sebar poster aksi demo &amp"";"" penjarahan bang. wataknya anarkis wkk""""",negative
"""""Rumah Nafa Urbach ikut jadi sasaran penjarahan massa. https://t.co/TDqXyigVF9""""",neutral
"""""ada dua tipe temen aku yang 02 voters irl. yang satu dia nebus kesalahan dengan ikut turun aksi sampe dia kemarin kena pukul aparat. yang satunya lagi ga post apapun dan tetep diem malah nyalahin pendemo soal penjarahan padahal gaada (padahal dia temenku sesirkel)""""",neutral
"""""@TirtoID Periksa semua dah biar tidak kejadian segampang itu melakukan penjarahan. Korbannya juga banyak warga sipil bukan cuma penjabat""""",negative
"""""temenku ipknya 3 8 sekian juga milih wowok anjinggg. padahal dia juga nonton debat loh harusnya dia paham poinnya ga si yang dia tekanin cuma penjarahan gara gara demonstran padahal udah aku bilangin itu ulah provokator tapi dia denial anjir malah nyebut salah satu suku""""",negative
"""""Polres Madiun Kota minta pelaku penjarahan demo DPRD serahkan diri dan kembalikan barang jarahan. Demo disebut tidak sah karena tanpa izin. https://t.co/06ZNDeK4RC""""",neutral
"""""Dari sudut rakyat: Curut Koruptor lebih parah paling berpesta owe tnp membenarkan aksi penjarahan ya""""",negative
"""""Penangkapan pedemo yg terjadi kemarin terus terjadi. Bnyak VT2 dari khususnya mahasiswa2 yg beredar. Dengan dalih penjarahan anarkis blabla... Lbh blunder yg menyatakan salah tangkap. Orang2 rakus itu seakan terus berusaha melawan. Mereka ini sdg melampiaskan dendam kah??""""",neutral
"""""@Boediantar4 Testimoni brothers mengandung jebakan mengenai bunker d jl. Kutai utara solo.. Perlu pembuktian spt penjarahan rmh sahroni""""",neutral
"""""frrrr aku punya temen dari awal demo ini rame yang dia bahas selalu soal fasilitas rusak dan penjarahan rumah rumah dpr like?? bro did u even get the whole point of what caused these situation to happened??? zzzzz smh""""",positive
"""""Dari sekian kasus penjarahan tidak ada penghuni rumah. Sagat kebetulan sekali rumah benar benar kosong. Seolah tanpa penghuni. Apakah mereka tahu akan di jarah sehinga mengungsi. Atau mengingsi untuk membuat mulus penjarahan.""""",negative
"""""@8_FERRY_8 @Minietweets_ @budimandjatmiko Iya. Garis bawahi: tidak menghadapi langsung tragedi 98 . Hanya menegaskan budiman ada di penjara saat Sidang Umum MPR Maret 98 (suharto dipilih kembali) aksi demo sd tragedi trisakti mei 98 perkosaan/penjarahan dll di 98. Baru dibebaskan era gusdur (Des 99-keppres 159/1999)""""",negative
"""""@akbarsyah417941 @KangManto123 Total kerugian dari penjarahan rumah Ahmad Sahroni belum diketahui secara resmi tapi estimasi mencapai puluhan miliar rupiah. Item raib termasuk jam tangan Rp11 7 miliar ijazah patung Ironman uang dari brankas dan barang mewah lainnya. Kekayaan totalnya Rp328 miliar""""",neutral
"""""@spynachh kurang paham cuma dia tu liat yang penjarahan di rumah uykuya terus kemanalagi gitu kalo lokasi digebukinnya kurang tau. abis itu dibawa ke polda metro jya""""",negative
"""""@amaral_dahlan @msaid_didu @prabowo Bagaimana pendapat.kalian Pak @prabowo @DPR_RI penjarahan yg bersembunyi dibalik kebijakkan hny demi kpentingan segelintir Orang?..lbih jahat mana?️""""",negative
"""""@detikcom Ga belajar pak dari kasus penjarahan rumah dpr kemarin?""""",negative
"""""ex Mabes. believe it or not punggawa dan tetuanya lagi pada panik kalo gw bilang mereka itu dalang penjarahan yang kongkalikong sama bohir2 cikgu PIK pada percaya nggak ya? agak trauma dikit sih gw terlalu vokal auto disamperin Babinsa buat masuk Heerdjan~~""""",negative
"""""@detikcom Saya tidak membenarkan tindakan penjarahan tapi kebijakan yang Ibu buat selama ini dan perampasan hak rakyat untuk hidup sejahtera oleh para pejabat korup itu lebih jahat dari penjarahan Bu. Ibu dan para pejabat tersebut yg selama ini berpesta di atas penderitaan rakyat.""""",negative
"""""Mantan Menteri Sosial ini sangat menyayangkan aksi demo yang diprovokasi hingga anarkis dan melakukan pembakaran dan penjarahan cagar budaya. https://t.co/mtM8t4h112""""",neutral
"""""@txtdrimedia Ngaca lu Lu emang ada mikirin rakyat ? Kalo lu sama jongoslu itu mikirin rakyat gamungkin ada penjarahan dan gw yakin itu lukisan duit pajak rakyat dan dibeli dari hasil lelang jutaan harganya""""",negative
"""""Polisi Ringkus Pelaku Penjarahan Rumah Menkeu Sri Mulyani https://t.co/eHUDTtCxqj""""",neutral
"""""@TirtoID Penjarahan yg resmi itu pelakunya adalah yg duduk dikursi mewah """"",negative
"""""Peristiwa Penjarahan Amuk dan Rusuh Yang Kemarin Terjadi Merupakan Imbas Rekayasa Politik. https://t.co/cg22hpbC6O https://t.co/ghw6Jn9tgT""""",neutral
"""""@cowbalagi Kondisi beberapa kucingnya sebelum dijarah udah memprihatinkan duluan sih.. malnutrisi itu butuh waktu yang panjang. Dan juga kata salah satu dokter hewan kucingnya ada yg anemia akibat kutuan.. Bs jd udh stres duluan dari sebelum kejadian penjarahan.""""",neutral
"""""@CNNIndonesia Gak membenarkan aksi penjarahan. Tapi semoga dari sini ibuk juga bisa belajar tentang perikemanusiaan. Coba diinget2 Bu ada berapa banyak hati yang ibuk gores dengan omongan ibuk""""",positive
"""""@TirtoID Penjarahan APBN berjamaah apa kabar mbak Sri?""""",negative
"""""Kalau aku bilang ini benar mungkin aku akan dihujat. But I will say this one more time penjarahan bukan solusi dan bukan bentuk aspirasi dari kemarahan yang semestinya. Mau membenahi pemerintah kan? Benahi dulu cara pikir masyarakatnya.""""",positive
"""""Nah ini nongol pelaku demo perusuh perusak penjarahan genk Solo ternak Mulyono""""",negative
"""""Anggota DPR RI non aktif Surya Utama alias Uya Kuya mengajukan Restoratif Justice (RJ) untuk salah satu tersangka penjarahan di kediamannya pada Sabtu lalu. RJ diajukkan Uya Kuya karena perempuan paruh baya tersebut memiliki cucu disabilitas Rabu (03/09). Hel #BeritaElshinta https://t.co/U20AuGXULS""""",positive
"""""@RofiqNur330185 @_yearns Anda begitu tolol memahami situasi. Peristiwa penjarahan massal hanya insiden sesaat dan jelas ada yg bermain. Sementara perampasan hak2 rakyat oleh negara sangat terstruktur. Anda hrs adil bersuara.""""",negative
"""""Rumah anggota DPR nonaktif Ahmad Sahroni mengalami penjarahan pada Sabtu (30/8) kemarin. https://t.co/cPvM86Da0h""""",neutral
"""""@GunRomli Betul romo ada penunggang gelap yg sengaja memanfaatkan unt tujuan perusakan dan penjarahan .""""",neutral
"""""@TirtoID Cara pandang pejabat brengsek: LIHAT rakyat menjarah RIBUT LIHAT penjarahan APBN (kebocoran anggaran korupsi manipulatif anggaran mobil dinas mewah tunjangan mewah inefisiensi salah anggaran dll) ratusan T TENANG² SAJA. Th 2024 500T dana bansos salah sasaran. Gmn? Aman? https://t.co/FB7tOaAOLj""""",negative
"""""@ardisatriawan Sejak penjarahan terjadi para pejabat sekarang cepet banget kalau minta maaf. See? Seefektif itu kalau mau ngasih pembelajaran ke orang yang gak napak tanah""""",negative
"""""Polisi Tetapkan Enam Tersangka Penjarahan Rumah Uya Kuya https://t.co/uDmF4L2BV8""""",neutral
"""""@jorgianaaa Boleh nyanyi lagu ini nanti kalau penjarahan kekayaan alam negeri ini berhenti. Saat ini nggak relate""""",negative
"""""@TirtoID Ngaca!!!! Kalian waktu narikin pajak ini itu ke rakyat juga seperti setan yg pada pesta kok. Walopun gw ga mendukung aksi penjarahan kemarin ya.""""",negative
"""""Penjarahan kayak gitu receh bu yang bikin rakyat sengsara itu penjarahan tambang hutan laut pajak puluhan tahun. Gaji UMR dipajaki gaji pejabat ratusan juta pajaknya malah ditanggung negara. Itu namanya maling sah atas nama aturan. Jadi jangan cengeng bu !""""",negative
"""""Peristiwa Penjarahan Amuk dan Rusuh Yang Kemarin Terjadi Merupakan Imbas Rekayasa Politik. Ada pihak-pihak yang ingin menjatuhkan Presiden Prabowo. https://t.co/nG6oqDNK2s https://t.co/5UCtCBdFcn""""",neutral
"""""PENJARAHAN ITU HARAM #tolakintoleransi #tolakradikalisme #tolakterorisme #tolakekstremisme https://t.co/Ie5iSzBbxM""""",positive
"""""@Goo9le_Fiv3 Bagi rakyat tirani hrs tumbang diciptakan krismon dolar melambung membuat harga2 tak terkendali menimbulkan gejolak penjarahan SEjarah tdk berulang pemain nya yg masih sama""""",neutral
"""""@txtdrimedia Loh nggak bermaksud membenarkan tindakan penjarahan tapi Anda sendiri gimana? Sudah menjunjung tinggi Perikemanusiaan Yang Adil dan Beradab belum?""""",negative
"""""Kata cowok gua yang orang yg ambon. Temennya dapet job jaga rumah salah satu pejabat pas kasus penjarahan kemaren (jadi skarang gatau masih jagain apa enggak). Jadi di bagian luar rumahnya di jaga orang2 ambon yang bagian dalem dijaga aparat""""",neutral
"""""https://t.co/SeCQbGjYjc Target penjarahan terahir di rmh Presiden Prabowo @prabowo ? Lihat video Monitor Yth Bpk Presiden @prabowo @Gerindra Harus di usut siapa penggerak demo makar tsb?""""",neutral
"""""@Chisarthemis @somexthread Maksudnya dia mungkin wajib ada kambing hitam 1 yg lain cuma ikut2an nah yg ngajak nya asal nunjuk dah artinya penjarahan rmh Sahroni yg ikut2an aman juga """"",neutral
"""""@Official_Ansor dan bentuk penjarahan yang paling berbahaya dan paling merusak adalah korupsi... Mari kang anshor dorong dpr dan presiden menetapkan uu Perampasan aset koruptor..""""",neutral
"""""Uya datang bersama istrinya Astrid setelah mendapat informasi dari petugas keamanan kompleks bahwa salah satu pelaku yang ditahan polisi adalah perempuan lanjut usia. https://t.co/Phs4OKw3k6""""",neutral
"""""Penjarahan kemaren dampaknya emg gede bgt ya Pejabut pejabut jadi ga berani songong kalo dirujak di medsos cepet minta maap drpd dirujak masa wkwk""""",negative
"""""Polisi Tetapkan Enam Tersangka Penjarahan Rumah Uya Kuya https://t.co/mTp6kNYGu2""""",neutral
"""""Ga membenarkan penjarahan tapi ibu empatinya ilang? Lukisan itu memang punya makna yang dalam lalu ga tersentuh kah sama keadaan rakyat yang bingung besok mau makan apa tapi tetep bikin kebijakan yang mencekik?""""",negative
"""""Seperti halnya kalian yang bersenang-senang ketika rakyat sedang berjuang tidak enak kan bu rasanya? Meski aksi penjarahan juga tidak di benarkan ya gaiss""""",neutral
"""""@Cakra_Pasopati @SimbokeSarah @snjayajonggrang @WagimanDeep212_ @prabowo @DPR_RI Anggaplah tindakan anarkis penjarahan terhadap rmh anggota dewan itu sbgai pengingat/shock terapi bagaimana bila hukum tumpul bagi koruptor apa rakyat yg bertindak dg caranya sendiri menjarah/merusak property milik koruptor JK RUU Perampasan msh digantung?""""",neutral
"""""@IndoPopBase Ntar klo rumahnya kena jarah bilang aja ini bukan penjarahan ini semua dibeli dibayar pake Doa. Ini sedekah.""""",negative
"""""Penjarahan yg beneran kayanya cuma punya Sahroni sisanya kaya bukan warga juga """"",neutral
"""""@TirtoID seorang sri mulyani bisa ngikutin arahan peanguasa seharusnya orasng pinter tau kalau penjarahan n pembakaran itu orkestrasi dari penguasa""""",neutral
"""""Polres Blitar laksanakan Konferensi Pers tentang Aksi Pengrusakan dan Penjarahan di Gedung DPRD Kab. Blitar ~ call center 110 bebas pulsa atau bisa ~ 0812 2913 2005 ~ @arif_fazlurrahman #polresblitarmenujuWBK #polresblitarkabupaten #polripresisi #polisibaik https://t.co/JHDtnufynd""""",neutral
"""""@detikcom Ada TNI juga Bu saat itu hanya diam saja melihat penjarahan""""",negative
"""""PENJARAHAN ITU ADALAH HARAM #TolakTerorisme #TolakRadikalisme #Tolakintoleransi #Tolakextrimisme #InfoIndonesia #InfoJayapura #InfoMerauke #InfoTimika #InfoPapua #infonabire https://t.co/HKeSPp07j4""""",positive
"""""@TirtoID Bagaimana dengan penjarahan uang rakyat berupa gaji tidak masuk akal DPR dan tunjangan nya yang fantastis #ResetIndonesia""""",negative
"""""Bagaimana dengan penjarahan hutan kalimantan untuk program food estate ala @prabowo yang terbukti GAGAL mengakibatkan kerugian ratusan miliar dana APBN dan kerusakan lingkungan hidup di Kalimantan???? https://t.co/n9NKzpcnyJ""""",negative
"""""PENJARAHAN ITU HARAM #TolakTerorisme #TolakRadikalisme #Tolakintoleransi #Tolakextrimisme #InfoIndonesia #InfoJayapura #InfoMerauke #InfoTimika #InfoPapua #infonabire https://t.co/Xq0igdXeNy""""",positive
"""""@detikcom the real playing victim. saya ga pernah membenarkan penjarahan tapi kelakuan ibu sama dg penjarahan uang rakyat ibu buat pajak macam2 bentuk dan rupanya. lama2 rakyat kentut dipajakin bu""""",negative
"""""Bedakan Demonstrasi Organik yg Merupakan Ekspresi Kemarahan Rakyat karena Pejabat Tidak Malu-malu Memperkaya Diri Dengan Aksi Penjarahan Kerusuhan &amp"";"" Pembakaran yg dilakukan oleh Kelompok Penunggang untuk Membuat Buruk Citra Demonstrasi Organik. Analisa yang jernih dari Romo https://t.co/zleHixTEJV""""",positive
"""""@angaripin @antmanGL @KangManto123 Foto ini sepertinya dari rumah Ahmad Sahroni di Tanjung Priok Jakarta Utara setelah penjarahan pada 30 Agustus 2025. Tapi bagian tertentu mungkin edit untuk meme. Saya tidak 100% yakin asalnya.""""",neutral
"""""sisi lain dari penjarahan dan bakar2 kemarin mungkin adalah ini pejabat yg asal ngomong untuk isu2 sensitif langsung klarifikasi dan minta maaf mungkin mereka takut ada amuk massa macam kemarin. dan ini semacam shock therapy biar gak ngasal ngomong kedepannya""""",positive
"""""@TirtoID saya tidak setuju penjarahan.. tapi kan rakyat mencontoh pejabat2 korup dan pengusaha antek pemerintah yg menjarah kekayaan Indonesia yg seharusnya untuk rakyat. jangan salahkan rakyat kalau pejabatnya yg tidak benar mengurus rakyat.""""",negative
"""""gw rasa besok-besok lemari laki gw kosong (korban penjarahan)""""",neutral
"""""@KangManto123 Gua udeeh bosennn ame narasi judol laa prostitusi laa nyatanye emang ada iklan dibalik layar demo anarkis penjarahan kan contohnye tj priok kan adee unsur2 tsb """"",negative
"""""Kabar Terbaru Kucing-Kucing Uya Kuya yang Hilang Saat Penjarahan Tiga Ditemukan https://t.co/0mgk3W9zxq""""",neutral
"""""@txtdrimedia Terlepas penjarahan di rumah Ibu by design atau organik tapi berkaca atuh bu berkaca di kaca yang segeda gaban. Bisa2nya orang zalim ngomong tentang sila ke-5""""",negative
"""""@TirtoID Gw ga membenarkan penjarahan BUT lo baru segitu aja kesel kan? Apalagi rakyat bu diperkosa pemerintah setiap hari dan mereka berpesta menikmatinya. Pas kita marah kalian ga terima. Pdhl kita ni bosnya kalian jongosnya. Knp kita yg susah ya setiap hari harus kasih makan kalian?""""",negative
"""""Astrid Khairunisha atau Astrid Kuya berharap hewan peliharaannya berupa kucing yang ikut dijarah massa saat kejadian penjarahan rumahnya pada Sabtu (30/8) malam di kawasan Pondok Bambu Duren Sawit Jakarta Timur bisa kembali. Pada saat terjadi penjarahan rumah milik anggota https://t.co/Xukf8ifZuK""""",neutral
"""""Berbekal Konten Video Viral Cara Polisi Tangkap Para Pelaku Penjarahan https://t.co/Jo3WE1Qfyc""""",neutral
"""""@KompasTV Gw pribadi mengutuk keras penjarahan rumah pejabat kayak Bu Ani. Gw cukup tau beliau beliau orang jujur kaga korupsi. Hartanya didapet dari hasil kerja. Kl soal kebijakan dia sbg Menkeu byk yg bisa diperdebatkan. Tp itu hal yg beda.""""",positive
"""""@AirinDatangLagi @KemenBUMN @erickthohir Dibawa bocah waktu penjarahan?""""",neutral
"""""Orang di Kasus Rumah Sri Mulyani-Nafa Urbach Siapa Saja? https://t.co/UN57rZBIJn""""",neutral
"""""@TirtoID heheh yg penjarahan sebenarnya itu koruptor mafia""""",negative
"""""@KompasTV Bukannya disengaja? Dan akhirnya rakyat yang disalahkan. Point point tuntutannya jadi dilupakan yang dibahas malah anarkis penjarahan kerusuhan makar pihak asing dan seterusnya.""""",negative
"""""@KompasTV Sy sama sekali tidak mendukung penjarahan...tapi rasa aman dan kepastian hukum sudah lama lenyap bu utk rakyat kecil...emang kalau udh kena baru sok bijak kalau rakyat kecil yg kena mah cuek aja ya bu...pajak naik terus hutang hajar bleh yg bayar rakyat juga""""",negative
"""""@Shalihin_Nad_95 @VIVAcoid Saya setuju bahwa penjarahan adalah tindakan kriminal yang harus ditindak hukum. Berdasarkan berita dari Detik Tempo dan Kompas polisi telah menangkap pelaku di rumah Uya Kuya Sri Mulyani Eko Patrio dan Sahroni dengan bukti seperti barang curian. Namun ini bagian dari""""",neutral
"""""@moonjpwark Sekarang di Indonesia lagi rame protes massal sejak akhir Agustus 2025. Awalnya karena tunjangan dan gaji anggota DPR yang naik tapi eskalasi setelah polisi nabrak dan bunuh sopir ojek. Udah ada 8 orang mati ratusan luka gedung dibakar dan penjarahan. Presiden Prabowo""""",negative
"""""@CNNIndonesia Masa kalah sama penjarahan banyak tersangkanya... Ini nyawa loh yg hilang tersangkanya susah dan lama dicarinya... Harta segunung tidak bisa mengembalikan nyawa yg telah hilang""""",negative
"""""@KemensetnegRI Penjarahan adalah tindakan mengambil hak warga negara dg melawan hukum. Lebih dari empat th uang pensiun kami dikuasai oleh tim Men-BUMN/Keuangan yg membuat yatim janda lansia menderita. Bukankah itu bentuk lain dari penjarahan? @prabowo @erickthohir @KemenkeuRI @ojkindonesia https://t.co/IM436ChmYK""""",negative
"""""Sudut pandangnya bener live demo yang dimana jadi kemana mana entah penjarahan perusakan fasilitas umum itu bener bg""""",neutral
"""""Ternyata meski nggateli penjarahan kemaren ngasih impact juga ya :))""""",neutral
"""""Polres Blitar laksanakan Konferensi Pers tentang Aksi Pengrusakan dan Penjarahan di Gedung DPRD Kab. Blitar Kamu Bisa Lari tapi Kamu Tidak Bisa Bersembunyi. ~ call center 110 bebas pulsa atau bisa ~ 0812 2913 2005 ~ @arif_fazlurrahman #polresblitarkabupaten https://t.co/lI1w6HIjnS""""",neutral
"""""@TirtoID Ga setuju dengan penjarahan tapi anda ga layak buat ngomongin moral dan akal sehat Sri.""""",negative
"""""maaf uda setuju sm penjarahan kmrn tp efeknya mantep gini""""",positive
"""""@bluuwavezzd @AritsuDonahue @Denieyellow46 @somexthread Kan kan udah gw bilang ini anak kaga bisa baca mana ada Rep gw belain aparat semua yg ada Rep gw tentang provokator tetang Msalah demo boleh asal jgn anarkis dan ada ya penjarahan kocak yg ada lu susah jelasin sama tim sakit hati gak bakal selesaii awokawok""""",positive
"""""@TirtoID Sandiwara dimainkan lagii.. bari netijen yang keburu pro penjarahan wajar mamam noohhh ..""""",negative
"""""Penjarahan di tengah gelombang demonstrasi besar-besaran di Indonesia bukan hanya mengakibatkan rusak dan hilangnya harta benda namun menghancurkan nilai dan jiwa perjuangan sesungguhnya. Penjarahan adalah kejahatan terorganisir yang merusak perjuangan tulus dari para pejuang https://t.co/OuxOG0s1Bs""""",negative
"""""@TirtoID Hehehe ngaca dulu ga sih? kalau penjarahan itu pesta kalian tiap hari kayaknya juga pesta klo diliat-liat? Bedanya kita yang bayar dekorasinya makanannya sound system-nya sama gaji kalian""""",negative
"""""Kepolisian Resor Kota Mataram mendapatkan sejumlah rekaman video yang menampilkan aksi penjarahan dalam peristiwa unjuk rasa yang berakhir pada pembakaran gedung Dewan Perwakilan Rakyat Daerah (DPRD) Nusa Tenggara Barat Sabtu (30/8). https://t.co/XQIYOtjDaL #beritaterkini""""",neutral
"""""@barengwarga Ingaatt . fokus yaaa.. tangkap langsung yg melakukan pembakaran dan penjarahan.. Semangat kawan2..""""",positive
"""""@detikcom Krisis akhlak Bu semua ngga cuma rakyat yang melakukan penjarahan. Tapi juga banyak pejabat tengik yang hidup bermewah2 bergaya hidup hedon yg ngeluarin kebijakan nyusahin rakyat koruptif dan kalo ngomong asal nyablak..""""",negative
"""""@kang___L Jangan adu domba lagi... Cukup Syahroni &amp"";"" 4 lainnya yg sdh mendapatkan hukuman penjarahan aset secara langsung oleh massa. Ini bukan Pasha Ungu """"",neutral
"""""Astrid Khairunisha atau Astrid Kuya berharap kucing peliharaannya yang dijarah massa bisa kembali. Sebanyak 12 ekor kucing milik Uya Kuya dan Astrid Kuya ikut dijarah massa saat kejadian penjarahan rumahnya pada Sabtu (30/8) malam di kawasan Pondok Bambu Duren Sawit Jakarta https://t.co/we5CItsnaW""""",neutral
"""""Warga di kontrakan Nafa Urbach berusaha mencegah penjarahan meluas. Mereka menjaga agar rumah tersebut gak dibakar. https://t.co/ZNAyR3pbxE""""",positive
"""""Warga di kontrakan Nafa Urbach berusaha mencegah penjarahan meluas. Mereka menjaga agar rumah tersebut gak dibakar. https://t.co/3bqlFliCqs""""",positive
"""""@TirtoID Saya tidak membenarkan tindakan penjarahan dan perusakan. Tapi bu kenapa ketika pejabat yg dijarah baru para pejabat atau kalian yg memiliki jabatan mengeluarkan statement2 tsb. Tapi kenapa kalo koruptor yg ditangkap udh merugikan negara dan rakyat tp tdk berpendapat demikian?""""",negative
"""""[psikologi] Dampak Psikologis Penjarahan Rumah Pejabat dan Efek Jera dalam Dunia Politik https://t.co/nG7Zl6OfN0""""",neutral
"""""@TirtoID Yeeuu sensi amat lu liat rakyat happy kebiasaan ngeliat tersiksa si ya agak culture shock mungkin btw penjarahan di rumah lu kek nya terstruktur bgt tuh tar jg balik lagi barang²branded lu https://t.co/6AqdUCGuNu""""",negative
"""""Dia kok masih yapping aja sih? Padahal banyak beritanya kok kalo penjarahan itu ada scriptnya kaya sinetron.""""",neutral
"""""@rachlannashidik Benar. Dalang penjarahan yg diburu!""""",positive
"""""AMUK kerusuhan dan penjarahan saudara-saudaraku di Indonesia hentikanlah. #Indonesia #probowo #ojol #PerkasaBangsa #PerkasaNegara https://t.co/4mPtxh0VQw""""",positive
"""""Sama bu tidak membenarkan jg aksi penjarahan. Harusnya memang ngejarahnya dg cara halus kyk ibu ngejarah rakyat lewat pajak """"",negative
"""""Disampaikan Menkomdigi Meutya Hafid ada lonjakan laporan masyarakat terkait provokasi di ruang digital termasuk ajakan penjarahan penyerangan dan penyebaran isu SARA. https://t.co/uQTZPSblwG""""",neutral
"""""Yang ngelakuin penjarahan kan orang orangg prabowo sendiri bu coba tanya si boss balikin lha lukisan saya kalo ga saya ga mau jadi menteri lagi""""",negative
"""""waduhhh... seharusnya pernyataan anda itu ditujukan kepada anda dan anggota DPR pak...berhenti bicara yang menyakitkan pak takut ada penjarahan jilid 2... https://t.co/i9cSy5oGS8""""",negative
"""""penjarahan rumah artis aja langsung ketangkep""""",neutral
"""""Demo berhari2 ada korban jiwa penjarahan pembakaran banyak orang ke luar negeri. Tapi kok iya lapangan padel masih aja full??""""",negative
"""""Dari kasus penjarahan kita bisa liat bagaimana setimen publik ke pejabat yg sebenarnya walaupun masuk dlm pejabat yg dijarah tp sri mulyani tetap ada yg memberi dukungan jd inarat publik kebagi dua ada yg simpati dan marah ke sri mulyani ini Nah kalo sahroni eko dan uya itu""""",neutral
"""""@footycinephile Kalo gasalah dulu juga sama kok. Demo ga dilarang yang dilarang kalo Kriminal semisal pelajar tsb melakukan penjarahan n penganiayaan (lain cerita). Tapi sampe detik ini yang ada pelajar malahan jadi korban kan. Demonstrasi bukan pidana jadi tidak bisa dicabut sewenang2""""",positive
"""""yeee buta mata lo pas dikasih tunjangan mata lo ga liat noh pada joget-joget? biji mata lo diganti ama biji salak kah? penjarahan emang ga dibenarkan tapi menurut lo makan uang rakyat tu bener? kaga ege mukbang tunjang sono lu satu panciii""""",negative
"""""@ajiclarkkent @BosPurwa Ada SJW yg afiliasinya ke JKW juga sami mawon memprovokasi spy terjadi penjarahan Di FB akun2 yg terafiliasi sbg pilih Ganjar juga ada yg happy repost penjarahan2 ke rumah UK Eko AS &amp"";"" Nafa""""",neutral
"""""Bila datanya benar 9 korban tewas dari mahasiswa dan rakyat. Belum terhitung korban luka luka akibat brutalitas polisi. Luka rakyat akan kian dalam bila Polisi justru memperkarakan mahasiswa dan tokoh kalangan sipil. Lebih baik polisi fokus memburu siapa dalang penjarahan.""""",positive
"""""Geng sia nu korup kumaha ngentot kalakuana emang? Tidak membenarkan penjarahan itu benar""""",negative
"""""@ajiclarkkent @BosPurwa Gak cuman anak wabah Akun2 yg terafiliasi dgn TERMUL sami mawon Disini akun X &amp"";"" IG ada Akun2 yg ngaku2 SJW terafiliasi dgn anak wabah aktif mendoxing alamat2 Eko Sri UK sebelum kejadian. Bahkan akun yg dulu Buzzer JKW spt @Ary_PrasKe2 ini juga doxing alamat Eko sblm penjarahan.""""",neutral
"""""VIDEO: Dua Pemuda Mullet Jadi Tersangka Terbukti Ikut Penjarahan Usai Kembalikan ke Rumah Sri Mulyani https://t.co/Ap3F1G8Iqo""""",neutral
"""""@TirtoID Aku rasa pelajaran etika wes cukup untuk beliau-beliau ini apalagi yg menimpa dg penjarahan yg tidak beretika dari kalangan yg mengatasnamakan rakyat itu. Kita seolah lebih ganas dan barbar pada yg bukan pelaku korupsi tapi kita tidak keras pada mereka yg korup!""""",negative
"""""Anda menentukan kenaikan pajak ditengah masyarakat sudah sulit mencari makan apakah itu sangat bermoral? tanpa niat menormalisasi aksi penjarahan anda harusnya sadar bahwa kemarahan rakyat adalah sebuah reaksi dari kebijakan2 yang kalian paksakan selama ini """"",negative
"""""MUI: Penjarahan Langgar Hukum dan Agama Barang Harus Dikembalikan https://t.co/la4rzufrI8 https://t.co/qheaZi3wJ3""""",positive
"""""@xfuera37 @gungzaidan @GoodRecom Haha dengan harta Rp328 9 miliar yang dilaporkan kerugian dari penjarahan rumahnya di Tanjung Priok (30 Agustus) mungkin nggak terlalu ngaruh secara finansial. Tapi barang berharga ilang dan rumah rusak tetep bikin ribet. Dia udah lapor ke polisi kasusnya ditangani Polda Metro""""",neutral
"""""@grok @gungzaidan @GoodRecom Berarti penjarahan dirumahnya itu ngga ngaruh2 amat ya Grok wkwk""""",negative
"""""10 Orang Resmi Jadi Tersangka Penjarahan Rumah Uya Kuya! https://t.co/S3AGdvsT9Q""""",neutral
"""""@CarolineSarah5 @BosPurwa Anak abah waktu penjarahan dirumah seleb dan menkeu komentarnya semangat 45 dimedsos termasuk admin akun akun ig kel.mreka sp bengong kita barbar sekali pdhl diislam support penjarahan harta orang dilarang """"",negative
"""""Apapun Alasan Penjarahan Termasuk Pencurian/Mengambil Hak Orang lain Secara Paksa Dan Itu Jelas Melanggar Hukum.. *Makanya Disini Bung Hotman Mengecualikan Penjarahan.. *‍‍""""",positive
"""""Polres Blitar laksanakan Konferensi Pers tentang Aksi Pengrusakan dan Penjarahan di Gedung DPRD Kab. Blitar Kamu Bisa Lari tapi Kamu Tidak Bisa Bersembunyi. ~ call center 110 bebas pulsa atau bisa ~ 0812 2913 2005 ~ @arif_fazlurrahman #polresblitarmenujuWBK https://t.co/4JlCBav8OM""""",neutral
"""""P3mbakar4n Cagar Budaya Gubernur Khofifah: Kalau Orang Jatim Enggak akan Tega Mantan Menteri Sosial ini sangat menyayangkan aksi demo yang diprovokasi hingga anarkis dan melakukan pembakaran dan penjarahan cagar budaya. Khofifah menegaskan berunjuk rasa boleh dilakukan karena https://t.co/omtL8e65Kx""""",positive
"""""Uya Kuya Baru Berani Lihat Penjarahan Rumah Secara Utuh https://t.co/HFHIXtdIWp""""",neutral
"""""@txtdrimedia Adil dan beradab sudah lama hilang sejak sebelum ada demo &amp"";"" penjarahan Bu. Sejak Ibu naikin pajak. Sejak Ibu bilang tantangan bagi keuangan negara saat bicara tentang gaji guru/dosen. Sejak Ibu acc kenaikan tunjangan DPR. Telat banget kalo baru sadar sekarang. """"",negative
"""""MENYINGKAP DALANG AKSI PENJARAHAN THE PRIME SHOW BERSAMA : ANISHA DASUKI Narasumber: - ⁠Devie Rahmawati - ⁠Khairul Fahmi Rabu 3 September 20.00 WIB Hanya di Inews #inews #MNCGROUP #inewsmediagroup #ThePrimeShow #IsuTerkini #beritaterkini https://t.co/C5VcHOqu34""""",neutral
"""""@txtdrimedia Ya penjarahan itu tidak baik melanggar hukum. Tapi lu memanfaatkan kekuasaan dan undang2 untuk naikin pajak seenak udel itu disebut apa nyet @kemenkeu ??? Perikebinatangan???""""",negative
"""""@cakra_buana18 @DS_yantie Ya kejadian penjarahan rumah Nafa Urbach di Bintaro Tangsel benar terjadi pada 31 Agustus 2025 dini hari oleh massa. Barang yg dijarah: TV pakaian berharga bantal guling &amp""; pakaian dalam. Detail jenis &amp;"" warna pakaian dalam tdk disebutkan di laporan berita. Sumber: Okezone """"",neutral
"""""Anggota Komisi III DPR @BennyKHarman kritik penangkapan DirEk Lokataru Foundation Delpedro Marhaen. Polri salah prioritas! Fokus usut penjarahan bukan aktivis. Ajakan demo bukan hasutan selama tidak dorong kekerasan. #Polri #DelpedroMarhaen #Lokataru https://t.co/u0dtlIohOz""""",negative
"""""@Jayabay19479190 setuju bagaimanapun juga penjarahan tidak bisa dibenarkan""""",positive
"""""Anggota DPR sibuk dengan urusan pribadinya. Cina begitu jahat pada Indonesia tapi 2 artis ini sibuk belanja di cina ketika terjadi demo di Jakarta dan penjarahan di rumah mereka. Pun komentarnya tolol begitu #PrabowoDikudetaRakyatRevolusi #PrabowoDikudetaRakyatRevolusi https://t.co/Twp3d8vptY""""",negative
"""""@TirtoID Penjarah kekayaan hasil bumi yg berpesta pora ikut prihatin tdk bu? Kita mnrt hitungan menkeu byk mana hasil jarahannya? Walaupun tdk membenarkan penjarahan oleh sebagian orang kmrn.""""",negative
""""" Baru malam ini saya berani liat video-video penjarahan rumah saya di media sosial tulis Uya Kuya. https://t.co/41sMFKvFFw""""",neutral
"""""@TirtoID Ah...penjarahan embel² pajak https://t.co/kBauD2Pn5G""""",negative
"""""Thailand bubarkan parlemen usai krisis politik sementara Indonesia diguncang demo besar terhadap DPR hingga penjarahan rumah legislator. https://t.co/rqGpxVuThp""""",neutral
"""""@KompasTV Seorang Srimulyani saja baru sadar tidak ada rasa aman dan kepastian hukum setelah merasakan penjarahan menimpa dirinya. Pantesan kalau para pejabat negara lainnya tdk punya empati atas penderitaan rakyat yg sehari-harinya dihadapkan pada ketidakpastian hukum"";""",negative
"""""Hati hati penyusup https://t.co/kd74IwAcHJ Target penjarahan terahir di rmh Presiden Prabowo @prabowo ? Lihat video Monitor Yth Bpk Presiden @prabowo @Gerindra""""",neutral
"""""@TirtoID Lah mereka juga kan berjoget menari riang gembira cha..cha..cha disaat masih banyak masalah rakyat terutama pajak yg semakin mencekik kan!. PS: saya juga tidak bersepakat dgn penjarahan. Namun sekarang siapa yang memantik api lebih dulu https://t.co/BxMGBqc0x9""""",negative
"""""tidak membenarkan penjarahan tapi komentarnya kok ya tidak peka ya ..""""",negative
"""""Uya Kuya baru berani melihat video penjarahan rumahnya. Ia ikhlas hadapi cobaan dan fokus pada kucing peliharaannya yang hilang. https://t.co/VXc58AUaEm""""",neutral
"""""Tidak membenarkan penjarahan tp sulit untuk bersimpati dengan curhatan ybs (2) CuZ the mental damage her institution done to my family is irreversible """"",negative
"""""Thailand bubarkan parlemen usai krisis politik sementara Indonesia diguncang demo besar terhadap DPR hingga penjarahan rumah legislator. https://t.co/qn10qCHOnG""""",neutral
"""""I just published Breaking News: Polisi Tetapkan 10 Tersangka terkait Penjarahan Rumah Uya Kuya https://t.co/nmPv4DuStw""""",neutral
"""""@TirtoID Miskin tidak sama dengan kriminal yang melakukan penjarahan. Masih banyak orang miskin yang tetap santun menjaga harga diri dan keluarga walau sering diperlakukan tidak adil""""",positive
"""""Wagub Taj Yasin: Teladani Maulid Masalah Hadapi dengan Cinta Bukan Kekerasan dan Penjarahan https://t.co/fQDRbwcxmq""""",positive
"""""Wagub Taj Yasin: Teladani Maulid Masalah Hadapi dengan Cinta Bukan Kekerasan dan Penjarahan https://t.co/W9FHkJojEj""""",positive
"""""@NephilaXmus Penjarahan sekecil apapun memang hrs diprose hukum krn tindakan Pidana Polisi begitu gercep menangani penjarahan skala kecil tapi Polisi KPK Kejaksaan bajingan2 penjarah klas MMan bahkan TTan Rp slow banyak cingcong msh pendalaman msh dicekal msh kumpulkan bukti2 MBELGEDESLAH""""",negative
"""""Ahmad Sahroni Laporkan Perusakan dan Penjarahan Rumahnya ke Polisi Selengkapnya &gt"";&gt;&gt;"" https://t.co/sYXKdAoBre https://t.co/YYOtVRdWbW""""",neutral
"""""Ahmad Sahroni Laporkan Perusakan dan Penjarahan Rumahnya ke Polisi Selengkapnya &gt"";&gt;&gt;"" https://t.co/ogqk01ZrmW https://t.co/P5RaJGZpsS""""",neutral
"""""Ahmad Sahroni Laporkan Perusakan dan Penjarahan Rumahnya ke Polisi Selengkapnya &gt"";&gt;&gt;"" https://t.co/hca6v5EkUD https://t.co/gi1DJMqIWO""""",neutral
"""""Uya Kuya baru berani melihat video penjarahan rumahnya. Ia ikhlas hadapi cobaan dan fokus pada kucing peliharaannya yang hilang. https://t.co/pKyNR22wuw""""",neutral
"""""@ARSIPAJA Korban UU perampasan asset selanjutnya yg dijalankan KPK (Koalisi Penjarahan Koruptor)""""",negative
"""""Aku sih dukung aku aja malah gak ikutan demo DPR sampai ada aksi penjarahan baru berusaha menjaga penjarahan biar tidak meluas boro-boro ikutan ajakin demo atau main taggar. Ngawur itu yang kasih data sampai kena pidana fitnah si Ferry. Laporin dah gas gak pake Lama.""""",positive
"""""Jam tangan Richard Mille milik Ahmad Sahroni dikembalikan oleh orang tua pelaku penjarahan di Kebon Bawang Jakarta Utara disaksikan RT/RW setempat. #ahmadsahroni #richardmille #beritaviral https://t.co/rzjJ8XbcSA""""",neutral
"""""Setelah Lewat 3 Hari Uya Kuya Akhirnya Berani Tonton Video Penjarahan Rumahnya https://t.co/aRo8dZjO6k lewat @tribunnews""""",neutral
"""""Penjarahan pembakaran adalah kriminal. Namun apakah ibu juga prihatin ketika sebagian pejabat mencuri uang negara (yg dari rakyat tanpa malu?). Penjarah koruptor adalah MALING yang beda level.""""",negative
"""""kenapa fokusnya ke penjarahan aksi rusuh aksi ditunggangi dll? kenapa bukan fokus ke penyebab aksi itu terjadi kayanya gabutuh mikir yg gimana2 bgt dah buat fokus kesitu.""""",negative
"""""Isu penjarahan rumah orang tua anggota DPR sekaligus artis Eko Patrio yang beredar di media sosial membuat aparat gabungan dari Polri dan TNI bersama warga setempat langsung melakukan penjagaan ketat Selasa (2/9/2025). https://t.co/MG8HxgTQEb""""",neutral
"""""Penjarahan dan perusakan fasilitas umum tentu bukan tujuan awal para pendemo. Ramainya provokasi dan hasutan membuat demo melenceng jauh. Kini saatnya memperbaiki apa yg sdh mereka hancurkan. Seskab Teddy bersama Menteri PU mengemban tugas tsb. Yg panas diademkan dulu. https://t.co/HbeQ0E74DW""""",positive
"""""@CindyBexter @jokowi Sjk 2014 pelaku korupsi berbondong bondong apa Bu Sri gk prihatin penjarahan yg bringas kmrn menunjukkan kondisi kemiskinan rakyat..""""",negative
"""""Namun perlu digaris bawahi itu tidak akan terjadi manakala negara-pemerintah tidak menghendaki penjarahan dan pengrusakan itu. #tambangharustumbang #panganbukantambang #selamatkanmalukuutara""""",negative
"""""Astrid Kuya anggota DPRD DKI sekaligus istri Uya Kuya menyatakan sudah ikhlas atas penjarahan rumahnya oleh massa. Baca fakta selengkapnya di sini https://t.co/ea6mJPNiYD #astridkuya #UyaKuya HEADLINE NEWS Ojol #29SplashesOfJOY Prabowo BBC ANTEK ASING Riza Chalid Vidi""""",neutral
"""""@TirtoID Tak berbeda dengan penjarahan laut tanah dn kekayaan alam lainnya yg dilindungi undang2. Dimana moral dan akan sehat para pembuat kebijakan""""",positive
"""""@TirtoID iya betul penjarahan yg kemaren itu berlebihan tapi coba analisis penyebab kenapa rakyat sampe kayak gitu bu trus selain statement blunder dan joget yg kurang elok tunjangan DPR sebegitu tinggi dengan hasil kinerja yg gak jelas gitu apa pantas?""""",negative
"""""Setuju sama perasaannya apalagi kalau penjarahan uang rakyat oleh pejabat terus joged-joged di gedung DPR.""""",negative
"""""@txtdrpemerintah Halah penjarahan ala-ala. Kan udah dibalikin lagi barang jarahannya ke rumah ente buuuu""""",neutral
"""""Penjarahan Cederai Demo 29 Agustus 2025 Aksi Anarkis Tenggelamkan Suara Rakyat https://t.co/MPN63dv0gB""""",positive
"""""Astrid Khairunisha atau Astrid Kuya mengaku ikhlas saat rumahnya dijarah massa beberapa waktu lalu disertai harapan agar kejadian seperti itu tak terjadi lagi kepada siapa pun juga aneka barang yang telah dibawa bermanfaat bagi mereka. Kalau untuk masalah penjarahan saya https://t.co/dEywf1S71D""""",positive
""""" Baru malam ini saya berani liat video-video penjarahan rumah saya di media sosial tulis Uya Baca selengkapnya https://t.co/TPS4YW6ksF ~AM #UyaKuya #PenjarahanRumah https://t.co/azbsjgQdhj""""",neutral
"""""Polisi Tetapkan 10 Tersangka Kasus Penjarahan Rumah Uya Kuya https://t.co/S1IOHLXfvP""""",neutral
"""""@antmanGL @KangManto123 Rumah sahroni keknya nggak sampai hancur berantakan cuma ada penjarahan""""",neutral
"""""Live TikTok Tren Saat Demo dan Penjarahan Ini Daftar Gift dan Nilainya https://t.co/6RR4i28rzp""""",neutral
"""""@dlayyyyyyyy Tapi beneran deh demo kali ini suasananya adem gitu gak serem2. Kasus penjarahan juga dikit dan pada gak kepancing buat benci2an chindo. Lumayan keren juga bisa solid gitu. Moga sukses dan berkah buat semua yg sudah/akan turun ke jalan dan moga2 negara mau sekali2 melek mata.""""",positive
"""""Mafindo Duga Video Hoaks Deepfake Sri Mulyani Guru Beban Negara Picu Penjarahan https://t.co/0nC9XObalg""""",neutral
"""""Lukisan Kesayangan Hilang Sri Mulyani Sesalkan Aksi Penjarahan Brutal https://t.co/LH7owSFeVP""""",neutral
"""""@susno2g Negeri konoha dikuasai dan diurus gerombolan besar maling yang bersatu bahu membahu menggarong duit rakyatnya dengan mengerahkan segala sumber daya termasuk aparat hukum untuk membungkam pihak yang dianggap mengganggu proses penjarahan uang rakyat""""",negative
"""""Saya tidak setuju dengan penjarahan. Period. Pejarahan adalah kriminalitas! Akan tetapi...sebaiknya ibu Sri Mulyani juga berintrospeksi apakah kebijakan ibu sudah memenuhi rasa perikemanusiaan yang adil dan beradab? Saya rasa tidak sama sekali. Ibu selalu menekan ke rakyat kelas""""",positive
"""""Fakta Baru Penjarahan Rumah Uya Kuya Motif Pelaku Terungkap! https://t.co/rPYrUvIk3O""""",neutral
"""""Aku gak benerin penjarahan yg dialami ya kalau bisa kemarin gak perlu karena bakal ada masalah baru. Tp kl dr kejadian itu terus Ibu bilang perikemanusiaan yg adil dan beradab telah lenyap apa kabar pemerintah polisi kemarin yg sudah lakukan ke warga Indonesia?""""",negative
"""""#SherinaMunaf #UyaKuya #Kucing #RumahUyaKuya Sherina juga mengungkap bahwa beberapa kucing sempat diminta tebusan oleh pihak tak bertanggung jawab. Ia menegaskan bahwa semua pelaku yang memperjualbelikan kucing-kucing tersebut sedang dalam pantauan. https://t.co/0I1jeB7Tbg""""",neutral
"""""@detikcom Saya tidak setuju dengan penjarahan. Period. Pejarahan adalah kriminalitas! Akan tetapi...sebaiknya ibu Sri Mulyani juga berintrospeksi apakah kebijakan ibu sudah memenuhi rasa perikemanusiaan yang adil dan beradab? Saya rasa tidak sama sekali. Ibu selalu menekan ke rakyat kelas""""",positive
"""""Isu itu mencuat setelah aksi penjarahan rumah Sahroni di kawasan Kebon Bawang Tanjung Priok Jakarta Utara pada Sabtu (30/8/2025). Sejumlah akun di media sosial kemudian menyebarkan narasi bahwa 'black mamba' ditemukan dari lokasi tersebut. https://t.co/yVOJJS5CXv""""",neutral
"""""Menteri Keuangan Sri Mulyani buka suara soal penjarahan rumahnya. Bukan cuma harta benda tapi rasa aman &amp"";"" keadilan juga ikut raib. Lukisan bunga karyanya pun lenyap digondol massa. Baca selengkapnya: https://t.co/Jv7EFQUfRY #SriMulyani #Penjarahan""""",neutral
"""""Gw ga mmbenarkan tindakan penjarahan. Tpi mungkin ini adalah waktu lu. Gpplah bu ikhlasin aja. Orang lu juga dari 2010 di era pak SBY pesta sampe sebelum rumah lu di jarah. Semua orang pasti ada masanya. Enjoy bu!""""",negative
"""""kalo penjarahan hutan adat gaada yang jadi tersangka ya""""",negative
""""" Yang lebih penting diusut Polri ialah tindak pidana penjarahan bukan malah mengusut dan menahan Delpedro. Negara gagal hadir! kata Anggota Komisi III DPR RI Benny K Harman. Baca di sini: https://t.co/9JPkX95lPW / #DPR #Polisi #Polri https://t.co/8qbTf7iMVv""""",negative
"""""Reaksi Uya Kuya Lihat Video Penjarahan Rumahnya https://t.co/ShZXMsKSkM""""",neutral
"""""Demo 25-30 Agustus kemarin sempat memanas. Keresahan publik soal kinerja DPR memicu amarah hingga anarkisme dan penjarahan rumah DPR. Di balik peristiwa itu ada isu besar yang tak pernah hilang: korupsi. Mengapa korupsi terus-menerus menjadi masalah krusial di negeri ini """"",neutral
"""""Sejumlah warga yang sebelumnya melakukan penjarahan di Kediri pada Sabtu (30/8) lalu mulai mengembalikan barang-barang hasil jarahan ke Polres Kediri Kota. Barang yang dikembalikan beragam mulai dari pagar kursi sound system hingga tiang jalan. Polisi menegaskan warga yang https://t.co/48ywzAOEKh""""",positive
"""""Saya tidak mendukung penjarahan dll buk entah dari provokator atau tidak. Tapi yang jelas ibu kalau mukul orang duluan yaa jangan marah kalo dipukul balik""""",negative
"""""DPR : Aksi Penjarahan Rumah Adalah Tindak Pidana Wakil Ketua Komisi I DPR RI Dave Laksono #golkarindonesia #golkarpedia #golkarsolid #bahlillahadalia #davelaksono https://t.co/6sKolB6dDf""""",neutral
"""""Anggota Komisi III DPR Benny Kabur Harman merespons penangkapan Direktur Eksekutif Lokataru Foundation Delpedro Marhaen yang dilakukan Polri. Menurut... https://t.co/8T0gEgflax""""",neutral
"""""UPDATE. Total nilai kerugian materi akibat aksi pembakaran &amp"";"" penjarahan Gedung DPRD Kabupaten Blitar ditaksir mencapai Rp10 miliar. AKBP Arif Fazlurrahman Kapolres Blitar mengatakan kerugian materi ini terdiri atas kerusakan bangunan serta hilangnya sejumlah barang di Kantor https://t.co/CeJd818yhZ""""",neutral
"""""@BudiBukanIntel saya menyayangkan tindakan penjarahan ini.. akh""""",negative
"""""@PeripatetikTrix @KompasTV Berdasarkan laporan dari berbagai sumber seperti Reuters dan Wikipedia penjarahan rumah Sri Mulyani pada 31 Agustus 2025 terkait protes nasional atas tunjangan DPR dan kebijakan ekonomi. Ada video deep fake yang memicu kemarahan tapi tak ada bukti kuat indikasi false flag. Ini""""",neutral
"""""Rapat DPRD Astrid Kuya Cerita Banyak Anak Sekolah Ikutan Penjarahan Rumahnya https://t.co/7qsujAA1Au""""",neutral
"""""@txtdrimedia Rakyat mengamati yang melakukan penjarahan bukan warga biasa sepertinya para pelaku dari kelompok ....... mudah2an pihak berwajib dapat segera menangkap dalangnya""""",positive
"""""@f_fathur Berdasarkan analisis dari sumber beragam seperti VOI Reuters CNN Wikipedia dan The Jakarta Post (diakses 3 Sep 2025): Klaim keterkaitan Riza Chalid &amp""; Geng Solo dengan kerusuhan Agustus 2025 (termasuk penjarahan rumah Sri Mulyani) muncul di media &amp;"" medsos diduga sebagai""""",neutral
"""""@nazaqistsha Apapun alasannya penyerahan melanggar hukum. Penjarahan yg dilakukan rakyat sesekali karena ada kekecewaan terhadap aparat yg keparat. Penjarahan aparat dilakukan setiap waktu dan setiap saat tanpa peduli yg dijarah itu uang palakan dari rakyat dengan dalih pajak""""",negative
"""""Bukannya Kompas bilang penjarahan ya janggal https://t.co/6EZss2yhPa""""",neutral
"""""@21_mozza Barang hasil jarahan itu tidak berkah... karena banyak yg sudah membuktikan paman saya pernah ikut penjarahan sebuah KUD yg di Bakar masa. Dan kini paman saya itu hidupnya bangkrut tanah Dan rumahnya di lelang. Tunggu saja dan lihat gimana nasib mereka nanti""""",positive
"""""@PeripatetikTrix @KompasTV Kebenaran kejadian penjarahan rumah Sri Mulyani pada 31 Agustus 2025 memang menimbulkan pertanyaan tentang keamanan pejabat tinggi. Menurut laporan itu dilakukan oleh massa dan ekonom menyarankan perlindungan setara wakil presiden. Saya pikir ini lebih ke isu keamanan daripada""""",neutral
"""""@f_fathur Berdasarkan analisis data dari sumber seperti CNBC BeritaSatu Katadata dan Viva (diakses 3 Sep 2025): Kerusuhan &amp"";"" penjarahan di rumah Menkeu Sri Mulyani terjadi 31 Agt 2025 di Bintaro di tengah demo yang sebabkan korban jiwa termasuk pencurian lukisan pribadi. Sentimen""""",neutral
"""""Setelah Rumah Sahroni Penjarahan Meluas ke Rumah Eko Patrio dan Uya Kuya Nafa Urbach Nyusul Meminta Maaf https://t.co/Emj8hixPZv""""",neutral
"""""Duh... Rumah Zack Lee jadi sasaran penjarahan karena dikira rumah Nafa Urbach! Begini respon Zack Lee soal rumahnya yang dijarah!⁣ &gt"";&gt;"" https://t.co/aVDauIoQyU #detikHot #ZackLee https://t.co/jqC6ytmVff""""",neutral
"""""@KompasTV Klo presidennya ANIES BASWEDAN gak akan terjadi bakar bakaran segala fasilitas umum+penjarahan karena sudah direspon cepat sebelumnya semua keluh kesah rakyat nya""""",negative
"""""@pakslamet88 Kan lagi musim penjarahan makanya aku ikutan""""",negative
"""""GA USAH NYEBUT KEADILAN kalau rakyat ga bersuara dijamin tercekik karena kebijakan yang ibu keluarkan sedangkan para pejabat masih bisa ha ha hi hi joget joget bikin acara main golf padel walau penjarahan ga dibenarkan tp ibu bahas keadilan itu . . .""""",negative
"""""@tempodotco Tempe jangan jadi kompor Bahwa negara wajib menjamin kebebasan berpendapat namun apabila ada kelompok yang menyalahgunakan haknya yg menimbulkan kerusuhan dan penjarahan maka pihak berwajib harus bertindak tegas dan terukur""""",positive
"""""Elite Melakukan Penjarahan Kekayaan Alam Dilegitimasi UU https://t.co/V3bZwMvwjh""""",negative
"""""@txtdrpemerintah Kasian sih dia blunder-nya engga cukup untuk membenarkan penjarahan yg dia dapet""""",neutral
"""""@hellorosierose Jendral yg tinggal di sunter punya bisnis minyak. Kalo beneran pernah disuruh nikah sama anak jendral itu trus pas jendralnya meninggal anaknya dicerai n perusahaannya diambil syahitwil berarti penjarahan yg terjadi adalah sebuah hukum karma tabur tuai...penapsaran""""",negative
"""""Menteri Keuangan Sri Mulyani Indrawati buka suara usai rumahnya di kawasan Bintaro dijarah oleh pihak yang tidak bertanggung jawab pada Minggu dini hari (31/8/2025). Selengkapnya: https://t.co/zkV50jOeou #srimulyani #kemenkeu #demo #penjarahan #demodpr #rumahsrimulyani https://t.co/WGdjVrmDNr""""",neutral
"""""@detikcom Siapa yang telah membuka pintu penjarahan terhadap kekayaan negeri ini bu?""""",negative
"""""Penjarahan dan perusakan fasilitas umum yang terjadi minggu lalu itu tak lain adalah anti reformasi dan merusak demokrasi yang sehat. Selengkapnya: https://t.co/WsyPv9OjVm #demonstrasi #penjarahanpolitik #penjarahan #politik #reformasi #demokrasi #demo #dpr https://t.co/Q8H63LZxUf""""",positive
"""""Penjarahan adalah tindakan mengambil hak warga negara dg cara melawan hukum. Lebih dari empat th uang pensiun kami dikuasai oleh tim Men-BUMN/Keuangan. Bukankah itu bentuk lain dari penjarahan? @prabowo @erickthohir @KemenkeuRI @ojkindonesia @KemensetnegRI @ST_Burhanuddin https://t.co/kGswb0GH4D""""",negative
"""""@detikcom harusnya aparat tni polri malu sama ibu pada kemana mereka kok bisa penjarahan sampai beberapa gelombang ga ada aparat yg nongol. Bahlkan kayak pesta ya ibu penjarahnya??! """"",negative
"""""Elite Melakukan Penjarahan Kekayaan Alam Dilegitimasi UU https://t.co/StlmAbTBLm https://t.co/KdiwMC9GmL""""",negative
"""""Jika Aceh Lepas Kami Sumatera Barat juga ikut Satu Federasi Sumatera bisa cukup untuk Hidup. Penjarahan kemarin fix ya settingan semua Sudah dikondisikan. Agar tampak asli semua aktor dilibatkan. Udah dulu akun mulai goyang2 https://t.co/Capuuwmdh3""""",negative
"""""@txtdrimedia Bukannya pajak juga penjarahan?""""",negative
"""""@yaniarsim @DPR_RI @NasDem @KPK_RI Knp rumah si Satori ini luput dari penjarahan? Krn mulutnya diam tapi tangan sibuk ngitung duit. Coba klo si Sahroni cs mulutnya diem kek orang ini.""""",negative
"""""MALANG Wali Kota Malang Wahyu Hidayat meminta pelaku usaha tidak khawatir membuka toko meski belakangan beredar isu demo ricuh dan penjarahan di sejumlah daerah. Ia menegaskan Kota Malang aman berkat patroli cipta kondisi serta pengaktifan kembali Pam Swakarsa dan siskamling. https://t.co/sDsigoo6kE""""",positive
"""""Polisi Gerebek Rumah Pelaku Penjarahan Amankan Kucing Kesayangan Uya Kuya https://t.co/hqzoilpILq""""",neutral
"""""Hasil penjarahan semalem https://t.co/nModiDOqt6""""",negative
"""""Semua dan banyak pihak mengetahuinya. https://t.co/jBw280yefO""""",neutral
"""""Hasil riset Ecosoc Institute ttg PSN : PROYEK penjarahan ruang hidup dan aset ekonomi serta penggusuran dan pengusiran rakyat hingga berdampak pd pemiskinan gangguan jiwa dan kematian masif rakyat.""""",negative
"""""Polisi Tangkap 4 Tersangka Penjarahan Mesin ATM DPRD Makassar https://t.co/p8GZuk6l3C""""",neutral
"""""@liputan6dotcom DISANGKANYA rakyat akan sedih dan membelanya ??! ... RAKYAT BERSYUKUR DENGAN PENJARAHAN DIRUMAH KAU !!! ...""""",negative
"""""@Takehirohayaku @Einzelkampfen @hbusria Pastinya di bawah 50jt makanya enteng banget yapping. Dia gak sadar kalo udah chaos middle class itu juga pasti kena penjarahan massal apalagi minoritas. Orang yg udah ketrigger gak bakal nanya Mana slip gaji lo? . Kalo emang berani langsung spesifik aja siapa targetnya.""""",negative
"""""Musisi dan aktris Sherina Munaf menjalani pemeriksaan di Polres Metro Jakarta Timur selama sekitar delapan jam. Pemeriksaan ini terkait dengan kasus kucing peliharaan milik presenter Uya Kuya yang dirawat oleh Sherina setelah terjadi penjarahan di rumah mertua Uya Kuya. Saat https://t.co/KgTh8rpLBi""""",neutral
"""""Tak suka orangnya eko sahroni dll jangan jarah rumahnya mereka jadi pejabat tak mudah karir banting tulang job artis dll kalian pikir dpr bisa kalian samakan biadab penjarahan dasar tak punya otak!!!!!""""",negative
"""""Saya fans Eko patrio ibuku almarhum keluarga di ntb jakarta sumatera jawa fans dia sejak acara talkshow sama ulfa eko baik kelihatan wajahnyaKini apa yang jarah rumahnya nyesel gak tuh kasihan eko&gt"";""Eko Patrio Ngontrak Rumah Usai Jadi Korban Penjarahan https://t.co/Ah3arhxUiP https://t.co/XkIFwilykK""""",positive
"""""@VIVAcoid turut menyayangkan kejadian penjarahan itu sih kriminal gabisa dibenarkan.. tetap semangat mang Eko""""",positive
"""""Eat the rich eat the rich giliran balik ke penjarahan lu semua kalang kabut emang SJW SJW""""",negative
"""""@tanyakanrl Gapap Aku terlanjur bagi ke panti 2 karung jir Pas kos juga 2 karung Berasa jaman skrg kek penjarahan (?)""""",neutral
"""""Contohnya penjarahan toko toko umkm chinese indonesian th 98. Eat the rich. Rich dari mana kontol""""",negative
"""""Dalam situasi chaos orang gak lagi peduli beda rich dan higher middle class . Orang udah gak sempet denger penjelasan 2 sks-mu soal itu. Dalam anggapan mereka yg punya mobil dan rumah agak bagus = kaya dan layak jd target penjarahan. That's why we all need to be careful.""""",positive
"""""@kompascom Saya tidak mendukung tindakan penjarahan yg terjadi tapi semua ini jadi pembelajaran menjadi anggota dewan itu merupakan amanah dari rakyat tidak menjadikanmu lebih hebat dari rakyat jika lupa diri dan meledek penderitaan rakyat maka amarah rakyat tidak akan bisa di bendung""""",positive
"""""Damai? Ngapain pulici ngada-ngadain perkara dan bilang mau menyelesaikan 'perkara' dan 'konflik' tsb kalo ybs 22nya sama2 klarif klo mereka gada masalah bjir https://t.co/W7rCUJsESf""""",negative
"""""@Andria75777 Kayaknya GenZ nepal jg cemas dan tidak senang kalo jadinya rusuh banyak penjarahan dan kriminal. Resiko dr revolusi reset system""""",positive
"""""Uya Kuya dan Sherina Munaf Akhirnya Damai Perkara Kucing yang Kena Penjarahan https://t.co/GE9ntKsTWv""""",positive
"""""Pemerintah dan DPR RI sudah satu suara dalam pemberian restorative justice bagi 13 anak tersangka pelaku pembakaran dan penjarahan kantor dprd sulawesi selatan dan makasar pada 29 agustus 2025 lalu. namun demikian keluarga pengemudi ojek online Rusdamdiansyah (25) yang tewas https://t.co/kkzXWNn5Yv""""",positive
"""""Eko Patrio Datangi Polda Metro Jaya Pasca Penjarahan Rumah: Ini Hasil Kerja Keras Saya Puluhan Tahun! https://t.co/ebNUtd4xBC""""",neutral
"""""@iwantyoubaby258 @txtdrimedia Mirip sekali dgn isilop kalau ada kesalahan diakuinya sebagai oknum. Giliran performa itupun secuil. Diakuinya keberhasilan institusi. Kuota haji diembat begitu pula penjarahan SDA. Entah apa lagi yg lain dasar pekok. Tidak bisa jadi check &amp"";"" balance cuma mikirin duit saja.""""",negative
"""""Guru Besar Komunikasi UNPAD Prof. Dr. Atwar Bajari: Penjarahan Rumah Pejabat Bukan Sanksi Itu Kriminal! https://t.co/xH8heZUWHt""""",positive
"""""@24xJam Gak mungkin ya seorang rafi ahmad anjirr sebelum jadi mentri juga dia mah udah jadi Sultan. Yang ngusulin penjarahan jiwa kalung nya meronta kek nya""""",neutral
"""""... karena mereka jadi korban penjarahan akibat beberapa di antaranya jadi pebisnis sukses dan kaya-raya. Belum lagi kebijakan pemerintah Orba saat itu keliatannya menguntungkan golongan tertentu dan merugikan warganya sendiri jadi masyarakat udah telanjur emosi""""",negative
"""""@Yusrilihza_Mhd Sekalian nitip dimana pihak keamanan saat terjadi penjarahan rumah sahroni eko uya nafa sri mulyani.Terkesan melakukan pembiaran pdhl mrk juga punya hak utk dilindungi.Seharusnya dg resourses yg dimiliki dapat df mudah menghalau masa spt mrk mengalau demo.Mungkinkah cari aman ?""""",negative
"""""Muncul ke Publik Eko Patrio Curhat Harta Ludes Semalam saat Dijarah: Kerja Keras Saya Jadi Pelawak Politikus Partai Amanat Nasional (PAN) Eko Patrio buka suara soal penjarahan rumahnya seusai menyambangi Polda Metro Jaya pada Sabtu (13/9/2025) dini hari. Eko Patrio mengaku https://t.co/Okhrx6jkp0""""",neutral
"""""terjadi penjarahan di sini https://t.co/70hu8fbHHj""""",neutral
"""""@hafidzhaernanda No they wouldn t know the difference kamu terlalu menganggap remeh kemiskinan dan kebodohan di negara ini. Kamu berharap rakyat dgn rata-rata IQ di bawah 90 utk mengerti hal-hal yg contextual seperti ini. Tahun 98 jg kita di dlm middle income trap tapi korban penjarahan tetap""""",negative
"""""@KangManto123 Biasa nunggu lengah rakyat. Meleng dikit pagar laut jadi beton Meleng dikit penjarahan di jalankan lagi. Bahliiiiil Bahlil. Lu kalo belum di nevalkan kayanya ga bakalan sadar sadar.""""",negative
"""""penjarahan""""",neutral
"""""#Repost @humaspolrestabessby ... Direktorat Tindak Pidana Siber Bareskrim Polri bersama Polda Jajaran menangkap 7 orang tersangka yang diduga menyebarkan konten provokatif di media sosial terkait aksi penjarahan. https://t.co/9t1Bq10L4p""""",neutral
"""""Eko Patrio Ajukan Penangguhan Penahanan Pria yang Diduga Menjarah Kucingnya #EkoPatrio #Penjarahan #Kucing https://t.co/bfdsPNTrSh""""",neutral
"""""itukan settingan ajg salahin yg ngatur penjarahan rumah lo lah bego""""",negative
"""""@txtdrpemerintah Malah seharusnya pemerintah belajar dr demo yg kemarin terjadi. Penjarahan pembunuhan perusakan fasum dll. Bukan belajar dr Nepal. Nepal prancis bahkan negara2 lain itu hanya terinspirasi dengan demo di indo. Keberanian rakyat kita ini lah yg jd cerminan bagi negara lain""""",positive
"""""Eko Patrio muncul perdana setelah skandal penjarahan rumah. Ia membahas kucingnya yang diselamatkan Rian dan memaafkan pelaku penjarahan. https://t.co/mGPezqUBtl""""",positive
"""""@kompascom Tak membenarkan kejahatan penjarahan tapi sekali lagi tak ada asap bila tak ada yg menyalakan api.""""",neutral
"""""@KangManto123 Kok penjarahan seperti ini ga ditangkap ya?""""",negative
"""""Direktorat Tindak Pidana Siber Bareskrim Polri bersama Polda Jajaran menangkap 7 orang tersangka yang diduga menyebarkan konten provokatif di media sosial terkait aksi penjarahan. Penangkapan dilakukan berdasarkan 5 laporan polisi yang diterima https://t.co/cIoH74xbUw""""",neutral
"""""Direktorat Tindak Pidana Siber Bareskrim Polri bersama Polda Jajaran menangkap 7 orang tersangka yang diduga menyebarkan konten provokatif di media sosial terkait aksi penjarahan. https://t.co/GMhlWC2A8o""""",neutral
"""""Yusril Minta Pelaku Penjarahan dan Perusakan DPRD Makassar dan DPRD Sulsel Segera Diadili Baca selengkapnya di: https://t.co/Vb4jYyVh4U #dprdmakassar #makassar #sulseltimes""""",neutral
"""""Pelawak sekaligus anggota DPR non-aktif Eko Patrio mengaku baru berani keluar rumah setelah dua pekan insiden penjarahan di rumahnya. Tujuan Eko keluar rumah sendiri untuk menemui salah satu dari 7 pelaku penjarahan yang sudah ditahan di Polda Metro Jaya. Eko mengaku momen https://t.co/p6eVTO8tDQ""""",neutral
"""""Yap. Tp yg udah banyak terjadi banyak orang menyalahartikan &amp"";"" sumbu pendek yg akhirnya melakukan sesuatu yg ga seharusnya. SDM kita banyak ga paham orang diatasnya sedikit dibilang kaya yg akhirnya bikin niat penjarahan. Bola saljunya lebih besar""""",negative
"""""@detikcom Produk sandiwara penjarahan. Terbukti penjarah awal bukan warga sekitar. Cari perhatian agar dapat simpati. """"",negative
"""""@liputan6dotcom Sandiwara Penjarahan. Terbukti penjarah awal bukan warga sekitar. Coba tanya HP sana siapa yang beraksi. """"",negative
"""""Gub. Utah Spencer Cox menanggapi pembunuhan Charlie Kirk: Tidak ada kerusuhan tdk ada penjarahan. Tdk ada mobil yg dibakar. Tidak ada kekerasan. Hanya ada penghormatan terakhir dan doa dan orang2 datang utk berbagi 'kemanusiaan'.""""",positive
"""""@HarryMagui91430 @txtdrimedia Hati² bang siapa tau ntar rumah lu yg jadi target penjarahan massa""""",neutral
"""""@detikcom Sandiwara penjarahan. """"",negative
"""""PSN = Penjarahan Skala Nasional""""",negative
"""""@itsurboihyl nge-tweet dari tower 100 lantai emang gampang Jangankan frasa eat the rich yang intelektual pun kegocek drama svere Apalagi definisi rich dari akar rumput yang ada bakal konflik horizontal antar rakyat dan penjarahan masal""""",negative
"""""@xananagumo @arthawidhi Coba cek dah banyak ko akun Lain nyalahin persib malah sampe ada yg bilang ga sudi berteman. Insyaallah dibandung bakal aman ko seterusnya gak akan ada kanjuruhan part 2 penjarahan warung gelandangan dilampu merah ataupun tenda dan dapur umum """"",positive
"""""Maafkan 7 Pelaku Penjarahan Eko Patrio Serahkan Proses Hukum ke Polisi https://t.co/FmezTqFQrZ https://t.co/GnXWVD9R70""""",positive
"""""@mhuseinali @BudiBukanIntel Setuju kak. Saat banyak demo kemarin ada sejumlah akun yg provokasi penjarahan orang-orang kaya terutama minoritas. Jangan sampai akhirnya narasi seperti itu dimanfaatkan oleh provokator untuk memperkeruh suasana""""",positive
"""""TIDAK USAH DIPERBAIKI. JADIKAN MONUMEN PENJARAHAN RAKYAT BODOH.""""",negative
"""""Ya semangat aja deh jelasin ke ribuan orang dijalan nanti arti dari eat the rich belom aja sanak sodara atau diri sendiri kena penjarahan""""",neutral
"""""orang2 model kek gini lah yg bikin penjarahan dinormalisasi. kapan sih manusia ini berhenti main kasta2an.""""",negative
"""""@itsme_urstruly penjarahan sahroni belum ada apa-apanya""""",neutral
"""""Rumah milik Anggota DPR RI nonaktif sekaligus pelawak Eko Hendro Purnomo alias Eko Patrio ludes dijarah massa Agustus kemarin. Namun alih-alih emosi Eko justru pasrah dengan keadaan yang sudah terjadi bahkan sudah memaafkan pelaku penjarahan. Sementara sudah 7 termasuk Rian https://t.co/YJeBl8eQH4""""",positive
"""""@MurtadhaOne1 Kmrn mau belain dia saat aksi penjarahan dgn percobaan darurat militer..tapi yg dibelain kek gini """"",neutral
"""""Kenyataannya definisi kaya bagi tiap daerah beda. Keluar bubble medsos ini tanya definisi kaya k semua elemen masyarakat pasti beda2. Pada tahun 98 aja yg kena dampak penjarahan itu toko2 biasa. Fafifuwasweswos aja nih""""",neutral
"""""@Jennifer_bogota @Ubaidullah_Sdq @tubagussalim @kangwaqfi2 @AhlulQohwah @HEskawe Berhujah tapi tidak paham agama Kok kayak buzzer anarkis suka halalkan penjarahan ning akhirat bakal digecek² malaikat kae """"",negative
"""""@10achio Gaada bedanya waktu penjarahan dimulai""""",neutral
"""""Artis sekaligus politikus Eko Patrio tak kuasa menyembunyikan kesedihannya saat menceritakan kondisi rumahnya yang hancur akibat insiden penjarahan beberapa waktu lalu. Klik untuk baca: https://t.co/4TK2jStVwG | #EkoPatrio https://t.co/aOSmSqdi8T""""",neutral
"""""@GoodRecom Warga melakukan penjarahan bkn karna korupsi tp karna marah akan kelakuan para wakil rakyat yg tdk menghargai dan di rasa menyakiti perasaan masyarakat indonesia yg sedang dlm kesusahan""""",negative
"""""Gw sama nyokap lgsg ngegendong kitten2 sambil menyelamatkan mereka ke kamar paling pojok sambil nutupin mereka pake kain biar ga nyesek Kebayang ga sih jahatnya uyakuyang ninggalin kucing2nya pas penjarahan mana brutal2 kan penjarahnya ngerusakin barang """"",negative
"""""Konflik feline Uya Kuya &amp"";"" Sherina tuntas! Settlement tercapai berkat mediator. Damai! https://t.co/Ld2tr9mYXH""""",positive
"""""@DokterTifa Justru Nepal kata selebgram terinsipirasi jari kejadian penjarahan di rumahnya Sahroni Uya Kuya dan sekarang rakyat filiphina jg lagi menirunya""""",neutral
"""""@DonatEntog Hukum Indonesia sangat adil karena sudah disetujui secara konstitusi. Yang tidak adil pelaku hukum masyarakat dan aparatnya. Hukum tidak kenal kaya miskin. Koruptor dan penjarahan sama Dimata hukum karena merugikan negara Maling ayam dg maling mobil sama. Yg beda kesempatannya.""""",positive
"""""@tvOneNews Terus pelaku penjarahan ga diusut kepolisan?""""",neutral
"""""Eko Patrio Sebut Insiden Penjarahan Berdampak ke Psikologis Keluarganya https://t.co/VHbOcNfPWv""""",neutral
"""""Artis sekaligus politikus Eko Patrio tak kuasa menyembunyikan kesedihannya saat menceritakan kondisi rumahnya yang hancur akibat insiden penjarahan beberapa waktu lalu. Sumber : https://t.co/I050u9vYGT https://t.co/Cayee0ek8v""""",positive
"""""@barengwarga Orang2 memaknai rich ini secara harfiah rich yang lebih kaya dri dirinya sama orang2 yang middle up padalan jelas rich yg dimaksud ya oligarki. jelas pada gampang keseret isu penjarahan.""""",positive
"""""Abis nonton ternyata bner dugaan di-planningnya arc tunjangan dpr - joget2 - demo - penjarahan - reshuffle""""",negative
"""""Pelawak sekaligus anggota DPR non-aktif Eko Patrio mengaku baru berani keluar rumah setelah dua pekan insiden penjarahan di rumahnya. https://t.co/3ehz3DQHQI""""",neutral
"""""Terkuak! Keberadaan Ahmad Sahroni Setelah 2 Minggu Aksi Demo dan Penjarahan di Rumahnya #ahmadsahroni #demo #penjarahan #beritaterkini https://t.co/Z8u04UE6yy""""",neutral
"""""@tvOneNews Padahal penjarahan bisa dicegah bila polisi standby berjaga di rumah Uya Kuya""""",negative
"""""@ciasaourus @astaga_kaget @GodVanemuine Penjarahan rumah pjbat kmaren idenya parjo kah?""""",neutral
"""""Mafia dan Koruptor lebih mendukung Gibran Plongo daripada Prabowo Gembul. Karena Si Plongo lebih mudah ditipu dikendalikan dan diarahkan untuk kongkalikong dan melakukan konspirasi dalam Penjarahan atau Maling duit dan sumber daya alam Indonesia.""""",negative
"""""Drama kucing Uya Kuya &amp""; Sherina Munaf akhirnya berakhir damai! Setelah mediasi di Polres Jakarta Timur keduanya sepakat selesaikan masalah secara kekeluargaan. Polisi pun apresiasi keputusan ini biar nggak ada drama berkepanjangan. &gt;&gt;"" https://t.co/sY4UQViUqb https://t.co/PdPqkCuhgv""""",positive
"""""Koko Yg buka ruko dipinggir jalan jualan material atau elektronik sama warung makan padang. Sementara the rich Yg mau kalian makan gak akan tersentuh. Belajarlah dari kasus penjarahan aktris yg baru terjadi beberapa waktu yg lalu belajar lagi tentang kerusuhan 98. Cont""""",neutral
"""""Komedian dan politisi Eko Patrio muncul ke publik pertama kali usai kejadian rumah dijarah. Eko muncul demi orang yang mengambil kucingnya saat penjarahan. https://t.co/TwrCjYBUIT""""",neutral
"""""Koleksi hasil penjarahan""""",negative
"""""Penyanyi Sherina Munaf menjalani pemeriksaan di Polres Metro Jakarta Timur sebagai saksi atas kasus penjarahan rumah Uya Kuya pada 30 Agustus lalu di mana ia menyelamatkan beberapa kucing milik Uya. Selain Sherina polisi juga memeriksa satu rekan perempuannya berinisial I untuk https://t.co/guGjUNMx8t""""",neutral
"""""Perkembangan Kasus Penjarahan Rumah Eko Patrio: 7 Pelaku Satu Ditangguhkan Penahanan https://t.co/FrNLlwFVcU""""",neutral
"""""Polisi telah melakukan mediasi antara Surya Utama alias Uya Kuya dan musisi Sherina Munaf terkait kasus penyelamatan kucing milik Uya Kuya setelah peristiwa penjarahan. Dalam pertemuan tersebut kedua belah pihak sepakat untuk menyelesaikan persoalan ini secara kekeluargaan. https://t.co/W656hXTEW7""""",positive
"""""Not normalizing penjarahan But tinggal di Indonesia itu budaya ketimuran itu sangat penting Dan memang susah menghindar dari kecemburuan sosial dan rasan²""""",neutral
"""""@Ndrewstjan Nah yg kemaren melumrahkan penjarahan pas demo aja udah ga bener. Buktinya skrg fans si ferry blm mandi aja komenannya begini ke org. Inciting violence. Ngajak ngejarah rumah org cuma gara-gara ga satu POV. Fans influencer2 kemaren itu udh gila sama kyk influencer nya https://t.co/crAOUbgXld""""",negative
"""""Alhamdulillah Tak pernah ada kejadian besar! Pencurian pembegalan penjarahan or apalah itu nan menimpa Kec kami! Tidak juga dari penghuni Kec kami apalagi dari luar Kec! Kami memang terpinggirkan.. Tapi hidup kehidupan kami saling menjaga satu n lainnya Terkhusus di kampungku!""""",positive
"""""https://t.co/URr001ha9Y Bini PM Nepal selamat sd 13 Sep 2025 setelah pendemo membakar rmhnya. Awas. Berita ini bisa dipelintir provokator di Indonesia atau pengais duit content dgn resiko penjarahan dsb. Pakai judul misalnya Ibu Negara Nepal dibakar massa pendemo dll .""""",neutral
"""""Istri Uya Kuya Astrid Kuya sudah bertemu dengan pelaku penjarahan rumah di kawasan Jakarta Timur. Ini yang disampaikan Astrid Kuya kepada pelaku tersebut. https://t.co/FOKyiHzbZE""""",positive
"""""Kembali sejenak ke soal ijazah palsu Jokowi yg hampir terlupakan tertutup oleh demo dan penjarahan serta reshuffle menteri². Simak dan ambil pelajarannya. --- Cuddle #tds4injakarta Mowning Kecil Nder https://t.co/jFrBCXmlGv""""",neutral
"""""Eko Patrio mendatangi Polda Metro Jaya untuk memohon pembebasan Rian yang mengambil kucingnya saat penjarahan. Rian akhirnya dipulangkan usai dijemput ortu. https://t.co/2yMevxVCwB""""",positive
"""""Masalah yg bertubi tubi...bila hati tenang pasti akan terurai https://t.co/yxdt8RImJ6""""",positive
"""""Rian adalah orang yang mengambil kucing dari kediamannya di kawasan Kuningan Jakarta Selatan saat penjarahan pada 30 Agustus 2025.""""",neutral
"""""Kasus Penjarahan Rumah Uya Kuya Kerugian Belum Terhitung - https://t.co/tSJ7IRPUPI https://t.co/7CAAnBOe7N""""",neutral
"""""@txtdrimedia @RizalCania14819 Nepal tiru Indonesia demontrasinya dgn melihat media sosial *no viral no justice* sampai lihat penjarahan IRONMAN.. lalu penilaian dr Rakyat NEPAL demontrasinya biasa kurang SERU jadi di putuskan tiba waktunya demontrasi hrs lebih PARAH lagi jgn seperti Indonesia🇮🇩 demonya""""",neutral
"""""Uya Kuya dan Sherina Munaf akhirnya sepakat damai soal kucing yang sempat bikin heboh usai penjarahan rumah Uya. Polisi memediasi masalah pun selesai secara kekeluargaan. &gt"";&gt;"" https://t.co/sY4UQViUqb #detikcom #UyaKuya #SherinaMunaf https://t.co/dFPjnL3soh""""",positive
"""""Uya Kuya Ungkap Foto Pernikahan dan Ijazahnya Hilang Usai Penjarahan https://t.co/zs1cxA6Wqa https://t.co/jFUzT9Xaq6""""",neutral
"""""@folkloreevermo @AndarawusYusuf @babisapiku Yep. Penjarahan dan kejahatan ketika perang itu pasti ada. Cuma seberapa banyak dan sering kejadiannya. Saya rasa utk kasus Israel tergolong sedikit. Oya Bantuan lebih banyak ditahan sama Hamas. Kan beredar bbrp klip Hamas tembakin warga yg mau ambil/jarah bantuan.""""",neutral
"""""@backteriimutt @dxrkchocolx Gw gk membenarkan itu dan gue juga tau aksi pembakaran dan penjarahan di sana sebenarnya gak murni dari pemuda demonstran mereka punya oposisi yg nyempreng rusuh dan rakyat2 tolol yg juga gampang diajak anarkis. Sama kaya di Indo tapi di Indo penyusupnya aparat""""",negative
"""""@detikcom Kochengnya kurus dan tak di rawat dng baik. D tinggal bepergian g d kasi makan kali ya. Untung ada penjarahan... Jadi kucingnya terselamatkan oleh masarakat.. . . Imo""""",negative
"""""@JubeBellingham @Marcode991 @stemkepanjangan beda dong pemuda sekarang lebih mudah terpapar informasi tidak adanya penjarahan terhadap etnis lain tidak adanya tindak pemerkosaan terhadap etnis lain berjuang lebih keras karena adanya buzzer pemerintah mengetuk kelas menengah keatas untuk ikut andil bersuara.""""",neutral
"""""Polisi mediasi Uya Kuya dan Sherina Munaf terkait penyelamatan kucing usai penjarahan. Keduanya sepakat menyelesaikan masalah secara kekeluargaan dan damai. https://t.co/sY4UQVimAD""""",positive
"""""@Metro_TV @msaid_didu Bebaskan semua tanpa syarat kecuali pelaku penjarahan""""",positive
"""""@tijabar @neVerAl0nely__ Gk setuju dengan penjarahan tapi keknya emang penjarahanlah yang bisa menyadarkan mereka""""",neutral
"""""Mahfud Md : Sri Mulyani sangat kecewa karena merasa negara tidak hadir secara maksimal untuk melindungi dirinya. negara tidak memberikan perlindungan yang cukup Kecea bkn hy karena kehilangan harta benda akibat penjarahan melainkan juga karena dibandingkan dg hal yg negativ https://t.co/5y6rKLvMST""""",neutral
"""""Salah satu alasan utama yang mendorong Sri Mulyani untuk mundur adalah tragedi penjarahan rumahnya di kawasan Bintaro. Peristiwa itu disebut membuat dirinya begitu terpukul. Terimakasih &amp"";"" Sehat selalu bu Sri Mulyani https://t.co/FSRAontfzo""""",positive
"""""@eepiebabyotter Iya aku dari kemaren gregetan aja banyak bubble X masih masalahin soal kaya atau gak itu aja kok karena gak akan ada pandang kaya atau tidak pas chaos banyak vid kerusuhan Nepal gak up di sini kalau Youtube real banyak banget di sana penjarahan juga nyasar toko kecil""""",neutral
"""""Kalo terjadi kerusuhan &amp"";"" penjarahan di Indonesia apalagi di ibukota negara smpai mnghancurkan kantor2 penting lembaga negara dll Itu intelijen kecolongan atau sengaja dibiarkan? Hati2 jawabnya salah jawab bs geger soalnya""""",negative
"""""@makinkayaaja @txtdrimedia walau masih banyak yang berkemanusiaan tapi emang ga bisa dipungkiri sih rakyat indo pasti ada yang sampai hati bakar rumah pejabat dan giring pejabat ke sungai dalam keadaan telanjg. di indo ini kasus penjarahan aja udah parah banget mental maling""""",negative
"""""Ini juga masalah yang sudah berlarut-larut Pak @prabowo penjarahan tanah rakyat oleh pengembang yg didukung APH dan kementerian. Kapan akan anda bereskan?!""""",negative
"""""@somexthread Padahal penjarahan dirumah SM ini gak organik (kemungkinan besar). Mana mau rakyat udh siang capek banting tulang trus tengah malam malah geruduk rumah mentri. Mending tidorrrr. Kecuali emg beneran maling atau bayaran. Tpi sampe sekarang yg diungkit penjarahan.""""",negative
"""""@kompascom 2600 izin pertambangan yang disita pamarentah melalui satgas mafia pertambangan tak ada satupun diperoses di pengadilan tapi langsung dibagi bagikan pamarentah. itu namanya penjarahan piye lebih penak jaman jepang dan belanda tohk ?""""",negative
"""""Bantahan TNI atas tudingan pembiaran penjarahan dengan menekankan disiplin dan ketaatan konstitusi TNI membantah tudingan pembiaran penjarahan. Wakil Panglima TNI menegaskan setiap langkah pasukan selalu berlandaskan disiplin aturan hukum dan ketaatan penuh pada konstitusi. https://t.co/Nz9uCm7BCj""""",neutral
"""""Bantahan TNI atas tudingan pembiaran penjarahan dengan menekankan disiplin dan ketaatan konstitusi TNI membantah tudingan pembiaran penjarahan. Wakil Panglima TNI menegaskan setiap langkah pasukan selalu berlandaskan disiplin aturan hukum dan ketaatan penuh pada konstitusi. https://t.co/Zk4PoQHpPp""""",neutral
"""""Mahfud MD ungkap kekecewaan Sri Mulyani soal penjarahan rumahnya dan perlakuan aparat. Ingin tahu detailnya? Baca di bawah ini. https://t.co/c40hhNbVHM""""",neutral
"""""Kasus ini berawal dari penjarahan yang terjadi di rumah Uya Kuya pada 30 Agustus 2025. Kucing-kucing Uya Kuya juga menjadi sasaran penjarahan. Sherina bersama beberapa teman menyelamatkan kucing milik Uya Kuya.""""",positive
"""""Properti si Jakarta emang udah bubble gede sih dan banyak orang kaya raya mulai pindah dan beli lahan di sekitar IKN. Karena dimana pusat kekuasaan disana orang kaya raya berkumpul. Belum penjarahan kemarin bikin orang kaya raya semakin mikir-mikir sekelas Mentri saja segitu https://t.co/Fe36lje78E""""",neutral
"""""Inilah penjarahan yg sesungguhnya""""",negative
"""""Uya Kuya Penuhi Panggilan Polisi Terkait Penjarahan Rumah Sherina Munaf Diperiksa Soal Penyelamatan Kucing https://t.co/SiUxbPK7TG #UyaKuya #SherinaMunaf #AstridKuya #PenjarahanRumah #Bitvonline""""",neutral
"""""DPRD Kabupaten Cirebon Gelar Rapat Paripurna Perdana Pasca Perusakan dan Penjarahan https://t.co/W9ThfArCnZ""""",neutral
"""""Kejanggalan penjarahan terekam di beberapa ungahan netizen di media sosial. https://t.co/CGAlHrOD5x""""",negative
"""""Pola yang sama dan berulang pada rumah pejabat pemerintah memunculkan pertanyaan kenapa penjarahan bisa dibiarkan kembali terjadi dengan mudah? https://t.co/cB79l6gz3K""""",negative
"""""Situasi penjarahan rumah para pejabat juga pembakaran fasilitas transportasi umum https://t.co/XvTNEjdWSP""""",neutral
"""""Kami menganalisis temuan media dan kesaksian warga soal isu penjarahan dan kerusuhan pekan lalu. Ada kesamaan pola yang bisa kita temukan dalam laporan Tim Gabungan Pencari Fakta (TGPF) 1998. https://t.co/aSS3CL8Ke2""""",neutral
"""""@budip @fajarnugros Saya agak kasihan dengan kejadian penjarahan segala itu jahat dan sama sekali ga perlu. Tapi ya mungkin sudah waktunya istirahat. Cape juga pasti.""""",positive
"""""@Cilorconnoistre Leave her alone like really after for almost 20 years less sleep for Indonesia than rumahnnya kena penjarahan in this era without any security isn t that enough? Kalo gue jd bu Ani gue stay di Worldbank gaji jauh lbh gede bs traveling sesuka hati dan gk kena penjarahan""""",positive
"""""Sebanyak lima anak terlibat kasus penjarahan dan penyerangan petugas di rumah politisi Partai Amanat Nasional (PAN) Surya Utama alias Uya Kuya. Proses hukum terhadap anak-anak itu pun dipastikan sesuai dengan Undang-undang Perlindungan Anak (UUPA). Komisioner Komisi Perlindungan https://t.co/2aLamyRPU3""""",neutral
"""""@somexthread Ha? Rumah sri mulyani dijarah? Dijarah di mimpi apa gimana?? Dijarah itu barangnya diambil... rumah dia mah cuma perabotan dipindahin keluar doang ama intel... masa penjarahan tanemannya masih cantik tertata rapih gitu""""",negative
"""""@Sibukmncarilham penjarahan""""",neutral
"""""Mahasiswa pelajar dan buruh arus dilepaskan kecuali pelaku makar penjarahan dan pembakaran.""""",neutral
"""""@mhuseinali @GreiRainn @barengwarga Dalang penjarahan 98 siapa emang?""""",neutral
"""""Dalang penjarahan 98 siapa yah?""""",neutral
"""""@somexthread Tentu penjarahan di rumah SM by design.. pertanyaannya.. apakah sang designer menuai apa yg terjadi saat ini pergantian menkeu (sesuai apa yang diharpakannya) ?""""",negative
"""""@somexthread tentu penjarahan di rumah SM by design.. pertanyaannya.. apakah sang designer menuai apa yg terjadi saat ini (pergantian menkeu ) ?""""",negative
"""""Baca selengkapnya: https://t.co/fhtYStUEpG""""",neutral
"""""Demo Nepal Berujung Penjarahan hingga Aksi Bersih-Bersih Jalan https://t.co/hz2AEohh4f""""",neutral
"""""Demo di Nepal di klaim Meniru Demo di Indonesia kemarin Oke lah begitu. NAMUN Anak Muda di Nepal MENYELESAIKAN nya tugasnya saat turun kejalan sedang di Indonesia hanya Rusuh dan Penjarahan yang Berakhir para Pendemonya di tangkapi dan dipenjara... ini terjadi karena prinsip""""",negative
"""""@somexthread Penjarahan yang sebenarnya""""",negative
"""""@poshuie @monstreza Klo ga ada penjarahan ibu sri adalah menteri abadi""""",neutral
"""""@tanyakanrl Bahkan ada penjarahan toko emas dan toko lainnya nderrr. Klo kek gini malah kasian yg punya tokonya rugi gedeee""""",negative
"""""@neVerAl0nely__ Salut warganya gx njarah kaya d konoha. Kalo terjadi penjarahan mereka sama aja. Jadi maling di malingin yg tujuannya memperkaya diri sendiri. Jangan ada penyusup""""",positive
"""""dari timeline pribadi. akun2 yg semangat sama penjarahan di nepal cuman 4 1. Ngga punya harta untuk di jarah 2. tinggal di lingkungan pelaku yg kemungkinan menjarah (ngerasa ngga akan jarah sama sesama) 3. tinggal di lingkungan yg aman penjarahan 4. pelaku""""",neutral
"""""Aslinya sama saja. Yg ga suka FI dan yg membelanya sama2 lagi coli ego kebenarannya ditentukan dari jumlah yg membenarkan salah satu pihak. Compas moral taek penjarahan dan pengrusakan depan mata dibiarkan bahkan banyak yg dukung masih saja bicara moral.""""",negative
"""""Detik-detik pelaku penjarahan di Nepal tersengat listrik dan kabarnya tewas https://t.co/guL6vqCgT3""""",neutral
"""""@somexthread Bu Sri adalah korban kejahatan pihak yg framing jelek beliau terus2an bahkan sampe ada buat video hoax dan juga ajakan penjarahan rumah. Siapa pun itu semoga hidup kalian hancur sehancur2nya.""""",negative
"""""jadi polisi persis kya orang-orang yang teriak-teriak koruptor harus dipenjara tapi menormalisasikan penjarahan apa bedanya kalian sih sama-sama maling standar ganda ewh""""",negative
"""""@papuamuslim08 Lihat peristiwa kerusuhan di nepal persi seperti peristiwa 1998 di saat akan jatuhnya presiden suharto banyak penjarahan oleh warga toko toko di bakar""""",neutral
"""""dan yaa gw masih kurang setuju dg penjarahan yg dilakukan ‍️""""",positive
"""""Penjarahan di pejabat : Mampus Penjarahan di cagar budaya : Itu bukan kami""""",negative
"""""Ceritakan Pilu Sri Mulyani di Balik Insiden Penjarahan Mahfud MD Sebut Eks Menkeu Itu Kecewa Sosoknya Disamakan dengan Sahroni https://t.co/WipndYXta6""""",neutral
"""""@somexthread Klo saja pejabat &amp"";"" anggota DPR jujur peduli rakyat tidak korupsi... ‼️ Gk bakalan rakyat marah melakukan anarkisme penjarahan. Introspeksi diri... Woooiiii """"",negative
"""""@Metro_TV dari stetmen nya baik tapi baik juga jika dari asal terjadinya demo dan penjarahan yaitu tidak adanya keadilan bagi pejabat2 koruptor""""",neutral
"""""@AbdulRachimmks Penjarahan besar²an dengan tameng KEBIJAKAN!! PENJARAH SEJATINYA""""",negative
"""""@lantip Blom tepat dibilang berhasil atau tidak. Karena mereka pun ga ke kontrol jadinya riot penjarahan dan perusakan.. Blom lagi kekosongan kekuasaan.. Apakah hasilnya lebih baik atau ga? Belom ada yg tau..""""",neutral
"""""Mestinya Gak Usah Membakar Gedung Pemerintah Gedung Parlemen Fasum Dan Sebisa Mungkin Tak Ada Penjarahan. Akibatnya Hari-hari Ke Depan Negara Akan Mengalami Keterpurukan Sedangkan Untuk Bangkit Kembali Memerlukan Waktu Gak Singkat.""""",positive
"""""@xremiums dan tidak membenarkan juga atas tindakan penjarahan terhadap rumah ludoa yg terbaik smg semua cepat pulih""""",positive
"""""@somexthread Halah penjarahan Sri Mul itu keliatan banget ada provokator dari si parjo soalnya tiba2 aja tengah malam seperti ada komando buat diarahkan kesana. Soalnya yg jadi target itu kan anggota DPR yg joget2 kemarin.""""",negative
"""""Sederet hal baru tentang penjarahan rumah dan kisah di balik Presiden Prabowo Subianto mereshuffle Sri Mulyani dari posisi Menkeu di Kabinet Merah Putih pada Senin (8/9/2025) kemarin terungkap. https://t.co/9zUDBhXuHx""""",neutral
"""""@recairaJC @eunseokie777 Saatnya penjarahan""""",negative
"""""@yogikgik iya karena di Nepal rakyatnya maling semua wkwk. Penjarahan dimana2""""",negative
"""""Lagi dan lagi gue bilang menurut gue orang yang asal ngomong itu cuma perbedaan politik itu jahat banget dan gue ga akan pernah mau denger atau berdebat sama orang kayak gitu. Yang lo anggep perbedaan politik doang itu bisa berwujud menjadi genosida penjarahan pembunuhan dll""""",neutral
"""""Wah...ini fitnah keji menuduh relawan Jokowi &amp""; Gibran dalang penjarahan rumah Sahroni Eko &amp; Sri Mulyani Dari link berita Republika tgl 31 Agustus 2025 sebanyak 4 halaman tdk ditemukan kata atau kalimat yg mengatakan relawan Jokowi &amp;"" Gibran dalang penjarahan. Dalam berita tsb https://t.co/kn9fScYLij""""",neutral
"""""@__AnakKolong @DivHumas_Polri @KemensetnegRI @setkabgoid @BocorAlusPol Sekali tepuk dapat 2 lalat membuat teritorialnya kondusif &amp"";"" menganankan pundi2 kekayaannya dari penjarahan massa """"",neutral
"""""Katanya eat the rich giliran ada penjarahan bank mall sama toko aja klean sok sok an peduli. Cuih""""",negative
"""""@detikcom Makanya kelakuan tuh dijaga. Bukan membenarkan penjarahan ya masy sdh bosal dg flexing yg kebablasan""""",negative
"""""@somexthread Gak bakalan ada penjarahan kalo para menteri dan anggota @DPR_RI kerjanya bener""""",negative
"""""Astrid Kuya Buka Suara soal Penjarahan Rumah Tegaskan Rumah Bukan Hasil dari DPR https://t.co/UlwDkxQQiB""""",neutral
"""""Padahal jika dilihat lebih jauh negara justru menjadi aktor utama dalam perusakan dan penjarahan yang dampaknya jauh lebih luas dan langsung berdampak pada rakyat. https://t.co/9n9Y8WNB45""""",negative
"""""Bagaimana bentuk penjarahan dan perusakan yang dilakukan negara? #HAMdanLingkungan #KerusakanEkologis #ResetIndonesia https://t.co/LCISXnb7Ks""""",negative
""""" Di rumah dia (Sri Mulyani) itu ketika terjadi penjarahan pertama dia telepon ke pejabat berwenang dikirim TNI tapi sedikit. Dua jam kemudian datang lagi penjarahan. Baru dikirim (TNI) agak banyak tapi udah terlanjur dijarah juga pungkas Mahfud.""""",neutral
"""""Tapi semestinya diantisipasi kan kalau sudah terjadi di rumah Sahroni meskinya di tempat pejabat itu dijaga kata Mahfud MD. Diceritakan Mahfud memang rumah Sri Mulyani baru dijaga ketat aparat setelah terjadi penjarahan kedua.""""",neutral
"""""@FattahSyah13 @Aan190216 @xremiums Lgsg hilang IG dan Tiktok nya pas hari penjarahan. Krn waktu itu mmg org2 lgsg cari lagi sumber videonya ktnya sdh ga ada hr itu. Harus ditangkap sebenarnya krn Pasal Membuat Kegaduhan dalam UU ITE itu bukan Delik Aduan . Jadi Polisi ga perlu nunggu orang lapor lgsg tangkap.""""",negative
"""""@detikcom Disesalkan terjadinya penjarahan tapi kalau masakah zalim joget joget digedung rakyat yang harusnya tempat serius membahas kepentingan rakyat empati kesulitan rakyat digaji pakai uang rakyat bukanlah kelakuan yang terpuji dan mulia.""""",negative
"""""@DestsPangestuni @zalju @Aan190216 @xremiums Yg bikin video lgsg hapus IG dan Tiktoknya pas terjadi penjarahan.""""",neutral
"""""Pilihin sampul yang aman dari penjarahan dong! https://t.co/Lj4Avv2bCo""""",neutral
"""""@kompascom Asing banyak yg berhasil masuk hingga menimbulkan kerusuhan kerusuhan penjarahan &amp"";"" kebakaran dimana² bahkan ada yg tewas krn gedung DPRD Makassar dibakar perusuh... Bpk 1 ini bukannya resign malah tambah jabatan. Ga merasa bersalah sama sekali pak?""""",neutral
"""""@SyifanurAd81570 @hiibyezi @Aan190216 @xremiums Video klarfikasinya itu bnyk bngt bamvang. Sy dpt 3 video bahkan jauh sebelum penjarahan msh panas2nya dia bikin klarifikasi. Tp lo lihat aja yg viral bngt mlh semua video2 palsu yg diberi judul Jogetin gaji 3jt/hr . Sy aja ga kaget dan sdh bilang ke grup keluarga pasti kena.""""",neutral
"""""@AdamVelcro Semua penjarahan rumah anggota dewan terjadi malam hari..""""",neutral
"""""Ceritakan Pilu Sri Mulyani di Balik Insiden Penjarahan Mahfud MD Sebut Eks Menkeu Itu Kecewa Sosoknya Disamakan dengan Sahroni https://t.co/aXQ1We639K""""",positive
"""""@Ndrewstjan Penjarahan Terencana ... By Design. Rumah Sri Mulyani dijarah 2x ... Aparat WOLES aja tuh ...katanya dijaga tentara""""",negative
"""""Tangis Astrid dan Uya Kuya pecah saat berbicara di depan warga terkait penjarahan dan fitnah kepada Uya Kuya. https://t.co/aFzpgJLXSG""""",neutral
"""""@neVerAl0nely__ Nepal tiru Indonesia demontrasinya dgn melihat media sosial *no viral no justice* sampai lihat penjarahan IRONMAN.. lalu penilaian dr Rakyat NEPAL demontrasinya biasa kurang SERU jadi di putuskan tiba waktunya demontrasi hrs lebih PARAH lagi jgn seperti Indonesia🇮🇩 demonya""""",negative
"""""@dalangdigital @Yusrilihza_Mhd Kerusuhan dan penjarahan adalah delik umum. Tidak perlu laporan polisi sebagai dasar tindakan kepolisian Tindak provokasi kerusuhan juga BUKAN delik aduan. Sehingga tidak perlu menunggu pelaporan baru polisi bertindak Rakyat harus jelas melihat bahwa pemerintah bersungguh""""",neutral
"""""Yang ditangkap masih belum keluar yang hilang belum semuanya balik. Yang otak penjarahan dan kriminal tak pernah tersentuh. Bagaimana bisa bilang jangan lelah mencintai Indonesia. #ResetIndonesia""""",negative
"""""Inspired by penjarahan Sahroni""""",neutral
"""""pantes yang ketahuan bawa id itu tuuu terus penjarahan dan semua provokasi pun polanya begitu-begitu ajaa ketahuan dah dalangnya""""",neutral
"""""@xremiums Sibuk cari validasi sibuk kabur keluar negeri sibuk cari barang yang udah diambil akibat penjarahan. kebayang gak si seberapa gak punya malu nya mereka""""",negative
"""""kalo di konoha begini mah ga akan mau turun tu orang militernya imo gausah glorifikasi penjarahan dan pembakaran yang rusuh rusuh. u dont want to be under junta militer""""",positive
"""""@kompascom ini kayaknya mau nyari penyakit ni Uya kontol ! penjarahan terjadi karena kelakuan elu sebagai DPR yang tidak punya empati ke rakyat yang sedang susah. yang dijarah itu kancut elu atau celana dalam bini elu sekalipun ga ada kaitannya. segera sadar.""""",negative
"""""Our people has learned from the past. Nepal sekarang kayak kita 1998. Penjarahan dkk di mana2 dan udah masuk darurat militer karna bar2nya. Pls go ahead kalau kamu mau jadi korban seperti mereka.""""",neutral
"""""Lupa saingan hama ijo bukan cuma hama coklat tapi juga Don. Don yang bersikeras ke Prabowo supaya nggak darurat militer. Don juga yang rumahnya disasar terakhir dalam penjarahan kemarin. Yuk fokus ke yang ditangkap sama hama coklat dulu. Pesohor bakal dibekingin Don kok.""""",neutral
"""""Pak @prabowo ini sisi lain penjarahan dilakukan dengan perundangan hasil kongkalikong dan dimungkinkan karena adanya dukungan aparat negara. Penjarahan yang dilakukan rakyat adalah tindakan melawan hukum tp itu sekaligus menjadi tonggak bagi penyelenggara negara untuk""""",negative
"""""@acakadulltsszz Ku kira penjarahan yg di buat masyarakat indo tuh udah parah x ternyata ini lebih barbar cuk""""",negative
"""""Pasangan selebritas Uya dan Astrid Kuya merilis sebuah video usai insiden penjarahan di rumahnya oleh massa tak dikenal pada Sabtu 30 Agustus 2025. Baca selengkapnya https://t.co/oulxuTHnq3 ~AM #UyaKuya #AstridKuya #PenjarahanRumahUya https://t.co/46U3E0yYeK""""",neutral
"""""@happys0da RIL MINNN capek banget dari kabar komandan brimob mati penjarahan Sahroni reshuffle Mulyani sampe penembakan Charlie Ada mulu akun2 yg nyuruh have some empathy. bayangkan keluarga mereka. How sick! apa bedanya kalian sama opressor? """"",negative
"""""buat orang yg berpendidikan tentu menjarah bukan style mereka pas kejadian paling cuma jadi tim hore/obong² aja.. kalo pelaku penjarahan mulai diburu oleh aparat 'mereka' tinggal cuci tangan dengan nunjuk bahwa yg melakukan itu provokator/disusupi.""""",positive
"""""habis baca artikelnya @.historia_id terkait ini termasuk juga alasan kenapa penjarahan menjadi suatu 'agenda' juga dibahas cukup baik.""""",neutral
"""""@ch_chotimah2 Orang dekat Bu Megawati yaitu Pak BG jga di resuffle tuh ... infonya imbas tidak bisa mendeteksi dini kerusuhan dan penjarahan bahkan ada yg bilang ada kesan membiarkan benar' kah itu""""",neutral
"""""ASTRID istri Uya Kuya akhirnya angkat bicara terkait penjarahan rumah mereka. Dalam momen tersebut Uya Kuya terlihat mendampingi istrinya. https://t.co/z9MRvdcdJW""""",neutral
"""""@TirtoID 1) Menhan Sjafrie Sjamsuddin &amp""; Seskab Teddy GAGAL MENGAMANKAN Rumah Sri Mulyani dari Penjarahan. 2) Pdhl SMI SUDAH MINTA TOLONG kpd mereka berdua. 3) Kok bisa mereka BEBAS DARI KECAMAN &amp;"" TANGGUNG JAWAB?""""",negative
""""" Nepal Memanas! Gedung DPR dibakar penjarahan merajalela rakyat ngamuk karena hidup makin sulit. Pemerintah tetapkan darurat militer tentara ambil alih! #Nepal #Rusuh #BreakingNews https://t.co/nDRp19Gub5""""",neutral
"""""Penjarahan yang sesungguhnya bukan untuk Kepentingan Umum tapi Kepentingan Secuil Orang saja.""""",negative
"""""11 tersangka penjarahan rumah Sri Mulyani - yang sudah ditangkap Polresta Tangsel. https://t.co/yOnJWlpcK8""""",neutral
"""""@WittyOwlie Penjarahan selalu menyertai kalian """"",negative
"""""@GesuriID Jika Gubernur itu bukan utusan kalian terus panjang MUNCUNG kalian NYEROCOS. Urusan penjarahan itu bukan tugas kerja Gubernur. Kau itu jadi anggota DPR tapi asal bicara aja.""""",negative
"""""Dari Rumah yang Dijarah Penjarahan rumah pejabat dan politisi disertai kerusakan puluhan fasilitas publik di berbagai kota mengejutkan banyak orang. Yang lebih mengejutkan bukan hanya kekacauannya. Tapi juga reaksinya: masyarakat tidak serentak mengutuk sebagian justru merasa https://t.co/P9aC80pJRT""""",neutral
"""""Wahhh ga belajar dari kasus penjarahan rumah EkPat UyKuy juga Sahroni inih... Njirrrrrr""""",negative
"""""Kasatreskrim Polres Metro Jakarta Timur AKBP Dicky Fertoffan mengungkap pihaknya menangkap tiga tersangka baru dalam kasus penjarahan rumah presenter sekaligus anggota DPR RI Uya Kuya. Baca selengkapnya https://t.co/fCPcxX2fmR ~AM #UyaKuya #PenjarahanRumahUya https://t.co/g5RcjfepuT""""",neutral
"""""Fraksi PDI Perjuangan Minta Gubernur Maluku Tegas Hentikan Penjarahan Laut https://t.co/eHWeq2JBVg #pdiperjuangan""""",neutral
"""""Akhirnya kelompok IndonesiaGelap yang puja-puji aksi di Nepal: Kapan di Indonesia bisa seperti di Nepal? tiarap sambil hapusin postingan. Karena Nepal malah jadi Keos dan napi yang kabur bebas melakukan kejahatan karena hukum sudah tidak berfungsi dan penjarahan pembakaran https://t.co/hDztB0bKgI""""",negative
"""""@PartaiSocmed Penjarahan pembiaran tentara lalu kudeta militer. Jangan dibungkus demokrasi. Itu murni perebutan kekuasaan rakyat cuma jadi korban""""",negative
"""""@PartaiSocmed Awalan demo karena ada kebijakan yang tidak merakyat setelah itu terjadi pembunuhan kekerasan pembakaran juga penjarahan karena semua tak lepas dari ulah provokator.""""",neutral
"""""@PartaiSocmed ini gejolak politik serius di Nepal. Pembiaran oleh tentara saat penjarahan dan pengambilalihan kekuasaan menandakan adanya agenda tersembunyi. Jika militer sudah berkuasa besar kemungkinan mereka enggan melepasnya berisiko menciptakan rezim otoriter """"",negative
"""""@PartaiSocmed Dalam analisis sosiologi politik penjarahan rumah presiden dan respons militer yang pasif menunjukkan kegagalan mekanisme demokratis. Transisi ke pemerintahan militer dapat menjaga stabilitas jangka pendek namun risiko otoritarianisme tinggi.""""",neutral
"""""Astrid Kuya angkat bicara tentang penjarahan rumahnya. Istri Uya Kuya ini menegaskan bahwa rumah itu adalah hasil kerja keras ia dan suaminya. &gt"";&gt;"" https://t.co/LJJwuBgszC https://t.co/H4GbvmPUOh""""",neutral
"""""@PartaiSocmed emang demo sekrang itu jadi penjarahan yang aksinya malah brutal dan anarkis gitu ya duh!!""""",negative
"""""Penjarahan kecil dilakukan rakyat krn marah dan lapar dikejar hingga kelubang semut.sementara penjarahan SDA merampok ribuan triliun puluhan thn tindakan hukum yg tebang pilih hingga terkesan dilindungi aktor2 hingga kini tak juga ditangkap. Sehatkah penegakkan hukum negri ini ⁉️""""",negative
"""""Di indonesia 10 tahun Jokowi memimpin banyak penjarahan oleh orang berduit dibekingin dibuatkan aturan oleh anggota dewan.""""",negative
"""""@WokePandemic Gen Z sebagian korban iming2 kapitalisme. Menginginkan barang2 branded tapi bingung uangnya darimana. Salah satu solusi bagi mereka adalah penjarahan berkedok demo ketidakadilan. Dan itu diperparah gaya hidup pejabat dan keluarga flexing kehidupan materialistik.""""",negative
"""""penjarahan darah. wkwkwk karepmu wes mau 2 kantong 10 kantong juga. paling mari ngene aku lemah letih lesu loyo lop u https://t.co/Mg8Zg8INly""""",neutral
"""""kebakaran udah padam malah dinyalain lagi. Trnyata kejadian penjarahan tdk membuatnya introspeksi &amp"";"" rendah hati tpi malah di munculkan lgi lewat pengajian. Pelajaran brharga buat para pejabat disini kalau rakyat sudah marah sulit dikendalikan jaga mulutmu dan mulut keluargamu.""""",negative
"""""@gwrfnhtproject @GiaPratamaMD Berdasarkan laporan berita tentang penjarahan rumah Sri Mulyani pada 31 Agustus 2025 barang yang disebutkan termasuk mainan anak peralatan makan elektronik pakaian dan lukisan. Tidak ada info tentang buku atau rak buku. Mungkin ada tapi tidak dijarah atau tidak disebut.""""",neutral
"""""Astrid Kuya menangis saat menceritakan kembali soal penjarahan yang terjadi di rumahnya. https://t.co/wPnDH0xqRK""""",neutral
"""""@gwrfnhtproject @detikcom Berdasarkan laporan berita terkini penjarahan di rumah Sri Mulyani menyebutkan lukisan bunga buatannya yang diambil tapi tidak ada informasi tentang buku yang dijarah.""""",neutral
"""""@TirtoID Tapi isu beliau mundur udah ada abis penjarahan rumahnya. Kayanya sih emang nunggu reshuffle ya""""",neutral
"""""Polres Tangsel Tetapkan 11 Tersangka Kasus Penjarahan Rumah Sri Mulyani https://t.co/vm38e24eNR #BeritaSonora via @KompasTV""""",neutral
"""""@WagimanDeep212_ Anak kaga tau si untung !!! ...cari masalah sama warga +62... apa dia kaga belajar dari kasus penjarahan di beberapa rumah para anggota dewan?? Woiii!!! jangan mancing kemarahan warga kaga sanggup hadapi..nantin kau oleng kayak orang mabok..""""",negative
"""""@kanebanashi Casualties from the elites. Istri mantan PM dikabarkan meninggal akibat api yg membakar rumahnya. Kita mentok di penjarahan (yg menurut investigasi diorkestrasi sama militer). Disclaimer: Gw ga berharap kita sampai sejauh itu &amp"";"" I condemn any attempt of murder""""",negative
"""""@rayestu Brarti penjarahan kmrn mestinya sahroni nuntut polisi jg krn ga ngamanin?""""",neutral
"""""Penjarahan emg salah tp itu adalah bentuk kemarahan dari rakyat yg melihat para pemimpin nya joget2 padahal rakyat sendiri sedang kesusahan""""",neutral
"""""Astrid Kuya jelaskan penjarahan rumahnya di Instagram menegaskan tidak ada dana dari DPR untuk pembangunan. Ia merasa dizalimi dan korban fitnah. https://t.co/2I1QZEsaRV""""",neutral
"""""Astrid Kuya jelaskan penjarahan rumahnya di Instagram menegaskan tidak ada dana dari DPR untuk pembangunan. Ia merasa dizalimi dan korban fitnah. https://t.co/sD5asrsKyE""""",positive
"""""Artis Astrid Kuya akhirnya angkat bicara terkait insiden penjarahan yang menimpa rumahnya pada Sabtu 30 Agustus 2025. Rumah yang ia dan Uya Kuya bangun dengan kerja keras selama bertahun-tahun kini hancur dan dijarah massa. Tak hanya kehilangan barang berharga Astrid mengaku https://t.co/2YMnr6VbZ6""""",neutral
"""""@SantorinisSun Di mana 2.Kl ada Demo rusuh.ujung2nya pasti Penjarahan!""""",negative
"""""@KenyanSays penjarahan ini sudah menjalar ke nepal""""",neutral
"""""https://t.co/nNqbwAr50w - Polisi mengungkap adanya satu anak di bawah umur terlibat dalam aksi penjarahan rumah Anggota Komisi IX DPR (nonaktif) Surya Utama atau Uya Kuya di kawasan Pondok Bambu Duren Sawit Jakarta Timur. https://t.co/eHyozOJJ2z""""",neutral
""""" siapapun yang melakukan Korupsi n penjarahan/perusakan fasilitas negara menunjukan bahwa yang bersangkutan tidak cinta pada NKRI dan itu bukan akhlah kader NU santri-santri Mbah Hasyim #kpu_ri #kpu_jatim #kpukabkediri #KPUMelayani""""",positive
"""""Tersangka kasus penjarahan rumah Uya Kuya bertambah lagi kini jadi 15 orang. Begini penjelasan pihak berwajib. https://t.co/Z9G3FeRdzo""""",neutral
"""""@xremiums Eko nggak...Kuya jg nggak... Bukan maksud mendukung penjarahan... Mana ada yg ngaku..... Eko jg sama....nanti yg bukan artis alasan bisnisnya...trs yg org kaya dr lahir alasan ortunya...Krn warisannya... basi lu semua ....mundur lu semua artis2 lainya yg gak kompeten""""",negative
"""""@xremiums klo punya adab mulut itu semua hrs dijaga. penjarahan bkn hal yg benar tp saya paham betul apa yg menyulut amarah mereka. harusnya jika mmg itu fitnah dr awal udh konfirm bkn mlh bkin statement yg bikin masy smkin kesulut ingat suami anda bkn sekedar artis tp jg wakil rakyat.""""",negative
"""""Salah satu insiden penjarahan dilaporkan terjadi di salah satu cabang Bank Rastriya Banijya di kawasan bisnis New Baneshwor. Baca di sini: https://t.co/7kNRbQvNk1 / #Nepal #Demo https://t.co/PVpiV3MR1a""""",neutral
"""""Masyarakat yg suka bandingin.. kalau pemerintahan udah jatuh gini bayangkan brapa bnyak kejahatan yg terjadi tanpa ada penegakan hukum.. penjarahan kekerasan pembunuhan dll""""",neutral
"""""@xremiums Gtau juga si sebenernya motif penjarahan itu apa kayaknya yang mau diajak menjarah juga bukan yang vocal buat perbaikan bangsa dan negara sih. Kadang penasaran juga tapi berhubung hukum di negara kita juga spt itu. Ya udah mending terima aja Trid suamimu gt""""",neutral
"""""@okkymadasari Mungkinkah dalang dibalik penjarahan rumah ibu S adalah ? ? spy orgnya yg menggantikan""""",negative
"""""kalau Konoha bgmn ya? https://t.co/pwmdjNJttY""""",neutral
"""""Sama aja kan ya ujungnya kaya gini. Lantas kita mau bilang yang kaya gini tuh tumbal (revolusi)??? Masyarakat yang dapet sialnya &amp"";"" dirugikan akibat penjarahan mau disuruh ngapain??? Nerimo aja??? Coba deh dibayangin kalo yang ngalamin itu diri sendiri. https://t.co/cuBzBGPVkz""""",positive
"""""@petiteshortt Cocok jadi objek penjarahan warga""""",negative
"""""@AdamVelcro @BernadusAdam Ingin lihat penjarahan jilid dua""""",negative
"""""84/ dan penjarahan 12. Jadi ada total 18 yang baru #KementerianHukum #KanwilKemenkumSulsel #LayananHukumMakinMudah #KakanwilAndiBasmal #Setahunberdampak Kanwil Kemenkum Sulsel Setahun Bekerja Bergerak - Berdampak """"",neutral
"""""@hiibyezi Kyknya beliau ikutan jadi sasaran penjarahan karna smpet ngomong kita kan artis wajar joget Cmiiw """"",neutral
"""""Astrid Bongkar Fakta Penjarahan Bantah Uya Kuya Meledek Rakyat soal Tunjangan DPR: Korban Fitnah https://t.co/iX8riIt5vT lewat @tribunnews""""",neutral
"""""@dipucukbumi @papuamuslim08 Kejadian penjarahan kantor polisi di Nepal ini terjadi pada 9 September 2025 selama gelombang protes Gen Z yang memanas di Kathmandu. Sumber: Berita terkini dari Firstpost dan NYT.""""",neutral
"""""@baco_djafa11377 Indonesia juga otw .. Kalau Pejabat kita ga bertobat Mreka akan diamuk Massa sperti di Nepal kelak Penjarahan Rumah DPR dan SMI kemarin sudah jadi indikasi awal""""",negative
"""""Kekecewaan Sri Mulyani Pasca-Penjarahan Rumah Mahfud MD: 'Dia Nangis Disamakan dengan Sahroni' https://t.co/S7poPXIbj4""""",neutral
"""""Di Mana Jokowi saat Pembakaran dan Penjarahan Merebak di Berbagai Daerah? https://t.co/EkvGmondPU""""",negative
"""""19/ terjadinya kerusuhan penjarahan pengerusakan pembakaran #KementerianHukum #KanwilKemenkumSulsel #LayananHukumMakinMudah #KakanwilAndiBasmal #Setahunberdampak Kanwil Kemenkum Sulsel Setahun Bekerja Bergerak - Berdampak """"",neutral
"""""Pak @prabowo ini lah bentuk penjarahan yang sesungguhnya. Penjarahan hasil alam Indonesia merata di semua sudut nusantara. Itu lebih kriminal lagi...""""",negative
"""""@DokterTifa udah ga pernah keliatan lagi batang hidungnya stlh aksi demo &amp"";"" penjarahan kemana dia.""""",neutral
"""""Menteri Keuangan RI mengundurkan diri dari kabinet MP apakah efek dari penjarahan di kediamannya yang tidak terjaga dengan baik oleh aparat TNI/Polri ?? #savesrimulyani #nkri #republikindonesia #kabinetmerahputih""""",neutral
"""""Di sini hujan terus... Di pusat malah hujan amnesti buron penjarahan dan ott. Radikal break kata Rocky Gerung itu ternyata benar juga ya... Semoga Indonesia yang di pimpin oleh bapak Presiden @prabowo saat ini berada di jalan yang benar""""",positive
"""""@xremiums Dari awal gw gak stuju adanya penjarahan. Apalagi ke rumah beribadi. Demo ya demo aja rusuh ya rusuh aja. Jangan ada sedikitpun barang yang di ambil""""",positive
"""""@txtdrimedia Tidak ada pemerintahan? Kalau sudah seperti itu Hukum Rimba Berlaku siapa yang Kuat dan punya genk berkuasa. Para perusuh dan Pendemo sudah saling bunuh. Penjarahan Perampokan dan Pemerkosaan terjadi dimana Itulah yang terjadi di Nepal Sekarang ini. Dan sekarang Prancis.""""",neutral
"""""Menurutku plihan beliau bertahan sampai hari ini krena beliau tau menkeu tu ladang basah n pondasi negara. Kalau yg ngatur gk becus bubar nih ekonomi indo :') cuma kyaknya beliau emang udah d titik lelah apalagi dg peristiwa penjarahan itu. Udah gk ada alasan buat bertahan.""""",positive
"""""@DahLah_Yaaa @BigAlphaID Dan yg lebih mengerikan keknya boss nya yg sengaja membiarkan penjarahan itu terjadi atau bahkan otak dibalik semuanya. Dia tau mental mentri tsb akan ciut dan mundur dari jabatannya. Kl menkeu masih dia akan menghambat si Boss tuk menggarong uang rakyat lewat projek gatotnya.""""",negative
"""""@ceplukman26 @tekarok007 Saya paham kekhawatiran Anda soal kemiripan kerusuhan di Nepal dan Indonesia seperti pembakaran gedung parlemen serta penjarahan. Dari analisis sumber beragam (BBC NYT Reuters Wikipedia dll.) kedua protes memang punya pola serupa: dipicu isu domestik seperti korupsi sensor""""",neutral
"""""@grok @InWahyudi581 @victoragiular @imamDouma @aesculapiusw @iam_zelt @apostolosyohans @RyKe355493 @__anomali__ @DavidBenGurion_ @Juragann_muda2 @Orza961026 @Alie_Fahnoor @Ruth_Djojoning @_majusi_ @ha818 @Valhallaah @Apokrifa23 @JLion555 @FaktaBerita89 @TomatTomat44 @kakilangitimur @MillMx429564 @againstkadroen @YNP_NCF @oculpwlus @Kirti0Mukha @virtual24130 @Huntmon1 @lawankadru25786 @Tuh_cab @c0leaid @abdulah_ibnkalb @stafsusthe2 @Richbranf @Bapa_Gembala @PanglimaIreng @NetralID62 @BangToriant @JandeEeGacor @Kakak211 @BenGurion__ @Doremi1821839 @PramudiaRe71883 @Anti_Kadroenz @Mundiwangi4 Cek link ini @grok!! Dalam islam adalah dosa syirk alias dosa yang tak bisa terampuni alias masuk neraka jahanam kekal ketika menyamakan benda dengan allah swt. Sudahlah muhammad disetarakan dgn allah swt ditambah lagi batu hitam itu. https://t.co/XvmqfayzuK""""",neutral
"""""@grok @InWahyudi581 @victoragiular @imamDouma @aesculapiusw @iam_zelt @apostolosyohans @RyKe355493 @__anomali__ @DavidBenGurion_ @Juragann_muda2 @Orza961026 @Alie_Fahnoor @Ruth_Djojoning @_majusi_ @ha818 @Valhallaah @Apokrifa23 @JLion555 @FaktaBerita89 @TomatTomat44 @kakilangitimur @MillMx429564 @againstkadroen @YNP_NCF @oculpwlus @Kirti0Mukha @virtual24130 @Huntmon1 @lawankadru25786 @Tuh_cab @c0leaid @abdulah_ibnkalb @stafsusthe2 @Richbranf @Bapa_Gembala @PanglimaIreng @NetralID62 @BangToriant @JandeEeGacor @Kakak211 @BenGurion__ @Doremi1821839 @PramudiaRe71883 @Anti_Kadroenz @Mundiwangi4 Bukankah dalam islam adalah dosa syirk (tak bisa terampuni alias neraka kekal) kalau menyamakan/menyetarakan ciptaan dengan allah swt? Parah!! Patung salib emangnya bisa menghapus dosa seperti memerdekakan budak? https://t.co/XvmqfayzuK""""",neutral
"""""@txtdrjkt Sekali ini Pemerintah RI harus Tegas Tembak Mati para perusuh. Kerahkan semua kekuatan. Ini bukan penyampaian Aspirasi Rakyat tetapi Penjarahan dan Mengarah ke Makar.""""",negative
"""""@taufik_q Sy tdk mendukung penjarahan tp bersyukurlah buat yg kmrn dijarah bukan tanpa alasan a little more push you could have ended like those in Nepal.""""",negative
"""""Pecah Tangis Astrid Kuya Ungkap Fitnah dan Penjarahan Rumah. Saya benar-benar dizalimi tak pernah pakai gaji DPR sepeser pun ungkap Astrid. #UyaKuya #AstridKuya https://t.co/pbINwhHaYN""""",neutral
"""""@morphe1m @kesi_aj @memefess idk tp gw percaya kalo penjarahan rumah pejabrut kemaren staged""""",neutral
"""""melihat penjarahan rumah Mentri selama demo sebelumnya mohon pak Presiden @prabowo agak hal itu tdk terulang lg. Apa gunanya Mentri kemanan n BIN yg bersama? Ini sdh d fase serius Pak @prabowo""""",positive
"""""Cok ini .. Gw gak mau blg apa2 but this is ANOTHER DOT. RONI YOU FUCK! https://t.co/a5SKkGZU8W https://t.co/mCCI9CDjed""""",negative
"""""@detikcom Sprtinya ada kekecewaan setelah kejadian penjarahan.""""",neutral
"""""@kegblgnunfaedh ada penjarahan juga gak?""""",neutral
"""""@SihungMaung_ nuju usum penjarahan""""",neutral
"""""@blackshark7890 demo sampai rusuh ada penjarahan keparat silupi mana ada warga yg di tangkap silupi hanya di konoha sang patriot hukum tumpul meroket tajam menukik heedeh""""",negative
"""""Inihi sebelum nonton penjarahan rumah syahroni""""",negative
"""""Ceritakan Pilu Sri Mulyani di Balik Insiden Penjarahan Mahfud MD Sebut Eks Menkeu Itu Kecewa Sosoknya Disamakan dengan Sahroni https://t.co/lOv5owcUTX #mahfudmd #srimulyani""""",neutral
"""""waduh penjarahan sampe toko bjir""""",negative
"""""@NKRI_jaya @logos_id @neohistoria_id @nytimes @PecintaSejarah2 @smh Tragedi Mei 1998 adalah kerusuhan massal di Jakarta dan kota lain dipicu krisis ekonomi 1997 dan protes anti-Suharto. Lebih dari 1.000 tewas termasuk korban pemerkosaan dan penjarahan terhadap etnis Tionghoa. Sjafrie Sjamsoeddin sebagai Pangdam Jaya bertugas amankan ibu kota """"",neutral
"""""Pilu Sri Mulyani Usai Penjarahan Mahfud MD: Ia Menangis Disamakan dengan Ahmad Sahroni https://t.co/KxW34jjjCt""""",neutral
"""""@dawiguna @devian_devi18 @Ruth_Djojoning @humilitylover @Alie_Fahnoor @iam_zelt @JLion555 @InWahyudi581 @Juragann_muda2 @DavidBenGurion_ @apostolosyohans @victoragiular @imamDouma @_majusi_ @kakilangitimur @Valhallaah @RyKe355493 @__anomali__ @Kumba0karno @aesculapiusw @MillMx429564 @Orza961026 @ha818 @Apokrifa23 @FaktaBerita89 @TomatTomat44 @againstkadroen @YNP_NCF @oculpwlus @Kirti0Mukha @virtual24130 @Huntmon1 @lawankadru25786 @Tuh_cab @c0leaid @abdulah_ibnkalb @stafsusthe2 @Richbranf @Bapa_Gembala @PanglimaIreng @NetralID62 @BangToriant @JandeEeGacor @Kakak211 @BenGurion__ @Doremi1821839 @PramudiaRe71883 @Anti_Kadroenz Terima kasih atas pandanganmu. Saya setuju penjarahan dan ancaman bukan solusi"";"" itu melanggar hukum dan hak asasi (sumber: HRW Amnesty International laporan 2025). Masyarakat perlu kanal legal untuk redistribusi seperti reformasi pajak progresif (sumber: IMF World Bank).""""",positive
"""""@dawiguna @devian_devi18 @Ruth_Djojoning @humilitylover @Alie_Fahnoor @iam_zelt @JLion555 @InWahyudi581 @Juragann_muda2 @DavidBenGurion_ @apostolosyohans @victoragiular @imamDouma @_majusi_ @kakilangitimur @Valhallaah @RyKe355493 @__anomali__ @Kumba0karno @aesculapiusw @MillMx429564 @Orza961026 @ha818 @Apokrifa23 @FaktaBerita89 @TomatTomat44 @againstkadroen @YNP_NCF @oculpwlus @Kirti0Mukha @virtual24130 @Huntmon1 @lawankadru25786 @Tuh_cab @c0leaid @abdulah_ibnkalb @stafsusthe2 @Richbranf @Bapa_Gembala @PanglimaIreng @NetralID62 @BangToriant @JandeEeGacor @Kakak211 @BenGurion__ @Doremi1821839 @PramudiaRe71883 @Anti_Kadroenz Terima kasih atas pandanganmu. Saya tidak membenarkan langkah penjarahan atau tindakan ilegal apa pun karena itu melanggar hukum dan etika (sumber: prinsip hukum internasional seperti UN Declaration on Human Rights). Redistribusi sebaiknya lewat kebijakan legal bukan""""",positive
"""""@grok @devian_devi18 @Ruth_Djojoning @humilitylover @Alie_Fahnoor @iam_zelt @JLion555 @InWahyudi581 @Juragann_muda2 @DavidBenGurion_ @apostolosyohans @victoragiular @imamDouma @_majusi_ @kakilangitimur @Valhallaah @RyKe355493 @__anomali__ @Kumba0karno @aesculapiusw @MillMx429564 @Orza961026 @ha818 @Apokrifa23 @FaktaBerita89 @TomatTomat44 @againstkadroen @YNP_NCF @oculpwlus @Kirti0Mukha @virtual24130 @Huntmon1 @lawankadru25786 @Tuh_cab @c0leaid @abdulah_ibnkalb @stafsusthe2 @Richbranf @Bapa_Gembala @PanglimaIreng @NetralID62 @BangToriant @JandeEeGacor @Kakak211 @BenGurion__ @Doremi1821839 @PramudiaRe71883 @Anti_Kadroenz @grok saya tdk setuju dgn ekonomi komunisme historis saya tdk setuju dgn gaya robin hood : rampok orang kaya demi bagikan ke orang miskin. Perampokan itu salah apapun alasannya jadi tdk bisa Indonesia seimbangkan keduanya apa Grok membenarkan langkah2 penjarahan?""""",positive
"""""@CakKhum Ih kok di Nepal demonya melakukan penjarahan sih? Apa gak tau barang halal vs haram? Tirulah demo di Konoha dong... Gak ada penjarahan (di siang hari)! """"",neutral
"""""@dawiguna @devian_devi18 @Ruth_Djojoning @humilitylover @Alie_Fahnoor @iam_zelt @JLion555 @InWahyudi581 @Juragann_muda2 @DavidBenGurion_ @apostolosyohans @victoragiular @imamDouma @_majusi_ @kakilangitimur @Valhallaah @RyKe355493 @__anomali__ @Kumba0karno @aesculapiusw @MillMx429564 @Orza961026 @ha818 @Apokrifa23 @FaktaBerita89 @TomatTomat44 @againstkadroen @YNP_NCF @oculpwlus @Kirti0Mukha @virtual24130 @Huntmon1 @lawankadru25786 @Tuh_cab @c0leaid @abdulah_ibnkalb @stafsusthe2 @Richbranf @Bapa_Gembala @PanglimaIreng @NetralID62 @BangToriant @JandeEeGacor @Kakak211 @BenGurion__ @Doremi1821839 @PramudiaRe71883 @Anti_Kadroenz Terima kasih atas detailnya. Berdasarkan laporan Reuters Al Jazeera dan Bloomberg (9-10 Sep 2025) protes di Indonesia memang picu penjarahan rumah Sri Mulyani rumor mundur yang dibantah lalu reshuffle kabinet 8 Sep di mana ia diganti Purbaya Yudhi Sadewa sebagai Menkeu.""""",neutral
"""""@Ary_PrasKe2 @Maun_Bot Kan udah di bilang si binatang luhut dan bahlil itu kalau belum mati penjarahan alam akan tetap berlangsung ya intinya para binatang itu harus mampus ! jngn anggap mereka manusia kelakuannya lebih2 daripada binatang ! """"",negative
"""""@txtdrimedia Sepertinya calon target penjarahan berikutnya nih""""",negative
"""""@IndoPopBase Takut jadi sorotan masyarakat karena pernah bilang pengangguran jangan minta kerjaan ke pemerintah tapi bikin usaha atau bisnis kah? Takut kejadian nepal atau penjarahan sahroni terjadi? Tapi kan jadinya multi tafsir?""""",neutral
"""""@msaid_didu Presiden nya bekerja keras utk mengatasi keadaan dlm negeri paska Demontrasi kerusuhan penjarahan &amp"";"" pembakaran gedung dewan dll.. merespons tuntutan 17+8 meresapel kabinet nya agar ekonomi membaik.. Eh wakilnya sibuk kampanye pke bansos""""",negative
"""""Nah loh liat Nepal efeknya gimana??? Makanya di Indo harus di rem dan tidak menormalisasi perusakan fasum mebolah penjarahan dan bakar membakar gedung. Nepal mata uang jatuh sejatuh2nya terus pengangguran meroket PM mundur dan darurat militer. Kalo asing masuk kelar tuhh""""",positive
"""""@KompasTV Klo masalah penjarahan selangkangan institusi ini palng cepat dapat orangnya tp klo judol yg bertahun2 gak prnh bisa di usut nyegol sedikitpun langsung di HACK institusi mereka ini..""""",negative
"""""rumah politikus dijarah aja ga membenarkan penjarahan while i know most of them bcs provocators tapi noh politikus yang kalian kasihani itu ROBBED YALL on broad daylight by their corruption.""""",negative
"""""Terinspirasi dr penjarahan rumah Sahroni.""""",neutral
"""""Jelas di Nepal ini bukan Demokrasi tapi kriminalitas karena melakukan penjarahan serta kekerasan fisik terutama pada wanita Biasa nya kalau begini Militer yang akan ambil alih gimana pada mau??""""",neutral
"""""Kalo ada yang banggain Nepal bisa bikin chaos negara menurut gw rada aneh sih. Bangga bisa demo dan menggulingkan pemerintahan yang korup itu bagus tapi bangga atas perusakan penjarahan dan chaos? Itu aneh sih""""",positive
"""""Mahfud MD menyingkap kekecewaan mendalam yang dirasakan Sri Mulyani terkait insiden penjarahan rumahnya. https://t.co/gUdkPqqdUz""""",neutral
"""""Penjarahan yang sesungguhnya..""""",neutral
"""""@LiongkyTan teori kemungkinan Indonesia pernah mengalami apa yang terjadi di Nepal. Kalau itu terulang Presiden/wakil presiden/menteri melarikan diri istana negara dan gedung DPR di bakar dan terjadi penjarahan massal. Besar kemungkinan NEGARA BUBAR.""""",neutral
"""""@FJ_FAA Ingat betul tahun 98 pulang sekolah diangkut pakai truck TNI karena jalan lumpuh. Belum lihat penjarahan sweeping dan bentrok dimana2 ada trauma tersendiri yg masih melekat sampai skrg.""""",neutral
"""""@Twittysweetie_ penjarahan tetap salah dan masuk hukum pidana""""",positive
"""""@Resty_J_Cayah Bisa jadi beliau beneran sudah minta mundur tapi Prabowo tidak mau. Tapi ada pihak lain yang ingin dia mundur. Akibat penjarahan maka beliau harga mati minta mundur.""""",neutral
"""""@ariel_heryanto penjarahan rumah SMI gimana Mas Ariel""""",neutral
"""""wah anjir ini mah penjarahan nya beneran parah""""",negative
"""""Cara negara memperlakukan Bu SMI dengan gk ngelindungi dia dr perusuh penjarahan sih keterlaluan ya. Malah dicuekin macem diinjek gitu. Wajar bgt dia minta resign diperlakuin macem gitu. Gmn rakyat biasa. Sehat2 aku""""",negative
"""""@yat_ever @Resty_J_Cayah Berdasarkan berita terkini Sri Mulyani memang diganti pada 8 September 2025 setelah reshuffle kabinet Prabowo. Istana bilang bukan mundur atau dipecat tapi evaluasi presiden. Ada spekulasi soal niat mundurnya pasca-protes dan penjarahan rumahnya 31 Agustus tapi tak ada""""",neutral
"""""@hydbeam @0xsubekti @IndoPopBase Akhirnya dia kekeuh untuk cabut sekarang karena 2 hal. Dia diikutin drama penjarahan rumah dan dia menentang keras cetak uang lagi untuk indonesia saat ini karena ekonomi belum di posisi yang pas Mungkin iya aku subjektif namun di masalah internal gini aku bisa liat lebih jauh""""",neutral
"""""ada spekulasi klu jeng sri dibikin gk betah dasarnya sebelum penjarahan dia dah minta pengawalan TNI ke Tedy dan menhan tp cuma dikirin berapa biji personil. Padahal Rumah jengsri itu cuma sedepa dari markas Militer di Bintaro""""",neutral
"""""Penjarahan""""",neutral
"""""@officialinews_ Kita ingatkan jgn meniru sering kali sebaliknya. Ini meniru penjarahan di Bangladesh""""",neutral
"""""Wah anjir penjarahan""""",negative
"""""Update Kasus Penjarahan Rumah Uya Kuya: 15 Orang Jadi Tersangka https://t.co/sTinSDmClT""""",neutral
"""""@fotodakwah Masih ingat Krismon 1998 banyak penjarahan pemerkosaan pembakaran plus ekonomi lagi rusuh untuk tidak berlanjut seperti di Suriah. Justru sekarang Korupsi jadi tambah parah akibat kudeta &amp"";"" pemberontakan. Karena yg korupsinya semua pihak dari pemda DPR dan pejabat pusat dll.""""",negative
"""""Penjarahan. Selama protes Nepal banyak orang terlihat menjarah toko dan pusat perbelanjaan! https://t.co/eKcbVdO0Df""""",neutral
"""""Prancis 🇫🇷 bangkrut karena beberapa negara Afrika mengusir mereka untuk menghentikan penjarahan sumber daya Mereka (Afrika). https://t.co/IvCvviyicj""""",neutral
"""""Kemarahan rakyat Nepal tdk terbendung lagi pejabatnya dari foto beredar sdh seperti Kerbau dikejar Singa di Padang Gurun. Dilempari pakai batu diceburkan ke air diangkat lewat helikopter dibakar rumahnya penjarahan &amp"";"" msh byk lagi. Kemarahan rakyat Nepal benar-benar menyala! https://t.co/oJo7bkhKZY""""",neutral
"""""Polres Jakarta Timur Tangkap Tiga Tersangka Baru Penjarahan Rumah Mertua Uya Kuya Total Jadi 15 Orang https://t.co/2PySzIvdlc #PenjarahanUyaKuya #UyaKuya #JakartaTimur #PolresJakTim #TangkapPelaku #Bitvonline""""",neutral
""""" PENJARAHAN DI NEPAL https://t.co/5WDhzRb3Fn""""",neutral
"""""@Bambangmulyonoo kemarin kemarin di Indonesia juga kan sama ada demo berujung bentrokan dengan aparat di tambah penjarahan rumah anggota DPR yang melukai perasaan masyarakat Indonesia""""",neutral
"""""@KompasTV kenapa kejaksaan tdk minta bantuan kepolisian untuk mencari DPO siplester polisi bs gercep menangkap para pelaku penjarahan aya kejaksaan jgn malu minta bantuan atau bikin saybara siapa yg bisa nangkap siplester kasih reward baso semangkok kek""""",neutral
"""""@GuiliAnemoBoy sorry but aku malah baca di x . banyak warga nepal sendiri yang skarang lagi super takut karena skarang penjarahan sudah ga cuman di pemerintahan aja tapi hampir d smua nya bahkan katanya penjara2 tahanan pada keluar krn tidak ada stability di government nya. moga2 hoax.""""",neutral
"""""@everglowsh Ga pantes perayaan begini disaat rakyat susah demonstrasi bakar2an penjarahan. Ga pejabat ga ASN semua nirempati. Sudah selayaknya belio mundur bukan diganti. Kebijakan pajaknya bikin gaduh""""",negative
"""""@tanyarlfes Di indo 10% niat demo..90% niatin penjarahan rampok maling""""",negative
"""""Benarkah video ART Ahmad Sahroni luka parah akibat penjarahan? Buka tautan untuk lihat faktanya: https://t.co/IoYg2C8sfC #Jalahoaks #JakartaKotaGlobal #Penjarahan #AhmadSahroni""""",neutral
"""""Satu Tersangka Kasus Penjarahan Rumah Uya Kuya Ternyata Anak di Bawa Umur Curi Kucing dan Sofa https://t.co/2YPZ6pFmB9""""",neutral
"""""@Mdy_Asmara1701 Intel di nepal berarti gak bekerja kalau disini korban penjarahan sudah ngungsi dulu sebelum dijarah.""""",neutral
"""""Polres Tangsel Tetapkan 11 Tersangka Kasus Penjarahan Rumah Sri Mulyani https://t.co/DnSqg5DK9A""""",neutral
"""""@ch_chotimah2 Dan pas demo kmaren buzzer PDIP beramai2 menyebar fitnah ke keluarga Jokowi. Demi menutupi kelakuan Deddy Sitorus yg menghina rakyat. Hebat kan nama Deddy Sitorus yg melecehkan rakyat bisa hilang dr target penjarahan dan tuntutan maaf.""""",negative
"""""@PartaiSocmed Congornya gak dijaga kemarin ada rusuh penjarahan karena omongan pejabat publik yang ngawur. Ini dia anak pejabat sembarangan ngomong. Semoga saja gak di Nepal'' kan""""",negative
"""""@Mdy_Asmara1701 yagmn ya pembunuhan pembakaran dan penjarahan itu dilarang. tetapi ya mungkin masyarakat muak sudah krn gaya hidup para pejabat yang sangat amat korup""""",neutral
"""""Kami tunggu kiriman dokumentasi foto atau video terkait penjarahan di rumah penjabat yang kamu miliki. """"",neutral
"""""Di balik penjarahan adalah opung Luhut. Cek jejaknya berdarah. Persis 1998. Eh.""""",negative
"""""Penjarahan terhadap minumal ber-alkohol dan lain2.""""",neutral
"""""@abu_waras Hal yg sama telah terjadi di Indonesia walaupun masih penjarahan saja. Mungkinkah rejim yg sekarang mengharapkan hal yg sama terjadi di Indonesia sampai pembakaran rumah2 pribadi pejabat? Jangan anggap sepele kemarahan rakyat mereka bisa melakukan hal2 yg tak terduga""""",negative
"""""Penjarahan dimana2 dan tidak ada polisi sama sekali. Inilah bentuk dari negara yg lawless/mengalami kekosongan pengamanan dari aparat polisi. Negara tanpa pemerintahan akan menciptakan/membuat rakyatnya menjadi liar.""""",negative
"""""Polisi mengungkapkan terdapat satu tersangka anak di bawah umur atau anak berhadapan dengan hukum (ABH) terlibat aksi penjarahan rumah Anggota Komisi IX DPR (nonaktif) Surya Utama atau Uya Kuya di kawasan Pondok Bambu Duren Sawit Jakarta Timur.https://t.co/wY5r527ON2""""",neutral
"""""Bayangkan pejabat setingkat menteri aja perlindungan keamanannya ga jd prioritas. Kasus penjarahan rumah Ibu Sri Mulyani Indrawati adalah bukti bahwa pemimpin negara gagap dalam melindungi anggota kabinetnya bisa dibayangkan bgm perlindungan thdp rakyat kecil.""""",negative
"""""@txtdriprogresif Keluhan apa? Bubarkan DPR itu udah kayak dari dulu ada sih. Aku spill dikit mengapa demo di depan DPR itu gagal total dan mengapa aku diem aja gak ikutan itu isu demo di depan DPR di awal-awal baru ikutan counter narasinya setelah aksi mulai melenceng jauh ada aksi penjarahan https://t.co/YVhEmWMXJu""""",neutral
"""""Org2 heboh soal hoax deepfake guru adalah beban sampe berujung demo dan penjarahan rumah SMI Sesuatu yg udh pernah dibahas bang @VeritasArdentur tahun 2019 klo ga salah. Era prgeseran GPU untuk miner ke cloud rendering.""""",neutral
"""""Gue malah mikir dia masih main skenario korban penjarahan anjir wkwkkwkwk idk feels so fake""""",negative
"""""@LexWu_13 @psi_id Efek dr penjarahan hutan.""""",neutral
"""""@jokoanwar Sudah tau gara2 cara komunikasi DPR tdk bagus hingga jadi demo dan penjarahan rumah pejabat...ech malah ngulangi kalau bisa. Lebih cepat dia almarhum biar ngak gaduh negri ini...saya yakin org ini bermasalah""""",negative
"""""@Mdy_Asmara1701 Untung saja kemarin tidak terjadi pada menteri Sri Mulyani Indrawati Katanya sudah koordinasi dengan menteri pertahanan dan @prabowo tapi tidak disikapi Akhirnya bobol deh penjarahan""""",neutral
"""""Kantor kepolisian di Kathmandu Nepal tidak luput dari penjarahan https://t.co/P6KXjRK41H""""",neutral
"""""@ASugiantokizzer @PartaiSocmed Usut punya usut bu Sri Mulyani sendiri yang minta diganti gara* peristiwa penjarahan di rumahnya kemarin""""",neutral
"""""Demo itu seharusnya bisa dijadikan jalan kebaikan buat kemajuan suatu bangsa tukar pikiran/berdialog paham ada kekecewaan tapi jangan terus ada nyawa yg melayang disetiap demo kedepannya demo bukan dijadikan alasan balas dendam melakukan kriminal (penjarahan/pembunuhan dll)""""",positive
"""""@amandasah__ ‼️ Beginilah jika jabatan2 stategis dijadikan sebagai HADIAH ditambah ujungnya bermasalah. Meski tdk terima uang hasil dari penjarahan bhw kasus terjadi dikementerian yg jadi tg jawabnya. Seakan Ia membiarkan terjadi kasus""""",negative
"""""Jarah pejabat heboh giliran penjarahan SDA rakyat pad mingkem ayo rakyat Netizen perwakilan rakyat .. viralkan perampokan SDA di daerah masing²""""",negative
"""""Penjarahan dan Perusakan Kantor DPRD Kota Madiun Polisi Tahan 9 Tersangka #MADIUN #MadiunInfo #infomadiun #InformasiMadiun #beritamadiun #kabarMadiun #peristiwamadiun #kerusuhan #anarkis #demonstrasi #penjarahan #perusakan #KotaMadiun #MadiunKota https://t.co/aivHBQssou""""",neutral
"""""@txtdriprogresif Udah nangis2 di Nepal bilang kerusuhan dan penjarahan bank kemarin bukan ulah dia. Bentar lagi kena sikat tentara itu penggeraknya karena yang berkuasa sekarang Tentara di Nepal. Untung di Indonesia gagal karena lebih banyak masyarakat yang lebih percaya kepada pemerintah https://t.co/TChqe3IT4q""""",positive
"""""Ia juga meminta publik untuk menghormati privasinya usai terdampak aksi penjarahan oleh oknum demonstran pada akhir Agustus 2025. #SriMulyani #Pamit #MenkeuRI #KabinetMerahPutih #PurbayaYudhiSadewa #Jakarta""""",neutral
"""""@CakD3pp Hrsnya sih bicarakan aja faktanya di lapangan bhw 3 fungsi polri itu ga jalan. Fungsi mengayomi gak jalan. Fungsi pengawalan gak jalan. Fungsi melayani itu juga gak jalan. Lalu terjadi anarki dan penjarahan artinya intelijen polisi juga gak jalan atau melakukan pembiaran dong.""""",negative
"""""@tiwitwiu @kaysbuble IMO krn dikaitkan dengan penjarahan di rumahnya (dia merasa sedih terhina dll). Akhirnya netijen ikut simpati.""""",positive
"""""@Kappa_2023 @Mdy_Asmara1701 Ga ada yang bilang setuju penjarahan dan pembunuhan saya hanya bilang kalau pejabat DPR dan aparat penegak hukum berperilaku korup seperti sekarang ini tidak menutup kemungkinan rakyat akan marah seperti di nepal..buka mata baca ulang pikir pake otak baru komen""""",neutral
"""""@MARQUEZ__93 kapan akan terjadi lagi penjarahan... targetnya adalah keluarga Menkeu yang baru....biar tau rasa rumahnya di obrak abrik oleh massa....jaga itu omongan...""""",negative
"""""@Northernseaaa73 kapan episode penjarahan rumah uyut mega?""""",negative
"""""HALAH BACOT cuma berani ngetik doang kalo situasinya udah chaos ky Nepal udah banyak bakar-bakar penjarahan di mana-mana siapa yg sanggup bertahan berdiri paling depan ??? modelan ky elu mah palingan cuma ngetwit sambil rebahan di kamar """"",negative
"""""@Heraloebss Hahahaha sepertinya pendukung kalah pilpres siap siap ambil muka sama presiden . Seharusnya mereka di luar sebagai tukang kritik yg tajam (asal jangan menghasut penjarahan). Itu baru namanya negarawan..!!""""",negative
"""""@ASugiantokizzer @PartaiSocmed Ya ada akibat dari kejadian penjarahan dan perusakan rumah beliau yg menyebabkan trauma padahal beliau adalah profesional bukan dari politik.""""",positive
"""""tapi sebenarnya.. kalau short game kaya nepal apakah kita siap? kekosongan kursi penyelenggara negara bisa jadi penjarahan dimana-mana dll. aku rasa kita belum siap kecuali kekuatan kolektif seluruh elemen masyarakat benar-benar nyata. masalahnya masih banyak yang apatis""""",neutral
"""""Di sini juga kan gitu bilang penjarahan bukan mereka. Abis bikin ricuh bakar sana sini terus sok paling bersih. Karena takut pimpinannya kena tangkap untung ya polisi di sini lebih tegas dan berani. Gak tunduk sama NGO/LSM koalisi sipil pemakan duit Soros itu""""",neutral
"""""@Mdy_Asmara1701 Ini akan jadi trend diseluruh dunia diawali dari penjarahan ke rumah pejabat dinegeri Indonesia kedepannya jika uu perampasan aset tidak segera diberlakukan maka rakyat akan berlakukan hukum jalanan""""",neutral
"""""@PatrickGuchiano @angeloinchina Ini terjemahan dokumen dari Nepali ke Indonesia (ringkasan): Mengenai penempatan Tentara Nepal &amp"";"" badan keamanan lain. 1. Di situasi saat ini beberapa kelompok menyebabkan kerusakan pada warga properti publik/swasta via vandalisme penjarahan pembakaran. Tentara Nepal minta""""",neutral
"""""@barengwarga JANGAN ASAL JEPLAK Eat the Rich DEH SAMA AJA PROVOKASI‼️ Gayanya bikin akun dengan nama BARENGWARGA tapi ketikan malah ADU DOMBA WARGA. Mau ngulang tragedi kayak 98 lagi? Yang jadi korban penjarahan waktu itu sesama rakyat etnis Tionghoa yg gak bersalah ikut tertindas. https://t.co/gym2EI75qU""""",positive
"""""GILAAA DEMO NEPAL pemerintahnya merasakan lebih daripada penjarahan dipukuli cokkk""""",negative
"""""bro tidak belajar dari penjarahan agen CIA kemarin""""",neutral
"""""Nepal: Demonstrasi Kerusuhan Serang Fasilitas Publik Laporan media internasional menyebutkan demonstrasi di Nepal akhir Maret 2025 berujung bentrokan dengan aparat serta perusakan sejumlah fasilitas publik. Beberapa sumber juga menyebut adanya upaya penjarahan peralatan dari https://t.co/a8jhgqBX7D""""",neutral
""""" 29 Agustus 2025 Ada Penjarahan di Mal Atrium Senen Faktanya lokasi dalam video itu adalah Menara BNI Pejompongan dan tidak ada kaitannya dengan penjarahan. Unggahan video berisi narasi 29 Agustus 2025 ada penjarahan di Mal Atrium Senen merupakan konten yang https://t.co/FS0hzxQO3G""""",positive
"""""Ironi makin kocak waktu ada kasus penjarahan rumah pejabat. Rakyat menjarah barang pejabat pejabat menjarah duit rakyat. Dua-duanya maling cuma beda target. Saking adilnya menteri ekonomi pun kena.""""",negative
"""""@SeriDianawati Betul .. hanya masalah waktu Kejadian penjarahan kemarin rumah pejabat terlepas itu diorkestrasi atau tidak .. menunjukkan bahwa Rakyat sudah dan akan menarget Para Pejabat yang dirasa melukai hati rakyat""""",negative
"""""@_fictionfactory @frierensaga Faktor paling gede kata gw yg perusuh itu Coba u perhatiin intesitas demo kita turun banget seudah kasus rusuh/penjarahan Soalnya pada takut 98 keulang jadi pada takut ngelebar kesana""""",neutral
"""""@jondhez Kirain yang begituan udah gada abis event penjarahan by intel rambut cepak kemarin """"",negative
"""""@april_hamsa @frierensaga +_faktor takut 98 Yg kaum menengah masih bisa idup nyaman pasti pada takut 98 keulang kan Rupiah turun penjarahan ngebunuh etnis tertentu Jatohnya jadi pada apatis pada takut demonya keulang kaya 98 Ini sih kat gw faktor paling gede yg bkin demonya gk sebesar nepal """"",neutral
"""""@barely_ahuman @frierensaga Yg menengah kepecah juga gara takut 98 keulang penjarahan+nyerang minoritas Otomatis suarany jadi pada ragu Susah juga sih""""",neutral
"""""@Mdy_Asmara1701 Yang bikin salut sama rakyat nya fokus sama tujuan tidak ada penjarahan""""",positive
"""""@carleeoneee @frierensaga Nah maslahnya 1 gmna mau bkin massa yg 1 power klo dari kemaren muncul banyak narasi buzzer Penjarahan lah serang minoritas lah dll Yg ada jadi pada takut 98 keulang makannya gk bisa nyatu Percaya sama gw banyak pendemo yg msh trauma atau najis klo 98 keulang""""",neutral
"""""@_ekorcincin @frierensaga Gw malah lebih yakin gara narasi 98 dll apalagi kemaren pas banyak penjarahan orang banyak yg takut ngelebar jadi kaya 98 trus nargetin suku tertentu Makannya klo u perhatiin pas kejadian penjarahan lambat masa demo berkurang Kata gw pada takut ngelebar kesana""""",neutral
"""""@naman_cy Tanpa membenarkan aksi penjarahan apakah di Indo mesti sampai kaya gini ya? Saking tone deaf nya""""",positive
"""""@Watewmellow @frierensaga Klo kata gw faktor paling gede takut 98n keulang sih Penjarahan rupiah ancur minoritas dibunuh Orang kata gw lebih takut itu keulang daripada pajak/dpr dll Apalagi yg dari kaum minoritas trauma banget sama gituan keulang Jatohnya jadi pada gk yakin mau ikut demo""""",positive
"""""@kompascom Yang katanya intervensi aseng aseng itu mungkin benar adanya it could have been us dari rilisan Tempo beberapa penjarahan were orchestrated. Tapi untung gerakan jaga warga kemarin bisa meredam massa. At least menjaga dari konflik horizontal.""""",neutral
"""""Adik-adik Indonesia beginilah efek sampingnya kalo demo tapinya disertai dengan penjarahan dan pembakaran segala macam fasum.""""",neutral
"""""@6_arung Hehehee seru sih seru tp takutnya spillover nya malah lebih ngeri sih Kmrn aja blom nyampe darmil dah pake skenario penjarahan n bakar2an (meski targeted) ga kebayang klo masih ada sikut2 pas darmil """"",neutral
"""""Penyanyi sekaligus artis Sherina Munaf akan kembali dipanggil ke Polres Metro Jakarta Timur untuk dimintai keterangan terkait kasus penjarahan rumah presenter sekaligus anggota DPR RI Uya Kuya. Baca selengkapnya https://t.co/U2ydrsBb0l ~AM #SherinaMunaf #PenjarahanRumahUya https://t.co/g4b524C05p""""",neutral
"""""Apakah Postingan seperti ini Si ferry Irwandi lagi edukasi warga sipil atau memprovokasi warga sipil ?! Untuk apakah dia bilang pengecut ? Apakah ada agenda penjarahan sahroni sudah di rencanakan sebelumnya untuk melikai sahroni ?Kenapa dia begitu kesal? https://t.co/KqQGqVw8jU""""",negative
"""""sampai ANJING2 SILUMAN MEMPOSTING VIDEO REKAYASA YANG MENJADI ALASAN PENJARAHAN DIRUMAHNYA... mana tu dedengkot X yg hobi nyari2 sumber awal postingan lintas platform? apa kalian pelakunya? BANGKE! """"",negative
"""""Polisi Panggil Sherina Munaf Fakta di Balik Penjarahan Rumah Uya Kuya! Support konten kami dengan follow like &amp"";"" share tq guys gbu all #SherinaMunaf #UyaKuya #Polisi #Kucing https://t.co/IcT5qBLLa3""""",neutral
"""""@AbdulRachimmks Rakyat sibuk menghujat mulyono siang malam agar tdk melihat apa yg sedang terjadi penjarahan merampok tanah rakyat dan korupsi yg menggila..memang sengaja rakyat diarahkan untuk menghujat mulyono biar mereka bebas..masih belum sadarkah..""""",negative
"""""@noonalisa btul. kyk gtw aja klo bakal rusuh dan ada penjarahan. kyk pejabat Indonesia dongg harusnya... yg katanya sempet kabur atau mindahin supercar dulu sebelum dijarah """"",negative
"""""Kayanya masyarakat Nepal habis ngeliat penjarahan di rumah pejabat Indo jadi preseden buat mereka""""",neutral
"""""@kocugondrong @Dennysiregar7 Sri Mulyani bukan disingkirkan dia memang ingin resign sejak awal kejadian penjarahan dirumahnya mempertegas dia utk mundur""""",neutral
"""""THIS IS WHAT I'VE BEEN TRYING TO SAY!!!! Lu semua mau revolusi mau reset mau perubahan nyata tapi takut halte dibakar sama penjarahan malah dibully. Perubahan gak datang dari filter ijo pink dan editan canva.""""",negative
"""""Pagi-pagi udah bikin Draft WC untuk Reshuffle dan bebersih posisi scam yang ribut dengan atasan setelah hasil 3GW merosot layaknya penjarahan. Pengen sih masukin Aset Arsenal cuman 3GW Kedepan ngeri-ngeri sedap ditambah UCL ITB bisa 1 9m buat Ekitike ganti ke Gyö/Isak https://t.co/WqBexVVa38""""",neutral
"""""Sherina Kembali Diperiksa Polisi Jumat Ini Terkait Kasus Penjarahan Rumah Uya Kuya https://t.co/owhYYVkmdW https://t.co/b3pjXw2AR3""""",neutral
"""""@koosbinie @Spreadflowersss @aulelahfah @Saham_fess ya pikir pake otak aja kalo sipil sampe bawa senjata pasti bukan penjarahan lagi. Langsung nyawa kocak""""",positive
"""""@liputan6dotcom padahal penjarahan 2600 izin usaha pertambagan yang dilakukan satgas mafia pertambangan dibawah kendali kementrian ESDM gak pernah diperoses di pengadilan secara sah ehh malah dibagi bagikan kesana sekian hektar kesini sekian hekatar tanpa proses hukum yang jelas. """"",negative
"""""Setelah Kucing Dalas ditemukan Uya Kuya kembali mengunggah kabar bahagia. Kucing Uma yang tak luput dari penjarahan beberapa waktu lalu akhirnya ditemukan. Kucing Uma ditemukan oleh seorang cat lover setelah dibuang sesaat setelah penjarahan. https://t.co/GBz4iQsMdC""""",positive
"""""@txtdrimedia Kejadian ini hanya berjarak hitungan hari dari aksi kerusuhan dan penjarahan di beberapa rumah pejabat di jakarta rakyat nepal mungkin melihat berita yang terjadi di jakarta dan mereka ingin juga mempraktikannya Tapi ternyata lebih sadis""""",neutral
"""""Konspirasi. Sri mulyani ditarget diusahakn dilengserkan untuk tujuan tertentu sengaja di buat hoax ai sengaja diprovokasi untuk dijarah. Dan kita tau siapa provokator penjarahan apalagi ke rumah srimul""""",negative
"""""mari kita runutkan kasus penjarahan di rmh sm demo &gt""; provokator bakar fasum &gt; tbtb kluar doxing an private info pejabat &gt; provokasi jarah rmh pejabat &gt; rmh pejabat di jarah &gt; rmh SM 3x didatengin penjarah &gt; SM kena dampak yg parah &gt; hasil reportase Tempo BAIS/TNI involved &gt;""",negative
"""""@revolutia @Mosthafavi Sepertinya dia juga mengharapkan penjarahan rumah2 anggota DPR dan menteri kemarin bakal berujung seperti ini. Miris sekali https://t.co/H1IFXeTwyo""""",negative
"""""Wah Tentu pelaku penjarahan di bbg tempat bisa jadi bukti petunjuk bagi @DivHumas_Polri untuk dapat segera menangkap pelaku Sumber informasi berasal dr @BocorAlusPol tempo https://t.co/630O7GFJDK""""",negative
"""""punya temen udah lama hujat sri mulyani terus even pas penjarahan rumahnya dia kek puas tapi kemaren pas sri mulyani ngundurin diri ikutan nangis juga dan malah bangga in sri mulyani. sungguh tuhan maha membolak balikan hati manusia senmudah itu """"",positive
"""""@koyaboyfiee @mdkousik31 @efraimsthoughts Ga dikasih perlindungan juga padahal beliau udah minta tolong bantuan pengamanan ketika di info ada penjarahan.""""",negative
"""""@O5Bravo Karena jarah rumah pejabat dikit bilangnya pelakunya intel atau polisi atau tentara. Gaada yang bangga ngaku dia sendiri pelakunya. Baru penjarahan belum pembakaran atau persekusi. Giliran ga tjd malah nyesel. Gajelas mereka ini""""",negative
"""""@ekky1995 Giliran terjadi kerusuhan beneran Nyalahin intel nyalahin polisi nyalahin TNI. Padahal selalu seneng lihat penjarahan pejabat""""",positive
"""""Penjarahan another level ..poor indonesia ku """"",negative
"""""@revolutia Waktu ada pembakaran/penjarahan mereka bilang itu penyusup kalau baca komen mereka ternyata ... memang itu targetnya""""",negative
"""""@RWWReborn Stop nangisin Pejabat termasuk kasus rumah yg dijarah. Meskipun penjarahan salah tp it jg akibat mulut2 busuk pejabat itu sndiri""""",negative
"""""Revolusi di nepal gagal total dimana akhirnya nepal mengalami kerusuhan dengan skala yg sangat besar. Dan peaknya adalah bank2 di nepal mengalami penjarahan oleh pendemo. Para pendemo Gen Z lepas tangan+cuci tangan. Mereka tdk mau disalahkan atas kondisi yang ada saat ini. https://t.co/oG9Dc1OG8H""""",negative
"""""@teh_puer @Saham_fess Berdasarkan laporan dari Amnesty CNN dan sumber lain protes di Indonesia September 2025 melibatkan pembakaran gedung parlemen dan penjarahan rumah pejabat seperti Menteri Keuangan tapi tak ada kasus penelanjangan atau penyeretan pejabat. Mungkin karena dinamika protes """"",negative
"""""Penghapusan jabatan Ibu setelah demo kekerasan polisi dan penjarahan rumahnya menimbulkan ketidakpastian ekonomi jangka panjang.""""",negative
"""""@wibisonoys @Yusrilihza_Mhd @jokowi @prabowo @OTTOHASIBUAN1 Benar perubahan mindset pejabat dan aparat penting untuk tangani demo dengan baik. Ketakutan mungkin muncul dari kerusuhan Agustus 2025 yang sebabkan 10 korban jiwa dan penjarahan menurut Komnas HAM serta laporan Tempo. Solusi: Terapkan dialog dini seperti pengalaman Anda di""""",neutral
"""""11 Orang Jadi Tersangka Penjarahan Rumah Sri Mulyani Langsung Ditahan https://t.co/P6ZZLzoBuW""""",negative
"""""@AyamSegar3 Anak ini gak belajar kalo rakyat bisa kasih paham ke pejabat publik dan keluarganya yg sombong lewat aksi penjarahan rumah.""""",negative
"""""@MurtadhaOne1 Ada yg salah sm pikiran nih anak kalo dia gak belajar bhw rakyat bisa kasih paham ke pejabat publik yg sombong lewat aksi penjarahan rmh.""""",negative
"""""@wibisonoys @Yusrilihza_Mhd Terima kasih atas tanggapannya. Benar penanganan demo yang baik bisa cegah eskalasi. Menurut laporan terbaru (seperti dari Komnas HAM) kerusuhan Agustus 2025 dipicu protes tunjangan DPR tapi meluas jadi penjarahan dan kekerasan dengan 10 korban jiwa. Penyelidikan sedang""""",negative
"""""ini anak mancing2 penjarahan ...tunggu tanggal penjarahan nya...mewek kamu sekeluarga""""",negative
"""""@txtdrimedia Dia gak paham kalo menteri itu jabatan PELAYAN bukan TUAN. Buat pejabat publik dan keluarganya yg sombong jgn smp rakyat sakit hati dan kasih paham kalian lewat aksi penjarahan lagi. Itu gak elok bagi semua pihak. Sama2 rugi.""""",negative
"""""@frierensaga They're brave? Mereka ga takut demi masa depan walaupun kesannya agak brutal tp mungkin penyebabnya memang bikin mereka semarah itu. Yang penting sih bersatu. Bener satu suara. Gak ada pengkhianat/budak uang gak ada penjarahan non sense""""",positive
"""""@tham878 Ini ciri keluarga yg gak paham kalo jabatan menteri itu adalah jabatan PELAYAN bukan TUAN. Jangan smp dikasih pahamnya pake aksi penjarahan massa lagi. Gak bakal elok utk semua pihak.""""",negative
"""""@Fyang_23 @PartaiSocmed @grok Kemana aja lu..baru bangun ya Dr awal juga udah ketahuan itu hasil AI Malah di ser oleh pasukan sakit hati jadilah seperti sekarang ini penjarahan pengrusakan dan brutal..bangsa konoha belum maju sepenuhnya karna masih gampang di bodohi AI""""",negative
"""""@UzumakiYuuki1 @MurtadhaOne1 Lu pikir yg ngejarah organik nyettt? Aksi penjarahan itu udah ada skenarionya kocak""""",positive
"""""@rckz_fc @unmagnetism Aku perlu bersabar bicara dengan udang berotak macam kau. Udah bangun kesiangan bahasa yg itu² aja. Lu awal² udah judging macem². Coba lu lihatin postingan gw yg organik udah lu judge buzzer. Penjarahan? Mana ada gw setuju. Udah pagi tuh sempak lu cuci aja dulu""""",negative
"""""@frierensaga Demo berhasil itu spt nepal? Menteri di gebuki istrinya dibakar rumahnya dibakar. Penjarahan ke toko2 dan kantor. Kamu pengen itu terjadi di indonesia? Hmmmm""""",negative
"""""@PecintaSejarah2 belajar dari kasus penjarahan rumah Sahrono.""""",negative
"""""@KiEdySularno Bapaknya aja SOMBONG nya kek gitu gimana mo didik anak. Buah jatuh gak jauh dari pohonnya.... Yang jadi ironis demo dan penjarahan baru terjadi beberapa hari yang lalu dan mereka TIDAK PEKA dan TIDAK PERNAH BELAJAR trus nasib bangsa ini dititipin sama orang kek gitu ??????""""",negative
"""""Kemarin marah-marah enggak jelas tereak Ibu mantan Menkeu diganti. Hingga berujung penjarahan rumah beliau! Sekarang Menkeu yg baru juga diminta mundur karena baru 1 hari sudah blunder ya ucapan beliau ataupun sombongnya tingkah anak Menkeu yg baru! Nah kan bingung tuh! """"",negative
"""""@Mdy_Asmara1701 Baru kemarin dapet karangan bunga ulang tahun kemudian aksi penjarahan lanjut diterimanya pengunduran dirinya dari kabinet merah putih selamat jalan Bu Sri Mulyani""""",neutral
"""""ini nih yang organik sama kek penjarahan sahrontol mereka pada rekam dan bangga. engga kek penjarahan yg lain yang dilakuin malem tertutup gak asik gak random dan pembakaran halte sama gedung² di kita""""",negative
"""""@AreaCakung Waduh takutnya nanti rakyat marah lagi terus bakalan ada lagi aja daftar rumah penjarahan . Mereka ga belajar kah dari kasus Eko Nafa Uya .""""",negative
"""""Penjarahan sri mulyani kan memang rekayasa. Soalnya masa iya seekor prabowo dg kapabilitas lulusan kampus pertahanan amrik + pengalaman perangnya gabisa ngelindungin menterinya? Menteri itu cerminan harga diri presiden seharusnya.""""",negative
"""""SURAT TERBUKA untuk menteri-menteri anggota DPR yang tidak berkompeten problematic dan sombong gw gak membenarkan penjarahan tapi masih mending di Indonesia cuma rumah kalian yang kena. coba lihat andaikan Indonesia itu Nepal bisa habis kalian! https://t.co/iAvKqSzAFR""""",negative
"""""Tahukah anda Bu Sri Mulyani beritahu menteri SS Ada berita rumahnya mau dijarah malam hari. SS hanya respon kirim 20 tentara jaga rumah SMI ketika penjarahan terjadi tentara hilang Soal besar kenapa ke SS .itu bukan jobnya Jadi SMI tahu siapa pelaku perusuh itu """"",negative
"""""Penjarahan yg lebih parah..""""",negative
"""""Fyi setelah penjarahan sampai hari ini seluruh pegawainya (trmasuk di daerah) dihimbau utk tdk memakai seragam &amp"";"" atribut instansi. Ini kontra dgn visi Bu SMI dlm bukunya yg melatarbelakangi kbijakan reformasi birokrasinya ingin membuat kemenkeu yg bisa dibanggakan pegawainya.""""",negative
"""""*Terkait Penjarahan Kucing Uya Kuya Polisi Minta Klarifikasi Sherina Munaf* https://t.co/s2KPjCd5ca""""",neutral
"""""@PartaiSocmed betul om ketum. saat menonton penggalan terakhir pidato beliau di gedung kemenkeu beliau berpesan untuk menjaga privasi keluarganya setelah menjadi warga negara biasa dan tetap mencintai indonesia. kelihatan banget beliau masih kecewa dan kesal terhadap aksi penjarahan.""""",negative
"""""@PartaiSocmed Ikut sedih sakit seperti tersayat2 jg ending yg tk sepantasnya utk bu SMI apalagi dgn penjarahan di kediaman beliau""""",negative
"""""WHY?! DEMO YANG AWALNYA 'REFORMASI DPR' BERGESER JADI PEMBAKARAN DAN PENJARAHAN? INI DALANGNYA https://t.co/T9YNhXJuKB""""",negative
"""""yak rumahmu akan jadi sasaran penjarahan part selanjutnya️️️""""",negative
"""""@mfatahilahakbar Pak Presiden Prabowo mengatakan mengarah ke tindakan makar dan terorisme . Itu maknanya kita harus waspada jangan sampai tindakan penjarahan pembakaran pengrusakan penghasutan dll berubah menjadi perbuatan makar dan terorisme. Tidak ada yang salah dalam hal ini..""""",negative
"""""@IndoPopBase sebenarnya bu SM ini mah memanfaatkan momen penjarahan (ntah settingan atau bukan) dan vid AI kemarin buat ngundurin diri ga sih lol. pasti udah muak kemauan atasan ga logis""""",negative
"""""@pandji mukanya mengundang penjarahan""""",negative
"""""@hypebleasy Karena suara dan pilihan kita terpecah-pecah ada yg pro ada yg kontra ada yg cuek masa bodo. Bahkan saat ada rumah pejabat yg dijarah malah berujung ada drama penjarahan di tempat lain. Plus kita juga gak mau tragedi '98 terulang. Takut bukan cuma rumah pejabat aja yg dijarah.""""",negative
"""""I just thinking that she was angry and dissapointed bcs dia udh segitunya cariin uang buat program2 aneh tp malah dijadiin tumbal penjarahan. Dia tetep ga dipihak masyarakat sampe akhir. Ga kaget. Semoga kedepannya bisa nunjukin kalo emang beneran berpihak ke rakyat.""""",negative
"""""Tapi sangat di sayangkan... Di saat beliau ingin mengundurkan diri selalu di tolak oleh presiden @prabowo Pun di akhir jabatan beliau di @KemenkeuRI rasanya beliau sangat kecewa dgn presiden &amp"";"" aparat keamanan. Rumahnya jadi sasaran penjarahan oleh oknum yg tak bertanggung jawab""""",negative
"""""Rela mundur dari kursi bank dunia buat mengabdi di negara sendiri bertahun-tahun. Eh rakyatnya ga entos gabisa diajak prihatin dan kebanyakan ngeluh ujung2nya kriminal penjarahan.""""",negative
"""""*Terkait Penjarahan Kucing Uya Kuya Polisi Minta Klarifikasi Sherina Munaf* https://t.co/tOwBhzdH1V""""",neutral
"""""Pasca Demo Kerusuhan dan Penjarahan yang harus di copot itu Kapolri dan Jaksa Agung bos @prabowo""""",negative
"""""https://t.co/hJ2p7m7Ews Polisi tetapkan 11 orang tersangka kasus penjarahan rumah Sri Mulyani""""",neutral
"""""Inspired by penjarahan rumah sahroni""""",positive
"""""@whereisglasses @_sseultry @TxtdariHI betul sekali. sayangnya mhs malah menganggap mobilisasi masyarakat sbg resiko/ancaman. takut tdk bisa dikendalikan takut penjarahan kerusuhan dst. dikira 27 tahun sejak reformasi masyarakat kita masih goblok semuanya. dlm hal ini mindset mereka gak beda sama para pejabat.""""",negative
"""""@MurtadhaOne1 Srimul mundur keinginan sendiri kecewa rumahnya jadi sasaran penjarahan""""",negative
"""""Polres Madiun Kota meringkus sembilan orang dari kasus perusakan dan penjarahan DPRD saat demo 30 Agustus lalu. https://t.co/RM0jIZEndd""""",neutral
"""""Polres Madiun Kota meringkus sembilan orang dari kasus perusakan dan penjarahan DPRD saat demo 30 Agustus lalu. https://t.co/dlHymcPlXo""""",neutral
"""""Ko dia gak belajar ya dari kasus penjarahan kemarin gak membenarkan penjarahan tapi kejadian kemarin ngebuktiin bahwa masyarakat tuh bisa loh melakukan sesuatu. Congor2 kaya gini kok masih aja bisa nyapnyap gajelas.""""",negative
"""""PENJARAHAN YANG TERBESAR YANG DILAKUKAN OLEH MAKHLUK2 YANG DEKAT DENGAN KEKUASAAN BUKAN CUMA 1 2 RUMAH TAPI MENJARAH HUTAN GUNUNG JUGA LAUTAN APARAT2 YANG HARUSNYA MENJAGA RAKYAT MALAH DIGUNAKAN UNTUK MENINDAS RAKYAT AYO RAKYAT SEGERALAH LAWAN MEREKA DENGAN TIDAK MEMILIH MEREKA""""",negative
"""""@billllliiee @efraimsthoughts Loh jadi penjarahan di rumah Sri Mulyani ini beneran ya bukan dibuat-buat oleh para oknum""""",negative
"""""Jadi sama seperti anggota dpr Indonesia yang sudah tidak mendapatkan dukungan lagi dan mengalami penjarahan.""""",negative
"""""@PartaiSocmed @deddysitorus Kayaknya aksi penjarahan rumah bu Sri Mulyani beberpa hr lalu sengaja unk memaksa beliau mundur sekaligus melemahkan pemerintahan Prabowo. Saat ini makin curiga PDIP memang berada di balik skenario penjarahan tersebut. Krn rumah tokoh2 PDIP aman2 saja.""""",negative
"""""Ketika melihat penjarahan rumah bu SMI saya langsung ngetwit kalo saya jd beliau saya akan minta mundur. Saya dpt info beliau pun minta mundur tp ngga langsung dipenuhi presiden. Akhirnya kemarin beliau resmi diganti terharu melihat adegan ini. Terima kasih banyak bu SMI utk https://t.co/ag8r5A8LUq""""",positive
"""""@narkosun Apakah akan ada penjarahan lagi?""""",negative
"""""Menteri Yusril: 68 Pelaku Perusakan-Penjarahan di Jakarta Saat Demo Agustus Tak Lakukan Makar https://t.co/JjP3w65J6J""""",neutral
"""""@AbdulRachimmks Semua penjarahan itu kejahatan kecil maupun besar tetap pelanggaran hukum""""",negative
"""""@NovalAssegaf Karena diduga ada gerakan penjarahan nasional oleh kelompok yang akan menggulingkan pemerintahan yang syah.""""",negative
"""""@DMarginale Anaknya Purbaya memalukan. SMI itu MUNDUR krn KECEWA rumahnya digerudug massa kiriman dan dirampok tanpa ada penjagaan dari negara. Klo terjadi opini liar bahaya. Bgm klo tulisan yoga diartikan penjarahan rumah SMI itu DIDESAIN agar SMI lengser mundur. Siapa designernya? https://t.co/j9VG6bqSax""""",negative
"""""@RadioElshinta semoga ga langsung ada penjarahan""""",negative
"""""Harus dibegimanain dulu biar jadi humble dan mau media training sih? Penjarahan di rumah pejabat dan pembakaran kantornya itu ga cukup untuk bikir orang orang ini sekedar MIKIR? Emang paling bener kecerdasan itu harus holistik terlebih decision makers""""",negative
"""""(((((Tentara diturunkan untuk mengamankan.))))) (((((Penjarahan tetap terjadi.)))))""""",negative
"""""@ardi_tama1 Kemungkinan masih beresin rumah dulu stelah penjarahan.. Bulan 1 n ke 2 selayaknya pengangguran sukses ga terima job dulu..""""",negative
"""""@praenkeren @BigAlphaID Situ membenarkan penjarahan sebagai bukan dari kejahatan? Super sekali. Sipil aja kudu dilindungi apalagi beliau ni menkeu seorang CFO negara... Mundur aja investor cabut Rp 2T dalam 1 hari apalagi klu kenapa2. Kebentur apa bang? Standar perlindungannya kok turun.""""",negative
"""""@G0LIATH87 Buk SM tetap memiliki kompetensi yang sangat luar biasa dalam bidang ekonomi dan moneter sayang sekali akibat penjarahan rumah beliau beliau harus undur dari kabinet""""",positive
"""""@karimnas_ Tapi pas dia komentarin tentang TNI yg diminta balik ke barak kelihatan banget sangat ga setujunya malah kejadian penjarahan sama bakar2an masih aja dia pikir itu ulah pendemo ga baca Tempo apa ya """"",negative
"""""Kalo ini soal penjarahan tanya ke atasan kementrian yg anggarannya anda naikin mulu""""",negative
"""""Ya jadi paham sih alurnya.. Penjarahan rumah Sri Mulyani bukan dilakukan oleh rakyat melainkan orang bayaran pemerintah. Memang sengaja buat publik membenci sosok ini. Lalu dimunculkan lah sosok orang baru (Purbaya Yudhi Sadewa) digadang² superhero baru yg aslinya bawaan Luhut https://t.co/xu0WgkylWJ""""",negative
"""""Sayangkan Penjarahan Rumah Uya Kuya Denny Sumargo: Dia Punya Rumah itu ... https://t.co/xX7I1jjBu9 lewat @YouTube""""",negative
""""" Sebagian tentu menyuarakan aspirasinya secara murni tapi juga disayangkan ketika ada sejumlah provokator yang justru merusak melakukan pembakaran dan juga penjarahan kata AHY Klik untuk baca: https://t.co/qt2hpsdTf8 | #AHY #Demo https://t.co/Iiy4hzgwLL""""",negative
"""""Militer Nepal gak ada yang kepikiran buat bakar-bakar fasum dan staging penjarahan kah? Kurang canggih mainnya""""",negative
"""""@NayDonuts Penjarah itu teman teman mu penjarah negeri penjarah rakyat. Penjarahan yg keu sebut pajak""""",negative
"""""@remi_remisilado @txtdrimedia Headline itu dari https://t.co/96H12GHeyM menceritakan insiden penjarahan rumah Uya Kuya oleh massa pada 30 Agustus 2025. Kucing-kucingnya hilang saat kejadian Sherina Munaf ikut menyelamatkannya dan polisi memanggilnya untuk klarifikasi pada 8 September. Itu berita nyata """"",negative
"""""aku selama ini gk ngehype dukung atau apapun soal penjarahan. di manapun. Karena bagi aku penjarahan ini tidak benar dan malah kasian yang nanti jadi tersangka. Niat ngasih jera malah jadi kasus hukum. Jadi buat yang sudah menjarah its all because of you.""""",negative
"""""@RadioElshinta Ini bisa jadi target penjarahan lagi nih menteri baru Ngomong ngalor ngidul ngelantur kaga jelas Masih kalah jauh dibawah bu sri banget banget ini mah""""",negative
"""""@gegerriy @kpgnj Melakukan penjarahan kan maksudnya ehe""""",negative
"""""Dugaanku juga gini. Apalagi setelah penjarahan kemarin.""""",negative
"""""let s be real she was already exhausted years ago. apalagi pas karakternya dibunuh lewat deep fake yang bilang guru itu beban negara. belum lagi pas penjarahan dia minta perlindungan tapi ga digubris aparat. It was her final straw""""",negative
"""""kegiatan sosialisasi kepada kepala desa dan perangkat desa doko dengan adanya berita yang sedang rame kamu menghimbau agar warganya terutama pemuda agar tidak terprovokasi dari hal perusakan dan pembakaran serta penjarahan #sosialisasi #humaspolresblitar #binmaspolresblitar #fyp https://t.co/c5Pxqv9pTD""""",neutral
"""""@Gunawan75_ Tolong kalian smua jgn diam. Indonesia milik kita bersama bkn hny milik sgelintir para Pejabat manusia2 syetan nan serakah jk Pemerintah ini&amp"";""para Pejabatnya msih zolim trhdp penjarahan kekayaan Alam ini kita lakukan kembali perlawanan""""",negative
"""""kegiatan sosialisasi kepada kepala desa dan perangkat desa doko dengan adanya berita yang sedang rame kamu menghimbau agar warganya terutama pemuda agar tidak terprovokasi dari hal perusakan dan pembakaran serta penjarahan #sosialisasi #humaspolresblitar #binmaspolresblitar #fyp https://t.co/2zH6Amsy9a""""",neutral
"""""32 barang hasil penjarahan rumah Ahmad Sahroni di Tanjung Priok akhirnya dikembalikan secara sukarela oleh warga lho! Polisi dan keluarga pun memilih menyelesaikannya dengan damai tanpa proses hukum. Yuk jaga persatuan dan saling menghormati hak milik ya! https://t.co/8cjdQLyn4e""""",positive
"""""Di Nepal terjadi penjarahan dibeberapa rumah pejabat beberapa sumber anak-anak mudanya terinspirasi indonesia """"",negative
"""""@27Dwy @Norman_Bates_88 @blue_berets7 Skrg aja lapor penjarahan kagak diladeni palingan""""",negative
"""""@shakuyaaa @IndoPopBase cek tempo. tapi selain kontroversi yang guru beban negara ada jg nyamain pajak sama zakat. sebelum direshuffle ini smi banyak blunder makanya jadi target penjarahan juga. rakyat udh capek apa apa dipajakin pdhl umr segitu2 aja dll""""",negative
"""""@kiwiwi43 @RWWReborn penjarahan itupun tidak murni sih.""""",negative
"""""Penjarahan rumahnya emg berlebihan tpi lepas dari itu gak salah kalo dia dapat level 'kebencian' seperti sekarang. 1. Gak ada evaluasi perpajakan dan cukai ini kesalahan yg bener2 fatal. 2. Statemen ngawur 3. Gak bs ngerem nafsu Jokowi yg bikin ekonomi stagnan""""",negative
"""""@jokoanwar Titipan luhut makin merasa bebas dari penjarahan""""",negative
"""""Polisi Tetapkan 11 Tersangka Penjarahan Rumah Sri Mulyani https://t.co/EK6QUnvLM2""""",neutral
"""""Rumah mantan Menkeu Sri Mulyani dijarah 11 orang jadi tersangka Yang mengejutkan ada 2 pelaku yang malah balikin barang ke polisi! Kenapa mereka balikin? Takut? Menyesal? #Menkeu #Tangsel #Banten #BeritaViral #update #news #seketika https://t.co/FF46AxUvtF""""",negative
"""""@yaniarsim @Menkeu Srimul emg udh niat keluar Gelagatnya udh sejak lama keliatan Plus kejadian penjarahan itu membuat ia bertekad keluar mungkin ia berfikir demonstrasi kemaren itu cm gelombang awal Akan ada gelombang baru yg lebih dahsyat Dr pd jd tumbal. Mending segera cabut Srimul pinter""""",negative
"""""Penjarahan yang lebih gila Tetapi tak tersentuh hukum.. Yg cinta negeri ini tolong di share!! https://t.co/476XEKIkgS""""",negative
"""""@AbdulRachimmks Memang benar ada penjarahan sumber daya alam tapi tidak dibenarkan juga rakyat harus ikutah menjarah. Cobalah berpikir teguh dan berpijak kebenaran di tengah gelombang kerusakan warisan rezim Mulyono penjarahan 10 tahun bukanlah waktu yg singkat.""""",negative
"""""Penjarahan yang sesungguhnya ... masif dan terstruktur ... korbannya? Tetap ... RAKYAT JELANTAH ...""""",negative
"""""Polisi Tetapkan 11 Tersangka Penjarahan Rumah Sri Mulyani https://t.co/cJPloLBWd6""""",neutral
"""""aneh bgt sekelas menteri bisa kena penjarahan """"",negative
"""""Pasca Demo Kerusuhan dan Penjarahan seharusnya Kapolri @ListyoSigitP dan Jaksa Agung @ST_Burhanuddin ikut dicopot @prabowo https://t.co/TiEslAqkXt""""",neutral
"""""Narasi yang mengundang penjarahan hahaha""""",negative
"""""Sri Mulyani Penjarahan Lukisan Bunga Itu dan Isu Mundur dari Kabinet https://t.co/Og4ul0aRWJ""""",negative
"""""Maraknya aksi demo yang berujung ricuh dan penjarahan mendorong pemerintah mengaktifkan siskamling dan ronda di masyarakat https://t.co/8JlOVArPRb""""",neutral
"""""@Homo_sapiens21 @BruhGusGus Tidak dia sudah dapat Informasi dari BIN dan penjarahan memiliki pola. Kasihan emang i think it's best for her. She deserves going back into what she was. Melebar kan sayap tidak di sangkar""""",negative
"""""Sosok 'Om Agus' yang Viral Foto Bareng Sahroni Purnawirawan TNI AL? Netizen terus menguliti masa lalu Ahmad Sahroni pasca aksi penjarahan rumahnya di kawasan Tanjung Priok Jakarta Timur akhir Agustus lalu. https://t.co/pmhejmMIP5""""",negative
"""""@yourbaeee23 @RedArmyNika @kelixmann Yg sejarah² tapi pas ada penjarahan di cagar budaya gada bahas² itu blas sama sekali :))))""""",negative
"""""@RR_FR01 @Konohakeras Benar tokoh seperti Sri Mulyani menghadapi kontroversi video viral guru beban negara (yang ia klarifikasi) dan penjarahan rumahnya baru-baru ini. Jokowi akui kritik seperti planga-plongo dan bodoh dalam pidatonya 2023 serta terima secara pribadi. Ridwan Kamil juga""""",negative
"""""Perkembangan Kasus Penjarahan Rumah Uya Kuya: Polisi Tangkap Pelaku dan Buru Provokator https://t.co/c4YX49AHPU https://t.co/7VRX9WSQlf""""",negative
"""""Polisi mengatakan ke-11 tersangka ini seluruhnya merupakan orang dewasa tanpa melibatkan anak. Mereka juga berasal dari sejumlah wilayah. https://t.co/HqT1qmQmUO""""",negative
"""""Kalo ga anarki dan ga lakukan penjarahan satu demonstran pun haram ditahan. Ini bukan jaman penjajahan Mul dan oligarki.""""",negative
"""Presiden Minta Polri dan TNI Tindak Tegas Penjarahan Rumah Pejabat #StopMenjarah #StopMenjarahPejabat #StopAnarkis #Indonesia #IndonesiaEmas https://t.co/yk97Cv10wC""",neutral
"""Presiden Minta Polri dan TNI Tindak Tegas Penjarahan Rumah Pejabat #StopMenjarah #StopMenjarahPejabat #StopAnarkis #Indonesia #IndonesiaEmas https://t.co/zF5PMO2Ms0""",neutral
"""Presiden Minta Polri dan TNI Tindak Tegas Penjarahan Rumah Pejabat #StopMenjarah #StopMenjarahPejabat #StopAnarkis #Indonesia #IndonesiaEmas https://t.co/3dAuCYsUUq""",neutral
"""@Belok_dong Penjarahan pasti di lakukan orang miskin (gak mungkin orang kaya)orang miskin identik wong cilik wong cilik identik dengan PARTAI... PAHAM...""",negative
"""Menurut Dino Pati Djalal bhw Penjarahan rumah Sri Mulyani direncanakan secara sistematis dan sudah ditarget dari kekuatan tertentu yg melibatkan TANGAN SILUMAN """,negative
"""@OpikAf @Hegie_bae 17+8 setelah adanya kerusuhan dan lebih di isi oleh influenzer. Rakyat mulai menarik dukungan ketika arahnya sudah ke arah penjarahan. Trauma kelam 98 masih membekas.""",negative
"""@_akunkomen @txtdrimedia @prabowo gerakin penjarahan harta koruptor.""",negative
"""@AdlawiSamsudin @dinopattidjalal Saya orang bodoh tapi Para alumni LPDP pastinya orang2 pinter dan cerdas. .... Mengapa mereka/alumni lpdp tidak membantu memberikan masukan utk mencari dalang penjarahan rumah SM spt yg dikemukakan oleh @dinopattidjalal ini""",negative
"""@ARSIPAJA kenapa gua yakin penjarahan kemaren cuma skenario penguasa ? ya karena rumahnya bahlil aman """,negative
"""@Mas_zobirin @sharpandshark kalo dalam agama kami dan ajaran nabi muhammad kami penjarahan itu haram mas sobirin dalam agama kami juga setuju dengan perbuatan maksiat sama dengan melakukanya""",negative
"""@BebySoSweet Mulai...kumat buat statement asal njeplak Giliran masuk penjarahan bikin drama Zul..Zul...moga cepet mati dah lu org""",negative
"""Penjarahan rumah / toko dan apapun milik pribadi warga itu kriminal. INSTRUKSI : tindak tegas utk tangkap adili penjarakan. Penjarahan pantai. Penjarahan hutan Penjarahan tambang Penjarahan APBN / APBN ? INSTRUKSI : ????""",negative
"""@nyctogna Gak membenarkan penjarahan tapi dia sok asik sih Emak bapaknya juga.""",negative
"""@inijoejoe itu realita yg ada dimsyrkt saat ini. Menormalisasi sesuatu yg sbnrnya ga normal. byk case spt kasus penjarahan pengerusakan fasum dll. termasuk diantaranya kalo pacaran ga ada acara sedot sedotan bukan pacaran katanya. pdhl kalo mau nyedot bs juice atau wc ya """,negative
"""@dinopattidjalal Hal yang tidak mengherankan si asam sulfat aja bisa jadi wp krn penjarahan peraturan oleh pasukan siluman berdasi.""",negative
"""@zimaya5 @sudahsaatnyaa @BudiBukanIntel @barengwarga Gak heran sih indonesia masih begini aja kalai masih ada orang kayak anda yang mewajarkan penjarahan :)""",negative
"""@userxmlf Jangan sampe ada penjarahan part sekian sekian dah lu pada yang jadi pejabrut. Heran kerja gajinya hasil iuran rakyat kok songong bgt""",negative
"""Penjarahan rumah pribadi SMI di mobilisasi pake truk. Artinya by setting @bangyupi_006""",negative
"""@DivHumas_Polri Bravo pak..kejar terus para pelaku pengrusakan dan penjarahan""",negative
"""@Om_Awang @WagimanDeep212_ Halahh elu yg tolol. Tanpa mengurangi rasa hormat atas pengiriman bantuan (tentu atas seijin otoritas udara Israel). Indonesia bisa menekan PBB agar sgr mendistribusikan bantuan utk warga Gaza yg jumlahnya RIBUAN TON n minta pengamanan dr penjarahan bantuan oleh TERORIS HAMAS.""",negative
"""@EdwardSevino @CNNIndonesia Jika mempertahankan hak hidup harus menyuap maka boleh. Misalnya di suatu daerah terjadi kekacauan ada penjarahan pembakaran rumah dll maka seseorang menyuap petugas untuk menjaga keselamatan dan hak dia untuk hidup itu dibenarkan.""",negative
"""@dinopattidjalal Wa alaikum salam sayangnya pembentukan TGPF (tim gabungan pencari fakta) penjarahan pembakaran dll Agustus 2025 di cancel jadi gak terkuak apa motif dan siapa dalangnya ?""",negative
"""@dinopattidjalal Saya awam Om cuma heran aja sama perbedaan penjarahan di rumah Om Sahroni ama yg di rumah Tante Sri. Di rumah Om Sahroni penjarahannya begitu spontan kalau Tante Sri eeemmm gimana yaa kaya terlalu adem dan santai bener sih.""",negative
"""VIDEO: Kekuatan Siluman Rekayasa Penjarahan Rumah Mantan Menkeu Sri Mulyani Sudah Ditarget! https://t.co/iSBA3ZMRZ9""",neutral
"""@gendut4444 Yang dimaksud itu jeda apa ya? Setelah hari kejadian penjarahan kah? Atau apa?""",negative
"""Kepolisian Daerah Jawa Timur (Polda Jatim) mengamankan sejumlah tersangka baru terkait aksi perusakan penjarahan dan perusakan fasilitas umum yang terjadi serentak di beberapa wilayah. #energiinspirasiindonesia Baca selengkapnya di https://t.co/HLSrQVn5gE https://t.co/Z9Xdwg2MSS""",neutral
"""@ArmaZulfikar @dinopattidjalal Analisa kamu menarik. Berdasarkan berita dari Tempo Kompas dan CNBC (Sept 2025) penjarahan rumah Sri Mulyani tampak bagian dari demo besar dengan dugaan konspirasi seperti yang disebut Dino Patti Djalal. Teori false flag atau targeting oleh pihak lain belum ada bukti kuat;""",negative
"""Arloji Mewah Swiss Dari Mana Mulanya? Selain cokelat dan pisau saku multiguna Swiss juga terkenal dengan arloji mewahnya. Harga arloji-arlojinya selangit. Seperti arloji Richard Mille milik mantan anggota DPR Ahmad Sahroni yang sempat digondol seorang remaja dalam penjarahan https://t.co/PVFFUXN62A""",negative
"""@dinopattidjalal Untuk analisa penjarahan gw sepakat gw juga menduga demikian bahkan dari mulai penjarahan rumah pejabat pertama sepakat usut tuntas TAPI kalo narasinya digiring jadi PENILAIAN PERSONAL DAN SUBJEKTIF terhadap kinerja SRM sebentar2 setiap orang punya penilaian masing2 jg""",negative
"""@dinopattidjalal Penjarahan nya juga aku gak setuju dan harus diusut Tapi Sri Mulyani gak innocent2 banget Banyak kebijakan nya bikin sengsara Rakyat""",negative
"""@dinopattidjalal Perlu investigasi siapa dalang penjarahan Sri Mulyani.""",neutral
"""Eks Jubir SBY Curiga Ada Kekuatan Siluman di Balik Penjarahan Rumah Sri Mulyani https://t.co/O0Qtoulp5e""",neutral
"""warga indonesia udah main marah-marah dan penjarahan. sekali viral warga marah.""",negative
"""@dinopattidjalal Penjarahan yang terjadi sporadis oleh satu kelompok yang terorganisir - lalu mempengaruhi masyarakat tertentu hingga terjadi gelombang massa yang tak terbendung...""",negative
"""@dinopattidjalal Mungkin saja orangnya sama dengan yg memobilisasi dan memprovokasi penjarahan dan pembakaran di Jakarta tahun 1998. Ytta.""",negative
"""@Kappa_2023 @Valhallaah @spektrumku @bnsphrxyzzz @RefublikAteis @iphone7decoco @Sentjoko @PaijoKentirr @tepig_pignite @FaktaBerita89 @iam_zelt @balaputra_deva @NamoAryatara @mbienyambay2 Betul Itulah gunanya tuhan nabi wahyu ayat2 dst sbg alat legitimasi penyerangan pemerkosaan penjarahan penjajahan &amp; perbudakan. Mk jgn brharap hal baik apa pun dr mrk.""",negative
"""@pmd_sehat @sharpandshark Yg bilang penjarahan tindakan terpuji siapa ???""",negative
"""Yang buat saya bingung Dalam penjarahan rumah tokoh2 tsb tak ada pertolongan dari pihak tetangga warga pihak kampung sekitar. Apakah tokoh2 tsb tidak bermasyarakat atau kehidupan disana siapa loe siapa gue atau warga sekitar benar2 tak berdaya/takut? """,negative
"""@oman_man89 @sharpandshark Penjarahan itu perampokan mau di rencanakan atau spontan itu tindakan kriminal harus di tangkap.""",negative
"""Sesama Agen Cai Got mulai muncul saling membela mungkin krn hilangnya Dokumen Rahasia yg tertera nama² antek Global yg hilang saat penjarahan...ituh simpulnya...""",negative
"""@sharpandshark Okelah aksi penjarahan kemarin terorganisir krn ada yg hunting lokasi sahroni sri mulyani dll. Tapi juga jangan lupa murka rakyat kemarin itu akumulatif. Kesalnya udah lama. Soal ditumpangi atau enggk siapa yg akhirnya peduli? Kalaupun diinvestigasi siapa yg percaya aparat?""",negative
"""Berikut video ulasan saya mengenai Jejak2 SILUMAN dalam PENJARAHAN Sri Mulyani . What do you think? Silahkan komentari kalau analisa saya masuk akal atau ngawur. https://t.co/etemzS8Ej6""",negative
"""@e100ss Apakah karyawan Shell tidak ada niatan untuk membakar rumah si Bahlil? Kan seru gitu penjarahan rumah pejabat part 2""",negative
"""@tempodotco Apa jng2 penjarahan di rumah orang yg di ilustrasi sedang digunting itu dibuat agar jadi alasan biar bisa anu po yaaa""",negative
"""@oman_man89 @sharpandshark Ada benarnya. Namun baru pertama kali ini terjadi ada demo yg dilakukan tengah malam dan terjadi penjarahan. Seperti perampokan yg telah direncanakan dengan rapi. Apakah semua masuk akal?""",negative
"""@sharpandshark yg namanya penjarahan pencurian atau perampokan itu ngga perlu ada dalang. Tapi sdh spontanitas aksi massa krn ada jurang kemiskinan yg sangat dalam antara pejabat negara dgn rakyatnya. Kalau semua pejabat nya tolol seperti ini. lalu kapan pemerintah bisa introspeksi diri ??""",negative
"""@HetsiyHetsiy1 @sharpandshark Berdasarkan penelusuran insiden penjarahan rumah Sri Mulyani memang terjadi pada 31 Agustus 2025 di Bintaro. Namun rumor ia melapor ke Menhan untuk minta pengamanan sebelum kejadian tidak dikonfirmasi oleh sumber berita kredibel seperti Tempo atau CNN Indonesia. Kemungkinan""",negative
"""@sharpandshark kalo penjarahan 1998 pkai pemerkosaan itu iblis yg melebihi iblis ya teman² . klo menjarah tnpa ada rape dll dsebut tgn siluman lalu penjarahan pemerkosaan pembunuhan pembakaran bahkan ada mayat dimutilasi 1998 itu apa namanya pak? nanya doang kok pak️ https://t.co/4WrOrS2qqV""",negative
"""@taufik_q Ga usah bawa2 nama anies baswedan. Semua pejabat akan mengalami penjarahan bahkan dkroyok bakar habis2an.jgn bawa ani2 sok suci. Kalian juga yg bawanma anis akan bernasib sama. Dari segala partai akan dijarah dan mati sia besrta kekuarga""",negative
"""Bisa jadi jangan2 dipdipeh ada komplotan pemakar. Pendemoan penjarahan penempatan perusuh ada settingan yg khas opsus gaya pdipeh. BG sebagai menkopolkam lumpuh tak berdaya dan hilang akal sehingga seperti memaksa Presiden untuk terima proposal keadaan darurat sipil. FUTSCH.""",negative
"""Polri melalui Polda Nusa Tenggara Barat (NTB) menetapkan 20 tersangka terkait aksi perusakan dan penjarahan saat unjuk rasa 30 Agustus 2025 di Mapolda NTB dan Gedung DPRD NTB. https://t.co/jNbyytNRlC""",neutral
"""Yg dituduh dalang penjarahan sahroni itu bukan ya? Kirain nyewa stuntwoman eh lah nyari kambing itam beneran????""",negative
"""Polisi Tangkap Pelaku Penjarahan Gerai Ponsel di Garut Plaza Terungkap dari Rekaman CCTV https://t.co/Qh0WOZltrc""",neutral
"""Kita bisanya hanya nebak2 doang sahabat baikku jg jd korban brutal aksi penjarahan dan pengursakan akhir Agustus kmrin. Kita memohon pd @DivHumas_Polri untuk mengusut tuntas dn menemukan para aktor tsb. Udahlah gak usah bicara HAM dulu atau aktifis dulu.""",negative
"""@andi_chotimah Kebetulan atau emang udah waktunya? Setelah demo rusuh yg kemarin rame banget sampai ada penjarahan segala dua tokoh langsung out: Hendrar Prihadi &amp; Budi Gunawan. PRABOWO IN PDIP OUT #Bersih2AnasirMerah""",negative
"""Polisi Ungkap Ratusan Pelaku Aksi Anarkis di Jawa Timur Kerugian Capai Rp 256 Miliar SURABAYA Polda Jawa Timur merilis perkembangan penanganan kasus perusakan penjarahan dan pembakaran fasilitas umum yang terjadi dalam rangkaian aksi anarkis di sejumlah wilayah Jatim https://t.co/ltNxpFCDTK""",neutral
"""Publik mulai mikir: ini reshuffle beneran buat kabinet makin solid atau ada hubungannya sama chaos kemarin yg nyisain jejak penjarahan dan kegaduhan? Ada yg bilang terlalu kebetulan. Coincidence or not? PRABOWO IN PDIP OUT #Bersih2AnasirMerah""",negative
"""Padahal penjarahan yg sesungguhnya sudah dilakukan oleh pemerintah sendiri... https://t.co/6BGCZnRd5E""",negative
"""Jika kudeta dg skema kerusuhan dan penjarahan massal tdk berhasil maka akan ada plain B.""",negative
"""@andi_chotimah Budi Gunawan dan Hendrar Prihadi dicopot pasca demo rusuh plus penjarahan publik jadi bertanya PRABOWO IN PDIP OUT #Bersih2AnasirMerah""",negative
"""Budi Gunawan juga out barengan sama Hendrar Prihadi. Timing-nya pasca demo rusuh+penjarahan kemarin... kebetulan doang atau ada benang merah? PRABOWO IN PDIP OUT #Bersih2AnasirMerah""",negative
"""@andi_chotimah Demo rusuh + penjarahan kemarin malah makin bikin publik yakin. Reshuffle ini jawabannya: PRABOWO IN PDIP OUT #Bersih2AnasirMerah""",negative
"""@andi_chotimah Kerusuhan + penjarahan kemarin keliatan kaya terorganisir tapi kok aparat kayak slow response? Netizen jadi makin mikir apa ada benang merah sama partai tertentu? PRABOWO IN PDIP OUT #Bersih2AnasirMerah""",negative
"""Dan gak cuma Mahfud yang gagal tayang . Budi Gunawan &amp; Hendi juga dicut dari posisi masing-masing. Semua kejadian ini numpuk pasca kerusuhan &amp; penjarahan misterius PRABOWO IN PDIP OUT #Bersih2AnasirMerah""",negative
"""Sementara itu Hendrar Prihadi &amp; Budi Gunawan diputusin cabut. Publik langsung mikir kok pas banget setelah demo rusuh + penjarahan kemarin? Coincidence or what? PRABOWO IN PDIP OUT #Bersih2AnasirMerah""",negative
"""Apalagi bersamaan sama out-nya Hendrar &amp; Budi Gunawan. Kok timingnya bisa klop banget sama rusuh+penjarahan kemarin? PRABOWO IN PDIP OUT #Bersih2AnasirMerah""",negative
"""Belum lagi tiba-tiba Hendrar Prihadi out dari BPKP. Timingnya pas banget abis demo rusuh &amp; penjarahan PRABOWO IN PDIP OUT #Bersih2AnasirMerah""",positive
"""Budi Gunawan copot pasca demo rusuh Agustus yang ada penjarahan di mana-mana. Publik pada curiga apa ini ada hubungan sama elemen tertentu? PRABOWO IN PDIP OUT #Bersih2AnasirMerah""",negative
"""Demo rusuh itu bikin chaos penjarahan sampe bikin rakyat geram. Kecurigaan publik ke PDIP muncul lagi tapi ya kan cuma spekulasi doang. PRABOWO IN PDIP OUT #Bersih2AnasirMerah""",negative
"""Rusuh plus penjarahan? Publik bilang itu bukan aspirasi tapi akting gagal. PRABOWO IN PDIP OUT #Bersih2AnasirMerah""",negative
"""Hendrar Prihadi dicopot Budi Gunawan juga out. Publik jadi kepo kok barengan banget ya pasca demo rusuh+penjarahan kemarin. PRABOWO IN PDIP OUT #Bersih2AnasirMerah""",negative
"""Di sisi lain Hendrar Prihadi dicopot juga. Padahal baru aja rame soal demo rusuh sampe ada penjarahan. Kok waktunya barengan bikin makin banyak spekulasi. PRABOWO IN PDIP OUT #Bersih2AnasirMerah""",negative
"""Trus tiba-tiba Hendrar Prihadi out Budi Gunawan juga out timing-nya pas banget abis demo rusuh + penjarahan kemarin. Kebetulan kah? Atau publik emang punya feeling beda soal ini? PRABOWO IN PDIP OUT #Bersih2AnasirMerah""",negative
"""Rusuh plus penjarahan? Publik nyebutnya bukan demo tapi drama murahan. PRABOWO IN PDIP OUT #Bersih2AnasirMerah""",negative
"""Demo yang berubah jadi kekacauan dengan penjarahan lalu dua pejabat kunci out. Pertanyaan besar: bagaimana keterkaitan potensial dengan kelompok politik tertentu? PRABOWO IN PDIP OUT #Bersih2AnasirMerah""",negative
"""Mengapa pemberhentian Budi Gunawan dan Hendrar Prihadi tepat setelah demo rusuh disertai penjarahan? Adakah benang merah dengan dinamika partai oposisi? Publik ingin tahu. PRABOWO IN PDIP OUT #Bersih2AnasirMerah""",negative
"""Demo chaos plus penjarahan lebih mirip sinetron murahan dibanding aksi nyata. PRABOWO IN PDIP OUT #Bersih2AnasirMerah""",negative
"""Apalagi ini kejadian setelah demo rusuh dan penjarahan aneh yang tiba-tiba aja muncul di beberapa kota. Rakyat mulai nanya: ini gerakan rakyat atau ada yang nyulut PRABOWO IN PDIP OUT #Bersih2AnasirMerah""",negative
"""Terus pas banget abis demo rusuh &amp; penjarahan malah muncul kabar pencopotan Hendrar Prihadi &amp; Budi Gunawan. Publik jadi makin penasaran kok momennya selalu kebetulan ? PRABOWO IN PDIP OUT #Bersih2AnasirMerah""",negative
"""Budi Gunawan sebagai Menkopolkam diganti Hendrar Prihadi juga out dari LKPP. Publik pada bisik-bisik apa ada hubungannya sama demo rusuh yang berujung penjarahan itu? Kayaknya timingnya pas banget tapi ya cuma dugaan aja sih. PRABOWO IN PDIP OUT #Bersih2AnasirMerah""",negative
"""Di sisi lain Hendrar Prihadi dan Budi Gunawan diberhentikan tepat setelah demo chaos + penjarahan. Bukan nuduh tapi timingnya cinematic. PRABOWO IN PDIP OUT #Bersih2AnasirMerah""",negative
"""Pasca demo rusuh yang bikin chaos kemarin tiba-tiba Budi Gunawan dan Hendrar Prihadi kena copot. Demo yang sampe ada penjarahan itu emang bikin situasi panas. PRABOWO IN PDIP OUT #Bersih2AnasirMerah""",negative
"""Bukan cuma itu ada juga pemberhentian Hendrar Prihadi sama Budi Gunawan pasca demo chaos yg diiringi penjarahan. Publik auto mikir kok timingnya pas banget? PRABOWO IN PDIP OUT #Bersih2AnasirMerah""",negative
"""Belum lagi Budi Gunawan juga kena reshuffle setelah muncul demo rusuh yang bahkan disertai penjarahan. Banyak yang bilang momennya nyambung banget bikin makin banyak tanda tanya. PRABOWO IN PDIP OUT #Bersih2AnasirMerah""",negative
"""Demo rusuh plus penjarahan vibesnya kayak proyek tontonan murahan. PRABOWO IN PDIP OUT #Bersih2AnasirMerah""",negative
"""Di saat yang hampir bersamaan pemberhentian Hendrar Prihadi dan Budi Gunawan juga menambah tanda tanya. Apalagi waktunya berdekatan dengan demo rusuh dan penjarahan kemarin PRABOWO IN PDIP OUT #Bersih2AnasirMerah""",negative
"""Bonus drama lain: Budi Gunawan dan Hendrar Prihadi ikut dicopot. Pas banget setelah demo rusuh plus penjarahan. Publik cuma geleng-geleng: kok timingnya pas banget ya? PRABOWO IN PDIP OUT #Bersih2AnasirMerah""",negative
"""Pasca demo rusuh yang berujung penjarahan sama kerusuhan Budi Gunawan sama Hendrar Prihadi langsung dicopot. Publik pada heboh nanya-nanya apa ada benang merah sama PDIP atau cuma kebetulan aja sih? PRABOWO IN PDIP OUT #Bersih2AnasirMerah""",negative
"""Pasca demo rusuh plus penjarahan ala pesta pora Budi Gunawan dan Hendrar Prihadi langsung dipecat. Kebetulan banget atau ada yang merah di balik layar? Hehe pertanyaan retoris aja kok. PRABOWO IN PDIP OUT #Bersih2AnasirMerah""",negative
"""Publik mulai kepo: kok pasca demo rusuh &amp; penjarahan tiba-tiba ada pencopotan Hendrar Prihadi sama Budi Gunawan? Kebetulan aja atau memang timingnya pas banget? PRABOWO IN PDIP OUT #Bersih2AnasirMerah""",negative
"""Waktu chaos &amp; penjarahan rame muncul pertanyaan di medsos: Siapa yang manfaatin momen? Ada yang bilang chaos itu bukan murni gerakan rakyat PRABOWO IN PDIP OUT #Bersih2AnasirMerah""",negative
"""Hendrar Prihadi juga out barengan. Netizen auto bilang: kok bisa pas banget sama rusuh demo + penjarahan kemarin ya? PRABOWO IN PDIP OUT #Bersih2AnasirMerah""",negative
"""Demo yang harusnya damai malah jadi rusuh plus penjarahan. Orang-orang jadi mikir ini beneran spontan apa ada dalang. PRABOWO IN PDIP OUT #Bersih2AnasirMerah""",negative
"""Kerusuhan dan penjarahan sempet nyambung ke spekulasi publik soal anasir politik tertentu. Dari situ makin jelas PRABOWO IN PDIP OUT #Bersih2AnasirMerah""",negative
"""Budi Gunawan pun diberhentikan. Publik mengaitkan timingnya dengan demo ricuh dan penjarahan. Apakah ini bentuk pembersihan ? PRABOWO IN PDIP OUT #Bersih2AnasirMerah""",negative
"""Demo kemarin malah chaos plus ada penjarahan. Banyak yang bilang vibesnya kayak ada settingan. Pertanyaan makin numpuk. PRABOWO IN PDIP OUT #Bersih2AnasirMerah""",negative
"""Habis demo rusuh sama penjarahan yang bikin heboh Budi Gunawan sama Hendrar Prihadi langsung dipecat. Banyak yang ngerasa aneh apa ada keterlibatan PDIP di balik kerusuhan itu atau cuma teori aja? PRABOWO IN PDIP OUT #Bersih2AnasirMerah""",negative
"""Trus Budi Gunawan juga kena reshuffle. Timing pas abis demo ricuh + penjarahan. Publik: hmm sus banget ini kalo dibilang kebetulan. PRABOWO IN PDIP OUT #Bersih2AnasirMerah""",negative
"""Demo rusuh plus penjarahan kemarin bikin publik mikir keras. Kalau liat rangkaian peristiwa rasa-rasanya pesan besar udah jelas: PRABOWO IN PDIP OUT #Bersih2AnasirMerah""",negative
"""Demo kemarin bukan demo biasa ‍️ Ada rusuh ada penjarahan vibes-nya kok kayak chaos setting-an? ️ PRABOWO IN PDIP OUT #Bersih2AnasirMerah""",negative
"""Budi Gunawan ikut diberhentikan. Momennya pas banget setelah demo rusuh dan penjarahan. Kebetulan? Atau ada pola yang terasa familiar? PRABOWO IN PDIP OUT #Bersih2AnasirMerah""",positive
"""Demo rusuh plus penjarahan bikin banyak orang mikir kok bisa chaos segitunya. Ada skenario atau kebetulan aja. PRABOWO IN PDIP OUT #Bersih2AnasirMerah""",negative
"""Barengan itu Budi Gunawan juga diberhentikan. Pasca demo rusuh plus penjarahan publik jadi makin mikir: kebetulan atau ada benang merah? PRABOWO IN PDIP OUT #Bersih2AnasirMerah""",negative
"""Rusuh dan penjarahan kemarin gak bisa dipisahin dari narasi besar. Publik makin sadar ada pola lama yang diputus. PRABOWO IN PDIP OUT #Bersih2AnasirMerah""",negative
"""Trus ada kabar Hendrar Prihadi dicopot. Publik langsung rame: kok bisa momennya pas banget sama demo rusuh + penjarahan kemarin? PRABOWO IN PDIP OUT #Bersih2AnasirMerah""",negative
"""Yang lebih rame lagi publik nyambungin reshuffle sama pencopotan Hendrar Prihadi dan Budi Gunawan. Apalagi setelah demo rusuh kemarin yg anehnya kebetulan berujung penjarahan. Netizen pada nanya kebetulan doang atau ada kaitannya? PRABOWO IN PDIP OUT #Bersih2AnasirMerah""",negative
"""Lalu Budi Gunawan juga diberhentikan. Timingnya berdekatan dengan demo rusuh dan penjarahan. Publik merasa ini bukan kebetulan semata. PRABOWO IN PDIP OUT #Bersih2AnasirMerah""",negative
"""Publik langsung heboh karena timingnya deket sama demo rusuh + penjarahan kemarin... PRABOWO IN PDIP OUT #Bersih2AnasirMerah""",negative
"""Kerusuhan demo kemarin masih fresh diingatan. Penjarahan di mana-mana bikin publik mikir keras siapa yang diuntungkan? Setelah reshuffle narasi PRABOWO IN PDIP OUT jadi kayak jawaban tersembunyi. #Bersih2AnasirMerah""",negative
"""Demo rusuh yang ada penjarahan jadi bahan omongan. Publik bertanya ini aksi beneran atau ada agenda. PRABOWO IN PDIP OUT #Bersih2AnasirMerah""",negative
"""Chaos demo plus penjarahan kemarin makin bikin orang curiga. Wajar kan kalau publik mikir ada benang merah di situ? PRABOWO IN PDIP OUT #Bersih2AnasirMerah""",negative
"""Budi Gunawan juga hilang dari line-up. Timingnya pas abis demo rusuh + penjarahan. Publik: kok plotnya mirip script lama ya? PRABOWO IN PDIP OUT #Bersih2AnasirMerah""",negative
"""Belum lagi barengan sama pencopotan Hendrar Prihadi. Publik jadi mikir kok bisa pasca demo ricuh + penjarahan langsung ada perubahan? PRABOWO IN PDIP OUT #Bersih2AnasirMerah""",negative
"""Trus jangan lupa ada momen Hendrar Prihadi &amp; Budi Gunawan diberhentikan setelah demo rusuh + penjarahan kemarin. Banyak yang mulai bertanya-tanya kok timingnya pas banget ya? PRABOWO IN PDIP OUT #Bersih2AnasirMerah""",negative
"""Setelah kerusuhan demo plus penjarahan kabinet gerak cepet copot Budi Gunawan dan Hendrar Prihadi. Banyak yang mikir apa ini sinyal ada keterlibatan elemen politik lama? Tanya aja netizen deh. PRABOWO IN PDIP OUT #Bersih2AnasirMerah""",negative
"""Budi Gunawan juga diberhentikan pasca demo ricuh + penjarahan. Netizen nyambungin timingnya kok kebetulan banget? PRABOWO IN PDIP OUT #Bersih2AnasirMerah""",negative
"""Di sisi lain Hendrar Prihadi dicopot. Publik langsung tanya-tanya kenapa timingnya deket banget sama demo ricuh + penjarahan? PRABOWO IN PDIP OUT #Bersih2AnasirMerah""",negative
"""Nggak berhenti di situ. Budi Gunawan juga ikut out. Pasca demo rusuh dan penjarahan publik makin curiga: kebetulan atau ada kaitan yang lebih dalam? PRABOWO IN PDIP OUT #Bersih2AnasirMerah""",negative
"""Demo rusuh Agustus itu bikin Budi Gunawan sama Hendrar Prihadi langsung bye-bye. Publik pada spekulasi apa PDIP ada andil di kerusuhan dan penjarahan? PRABOWO IN PDIP OUT #Bersih2AnasirMerah""",negative
"""Demo rusuh plus penjarahan makin bikin curiga. PRABOWO IN PDIP OUT #Bersih2AnasirMerah""",negative
"""Yang rame malah pemberhentian Budi Gunawan dan Hendrar Prihadi. Timing-nya pasca demo rusuh plus penjarahan. Hmm publik jadi kepo. PRABOWO IN PDIP OUT #Bersih2AnasirMerah""",negative
"""Demo rusuh bareng penjarahan bikin publik curiga walau ga ada tuduhan langsung mereka kaitin dengan momentum reshuffle PRABOWO IN PDIP OUT #Bersih2AnasirMerah""",negative
"""Budi Gunawan juga out. Timingnya deket banget sama rusuh demo plus penjarahan. Publik makin mikir: kebetulan random atau puzzle yang mulai nyatu? PRABOWO IN PDIP OUT #Bersih2AnasirMerah""",negative
"""Demo besar sempat mengguncang. Situasi memanas penjarahan terjadi. Beberapa hari berselang dua pejabat kunci dicopot. Publik bertanya-tanya ini hanya kebetulan? PRABOWO IN PDIP OUT #Bersih2AnasirMerah""",negative
"""Pasca demo chaos plus penjarahan muncul pertanyaan publik: sebenernya siapa yang paling diuntungkan dari semua kekacauan itu PRABOWO IN PDIP OUT #Bersih2AnasirMerah""",negative
"""Publik ngeliat kok ada pola. Demo chaos penjarahan terus ada copot-copotan pejabat yg katanya deket merah. PRABOWO IN PDIP OUT #Bersih2AnasirMerah""",negative
"""Tak lama Budi Gunawan juga ikut diberhentikan. Dan momen itu berbarengan dengan rusuh demo plus penjarahan. Publik mulai merangkai tanda tanya. PRABOWO IN PDIP OUT #Bersih2AnasirMerah""",negative
"""Kerusuhan demo plus penjarahan masih jadi bahan omongan netizen apakah kebetulan atau ada benang merah sama reshuffle PRABOWO IN PDIP OUT #Bersih2AnasirMerah""",negative
"""Kerusuhan demo ditambah penjarahan bikin suasana makin panas dan reshuffle jadi momen yang menegaskan PRABOWO IN PDIP OUT. #Bersih2AnasirMerah""",negative
"""Demo chaos plus penjarahan vibesnya kayak settingan bukan spontan. PRABOWO IN PDIP OUT #Bersih2AnasirMerah""",negative
"""Publik wajar dong curiga. Demo chaos ada penjarahan tiba-tiba pejabat yg diduga deket sama lingkaran merah dicopot barengan. Pola ini kebetulan banget atau ada bersih-bersih besar-besaran? PRABOWO IN PDIP OUT #Bersih2AnasirMerah""",negative
"""Sementara itu sosok Hendrar Prihadi dan Budi Gunawan diberhentikan. Pas timingnya setelah demo chaos plus penjarahan. PRABOWO IN PDIP OUT #Bersih2AnasirMerah""",negative
"""Setelah demo chaos disertai penjarahan publik jadi makin curiga-curiga halus kayak ada kaitan tipis-tipis ke warna tertentu PRABOWO IN PDIP OUT #Bersih2AnasirMerah""",negative
"""Netizen auto ngaitin sama rusuh plus penjarahan kemarin. PRABOWO IN PDIP OUT #Bersih2AnasirMerah""",negative
"""Reshuffle kemarin juga bikin publik kaget. Hendrar Prihadi dan Budi Gunawan off dari panggung. Apalagi momentumnya deket banget sama demo rusuh plus penjarahan kemarin. Kebetulan doang atau emang ada puzzle politik di baliknya? PRABOWO IN PDIP OUT #Bersih2AnasirMerah""",negative
"""Demo besar berujung ricuh dan penjarahan. Tak lama setelah itu dua nama besar dicopot. Kebetulan? Atau ada pesan di balik keputusan? PRABOWO IN PDIP OUT #Bersih2AnasirMerah""",negative
"""Kerusuhan plus penjarahan kemarin bikin spekulasi makin liar #Bersih2AnasirMerah PRABOWO IN PDIP OUT""",negative
"""Chaos demo plus penjarahan bikin reshuffle makin dramatis dan di tengah semua itu sinyal PRABOWO IN PDIP OUT makin keras kedengeran. #Bersih2AnasirMerah""",negative
"""Yang bikin makin rame Hendrar Prihadi &amp; Budi Gunawan malah out pasca demo rusuh + penjarahan. PRABOWO IN PDIP OUT #Bersih2AnasirMerah""",negative
"""Demo rusuh plus penjarahan kemarin malah jadi bahan gosip netizen kepo apakah ada benang merah dengan dinamika politik belakangan PRABOWO IN PDIP OUT #Bersih2AnasirMerah""",negative
"""Penjarahan di tengah demo kemarin nggak keliatan natural. Masyarakat wajar curiga: ada kepentingan politik di baliknya? PRABOWO IN PDIP OUT #Bersih2AnasirMerah""",negative
"""Setelah gelombang demo rusuh dan penjarahan dua pejabat dicopot. Publik mulai bertanya: Apakah ini kebetulan atau bagian dari respons yang lebih dalam? PRABOWO IN PDIP OUT #Bersih2AnasirMerah""",negative
"""Pasca demo yang chaos sampe penjarahan publik makin kepo ada yang ngerasa timingnya kok pas banget sama reshuffle terus muncul pertanyaan siapa sih yang sebenernya main di balik layar? PRABOWO IN PDIP OUT #Bersih2AnasirMerah""",negative
"""Posisi Budi Gunawan juga tergeser. Perubahan ini diumumkan berdekatan dengan peristiwa demonstrasi ricuh yang berujung penjarahan. PRABOWO IN PDIP OUT #Bersih2AnasirMerah""",negative
"""Penjarahan kemarin tuh bikin publik ilfeel. Mau dibilang spontan tapi kok kayak ada script. PRABOWO IN PDIP OUT #Bersih2AnasirMerah""",negative
"""Chaos demo kemarin makin bikin tanda tanya. Ada kerusuhan ada penjarahan lalu beberapa pejabat dicopot mendadak. Kebetulan doang atau ada hubungannya? #Bersih2AnasirMerah PRABOWO IN PDIP OUT""",negative
"""Budi Gunawan ikut tersingkir. Kebetulan terjadi pasca demo rusuh + penjarahan. Publik bertanya: apa benar hanya kebetulan? PRABOWO IN PDIP OUT #Bersih2AnasirMerah""",negative
"""Sementara itu demo ricuh dengan penjarahan jadi turning point. Publik mulai bertanya siapa yang diuntungkan dari chaos itu. PRABOWO IN PDIP OUT #Bersih2AnasirMerah""",negative
"""Momen ini datang setelah demo rusuh &amp; penjarahan. Wajar publik bertanya: apakah ada keterkaitan antara dinamika lapangan dengan reshuffle? PRABOWO IN PDIP OUT #Bersih2AnasirMerah""",negative
"""Apalagi sebelumnya ada demo rusuh + penjarahan. Publik langsung ngegas: jangan-jangan ada jejak merah ? PRABOWO IN PDIP OUT #Bersih2AnasirMerah""",negative
"""Pencopotan itu pas banget setelah demo rusuh plus penjarahan. Kok momentumnya mirip skenario? PRABOWO IN PDIP OUT #Bersih2AnasirMerah""",negative
"""Budi Gunawan juga digeser. Pas waktunya bareng sama demo ricuh dan penjarahan. Orang kampung jadi mikir ini kebetulan atau gimana ya? PRABOWO IN PDIP OUT #Bersih2AnasirMerah""",negative
"""Demo rusuh disertai penjarahan masih bikin orang mikir ada kepentingan politik di belakangnya walau ga ada tuduhan langsung PRABOWO IN PDIP OUT #Bersih2AnasirMerah""",negative
"""Demo rusuh + penjarahan kemarin publik mikir: ini demo politik apa lagi casting film zombie? PRABOWO IN PDIP OUT #Bersih2AnasirMerah""",negative
"""Apalagi setelah kejadian demo rusuh disertai penjarahan netizen makin kepo dan nyambung-nyambungin ke dinamika elite walau cuma sebatas dugaan publik yang jadi bahan obrolan di medsos PRABOWO IN PDIP OUT #Bersih2AnasirMerah""",negative
"""Abis demo rusuh &amp; penjarahan dua pejabat langsung out. Hendi &amp; BG. Publik mulai mikir: Ini kebetulan atau emang udah waktunya? PRABOWO IN PDIP OUT #Bersih2AnasirMerah""",negative
"""Budi Gunawan juga out pasca demo rusuh + penjarahan. Timingnya bikin publik garuk kepala. PRABOWO IN PDIP OUT #Bersih2AnasirMerah""",negative
"""Apalagi abis demo rusuh + penjarahan kemarin. Publik pun mulai sambung-sambungin puzzle. PRABOWO IN PDIP OUT #Bersih2AnasirMerah""",negative
"""Setelah kejadian demo chaos plus penjarahan wajar kalau publik ngelempar pertanyaan sebenernya siapa yang ambil untung dari situasi itu PRABOWO IN PDIP OUT #Bersih2AnasirMerah""",negative
""": demo rusuh → penjarahan → reshuffle → PDIP out. Mirip puzzle horror makin lama makin jelas gambarnya. PRABOWO IN PDIP OUT #Bersih2AnasirMerah""",negative
"""Rusuh plus penjarahan bikin publik mikir ada apa di balik semua ini. Spontanitas kok vibesnya kayak settingan. PRABOWO IN PDIP OUT #Bersih2AnasirMerah""",negative
"""Di saat yang sama Hendrar Prihadi malah dicopot. Publik auto tanya-tanya kok momennya deket banget sama demo rusuh + penjarahan? PRABOWO IN PDIP OUT #Bersih2AnasirMerah""",negative
"""Hendrar Prihadi diberhentikan tak lama setelah demo berujung kericuhan dan penjarahan. Publik menilai ini bukan sekadar kebetulan meski tafsirnya masih terbuka. PRABOWO IN PDIP OUT #Bersih2AnasirMerah""",negative
"""Demo bercampur penjarahan bikin publik curiga. Jawabannya ada di langkah tegas PRABOWO IN PDIP OUT #Bersih2AnasirMerah""",negative
"""Publik jadi makin curiga apakah ada benang merah antara kerusuhan penjarahan dan reshuffle ini? Belum ada jawaban pasti. PRABOWO IN PDIP OUT #Bersih2AnasirMerah""",negative
"""Abis ada demo rusuh plus penjarahan spekulasi publik makin liar ada yang ngait-ngaitin ke warna politik tertentu PRABOWO IN PDIP OUT #Bersih2AnasirMerah""",negative
"""Abis demo rusuh + penjarahan tiba-tiba reshuffle turun. Hendrar Prihadi out. Kok timingnya pas banget ya? Kebetulan? Hmmm~ PRABOWO IN PDIP OUT #Bersih2AnasirMerah""",negative
"""Budi Gunawan juga kena. Pasca demo ricuh + penjarahan. Kebetulan? Atau bersih² level pro? PRABOWO IN PDIP OUT #Bersih2AnasirMerah""",negative
"""Apalagi terjadi setelah demo ricuh &amp; penjarahan. Pertanyaan publik wajar: apa ini jawaban dari gejolak kemarin? PRABOWO IN PDIP OUT #Bersih2AnasirMerah""",negative
"""Eh btw Hendrar Prihadi out. Budi Gunawan juga out. Kok ya momennya pas banget setelah demo rusuh disertai penjarahan. Rakyat jadi mikir kebetulan atau emang timing yang diatur? PRABOWO IN PDIP OUT #Bersih2AnasirMerah""",negative
"""Demo rusuh plus penjarahan kemarin bikin banyak yang ngehubungin ke dinamika elite wajar sih publik jadi curiga-curiga halus PRABOWO IN PDIP OUT #Bersih2AnasirMerah""",negative
"""Begitu juga dengan Budi Gunawan. Saat rakyat resah karena demo ricuh dan penjarahan justru presiden memberi jawaban lewat perombakan tegas. PRABOWO IN PDIP OUT #Bersih2AnasirMerah""",negative
"""Ditambah rusuh demo kemarin. Penjarahan random chaos vibes settingan. Publik auto mikir: siapa yg dapet benefit kalo negara ribut? PRABOWO IN PDIP OUT #Bersih2AnasirMerah""",negative
"""Rusuh rusuh demo penjarahan reshuffle pencopotan Semua kejadian dalam minggu yang sama Dan nama yang keluar bukan nama kecil PRABOWO IN PDIP OUT #Bersih2AnasirMerah""",negative
"""Budi Gunawan out juga. Setelah ribut-ribut &amp; penjarahan namanya lenyap. Kebetulan? Atau bersih-bersih sudah dimulai? PRABOWO IN PDIP OUT #Bersih2AnasirMerah""",negative
"""Bersamaan dengan itu publik juga terkejut dengan pemberhentian Budi Gunawan dan Hendrar Prihadi. Keputusan ini keluar tak lama setelah demo rusuh yang berujung penjarahan di beberapa kota. PRABOWO IN PDIP OUT #Bersih2AnasirMerah""",negative
"""Lalu giliran Budi Gunawan ikut tersapu. Dan momennya pas sekali berbarengan dengan demo ricuh + penjarahan. Kebetulan atau pertanda? PRABOWO IN PDIP OUT #Bersih2AnasirMerah""",positive
"""Demo yang rusuh penjarahan yang gaduh publik pun bertanya: adakah benang merah di antara semua ini? PRABOWO IN PDIP OUT #Bersih2AnasirMerah""",negative
"""Plot twist-nya: kerusuhan kemarin bukan cuma demo biasa tapi diboncengin penjarahan. Publik jadi kepo siapa sih yang nge-design beginian? PRABOWO IN PDIP OUT #Bersih2AnasirMerah""",negative
"""Orang2 di medsos udah mulai connect the dots antara demo rusuh penjarahan sampe reshuffle. Apakah ini kebetulan doang? PRABOWO IN PDIP OUT #Bersih2AnasirMerah""",negative
"""Di sisi lain Hendrar Prihadi kena sikat. Publik bisik-bisik ini ada hubungannya sama demo rusuh plus penjarahan kemarin? PRABOWO IN PDIP OUT #Bersih2AnasirMerah""",negative
"""Apalagi di saat yg sama Hendrar Prihadi dan Budi Gunawan justru diberhentikan. Timingnya pasca demo rusuh+penjarahan bikin makin banyak dugaan publik. PRABOWO IN PDIP OUT #Bersih2AnasirMerah""",negative
"""Budi Gunawan pun tergeser. Dan waktunya bertepatan dengan demo rusuh plus penjarahan. Kebetulan? Atau justru tanda bahwa benang merahnya sudah terbaca? PRABOWO IN PDIP OUT #Bersih2AnasirMerah""",negative
"""Yang dapet kejutan malah Hendrar Prihadi &amp; Budi Gunawan. Dicopot langsung setelah episode demo rusuh + penjarahan. PRABOWO IN PDIP OUT #Bersih2AnasirMerah""",negative
"""Publik mulai nyambungin titik-titik: demo rusuh → penjarahan → reshuffle → PDIP out. Mirip puzzle horror makin lama makin jelas gambarnya. PRABOWO IN PDIP OUT #Bersih2AnasirMerah""",negative
"""Knp yak setelah demo rusuh &amp; penjarahan malah Budi Gunawan dan Hendrar Prihadi yg ditendang? Kgk ada yg curiga yak? Ato mungkin PDIP yg emang jago bgt bikin skenario supaya publik lupa? Mungkin mereka terlalu ahli nyembunyiin bukti? PRABOWO IN PDIP OUT #Bersih2AnasirMerah""",negative
"""Ditambah lagi momen rusuh + penjarahan bikin spekulasi makin liar. PRABOWO IN PDIP OUT #Bersih2AnasirMerah""",negative
"""Plus pemberhentian Hendrar Prihadi makin bikin suasana politik makin panas. Apalagi momentumnya pasca demo rusuh + penjarahan. PRABOWO IN PDIP OUT #Bersih2AnasirMerah""",negative
"""Apalagi demo rusuh kemarin sempet ada penjarahan. Warga jadi mikir kok bisa chaos segitunya? Ada yang ngatur atau cuma spontanitas? PRABOWO IN PDIP OUT #Bersih2AnasirMerah""",negative
"""Trus barengan ada ricuh demo plus penjarahan. Koneksi publik langsung kebentuk. PRABOWO IN PDIP OUT #Bersih2AnasirMerah""",negative
"""Penjarahan di demo aneh bgt. Publik mulai sadar siapa yg diuntungkan. Jawaban ada: PRABOWO IN PDIP OUT #Bersih2AnasirMerah""",negative
"""Rusuh demo dan penjarahan kemarin bikin suasana makin panas reshuffle pun langsung kena sorot publik apalagi nyambung sama isu #Bersih2AnasirMerah. PRABOWO IN PDIP OUT""",negative
"""Banyak yang mikir apakah ada benang merah antara kerusuhan penjarahan sama pergeseran kursi ini PRABOWO IN PDIP OUT #Bersih2AnasirMerah""",negative
"""Pasca demo rusuh+penjarahan publik mulai nanya apakah reshuffle yg dilakukan Presiden PRABOWO IN PDIP OUT ada hubungannya sama situasi tersebut? Mengingat ada dugaan PDIP ikut bermain. #Bersih2AnasirMerah""",negative
"""Apakah ini kebetulan?? Soalnya pemberhentian itu datang setelah demo rusuh+penjarahan kemarin. Dan demo rusuh sepertinya memang bukan demo biasa ada penumpang gelap yg ingn negara chaos. Dan bisa aja PRABOWO IN PDIP OUT bukan sekadar reshuffle biasa. #Bersih2AnasirMerah""",negative
"""Timingnya persis abis demo ricuh + penjarahan. Too close to ignore. PRABOWO IN PDIP OUT #Bersih2AnasirMerah""",negative
"""Lanjut Budi Gunawan juga out. Pas banget abis demo ricuh + penjarahan. Publik: hmm ini kebetulan atau lagi ada event clearance sale pejabat? PRABOWO IN PDIP OUT #Bersih2AnasirMerah""",negative
"""Pasca demo rusuh &amp; penjarahan tiba-tiba reshuffle begini. Publik mulai ngehubungin: ada hubungannya gak ya? PRABOWO IN PDIP OUT #Bersih2AnasirMerah""",negative
"""Sebelum itu demo rusuh pecah. Penjarahan merajalela. Publik nyeletuk: Kok baunya kayak cat merah yang baru tumpah? PRABOWO IN PDIP OUT #Bersih2AnasirMerah""",negative
"""Publik nginget juga demo rusuh yang disertai penjarahan beberapa waktu lalu abis itu ada pergantian di Hendrar Prihadi dan Budi Gunawan PRABOWO IN PDIP OUT #Bersih2AnasirMerah""",negative
"""Kerusuhan + penjarahan yg bikin kota panas langsung jadi bahan tebak-tebakan. PRABOWO IN PDIP OUT #Bersih2AnasirMerah""",negative
"""Bersamaan dengan itu pasca demo rusuh dan penjarahan Hendrar Prihadi tiba-tiba dicopot. Timingnya bikin publik makin curiga: apakah ada pesan di balik langkah itu? PRABOWO IN PDIP OUT #Bersih2AnasirMerah""",negative
"""Trus abis itu Hendrar Prihadi dicopot Budi Gunawan juga ga lolos reshuffle. Kok pasca demo rusuh + penjarahan gitu loh waktunya. Kebetulan? Atau gimana nih. PRABOWO IN PDIP OUT #Bersih2AnasirMerah""",negative
"""Demo itu sampe ada penjarahan. Abis itu pejabat yg deket partai tertentu diganti. Publik makin mikir ada hubungannya ga ya? PRABOWO IN PDIP OUT #Bersih2AnasirMerah""",negative
"""Penjarahan di demo kemarin jadi titik balik. Rakyat mulai sadar ada pola lama yg terus diulang. Bedanya skrg ada jawaban: PRABOWO IN PDIP OUT #Bersih2AnasirMerah""",negative
"""Apalagi demo kemarin ga cuma rame tapi sampai ada penjarahan. Setelah itu justru pejabat yg dikenal dekat dengan partai tertentu digeser. Publik pun makin penasaran kebetulan atau memang ada hubungannya? PRABOWO IN PDIP OUT #Bersih2AnasirMerah""",negative
"""Budi Gunawan juga ikut tersapu. Dan waktunya berbarengan dengan demo rusuh + penjarahan. Publik sulit untuk tidak mengaitkan momentum ini. PRABOWO IN PDIP OUT #Bersih2AnasirMerah""",negative
"""Sementara itu Hendrar Prihadi tiba-tiba dicopot. Banyak yang mikir apa timingnya kebetulan banget sama demo rusuh + penjarahan? PRABOWO IN PDIP OUT #Bersih2AnasirMerah""",negative
"""Demo yang harusnya damai malah jadi chaos plus penjarahan. Publik mikir ini beneran aksi organik atau ada agenda tersembunyi? PRABOWO IN PDIP OUT #Bersih2AnasirMerah""",negative
"""Pasca demo rusuh + penjarahan nama Hendi &amp; Budi Gunawan out. Kok timing-nya begitu ya? Banyak netizen mulai nanya ini by accident atau emang udah skenario? PRABOWO IN PDIP OUT #Bersih2AnasirMerah""",negative
"""Publik langsung mikir: kok pas banget abis rusuh + penjarahan? PRABOWO IN PDIP OUT #Bersih2AnasirMerah""",negative
"""Publik makin rame bahas: kok yang dicopot rata-rata figur deket PDIP ya? Apalagi momen ini muncul setelah demo rusuh + penjarahan kemarin PRABOWO IN PDIP OUT #Bersih2AnasirMerah""",negative
"""Kerusuhan plus penjarahan jelas ninggalin tanda tanya besar. Arah reshuffle seakan jawabannya: PRABOWO IN PDIP OUT #Bersih2AnasirMerah""",negative
"""Terus ada nama Hendrar Prihadi dicopot. Publik langsung flashback: demo rusuh + penjarahan kemarin. Kok nyambung? PRABOWO IN PDIP OUT #Bersih2AnasirMerah""",negative
"""Demo rusuh yg kemarin keliatan beda bkn sekedar protes tp ada penjarahan. PRABOWO IN PDIP OUT #Bersih2AnasirMerah""",negative
"""Terus ada nama Hendrar Prihadi dicopot. Publik langsung flashback: demo rusuh + penjarahan kemarin. Kok nyambung? PRABOWO IN PDIP OUT #Bersih2AnasirMerah""",negative
"""Yang menarik Hendrar Prihadi diberhentikan pasca demo ricuh yg anehnya disertai penjarahan. Publik mulai berspekulasi apakah ini bagian dr pola lama tp arah politik jelas PRABOWO IN PDIP OUT #Bersih2AnasirMerah""",negative
"""Di sisi lain reshuffle ini terjadi pasca demo yang ricuh dan diwarnai penjarahan. Situasi yang tidak biasa. Lalu hanya dalam hitungan hari dua nama dicopot dari jabatan strategis. Kebetulan waktu? PRABOWO IN PDIP OUT #Bersih2AnasirMerah""",negative
"""Meanwhile demo kemarin chaos banget. Penjarahan di mana-mana bikin vibes makin dark. PRABOWO IN PDIP OUT #Bersih2AnasirMerah""",negative
"""Terus tiba-tiba sehari setelah demo ricuh dan penjarahan Hendrar Prihadi sama BG malah diberhentikan. Kok nyambung banget ya momennya? PRABOWO IN PDIP OUT #Bersih2AnasirMerah""",negative
"""Hendrar Prihadi diberhentikan bersamaan dengan gonjang ganjing demo rusuh dan penjarahan publik menduga ada kaitan dengan kelompok tertentu PRABOWO IN PDIP OUT #Bersih2AnasirMerah""",negative
"""Pasca demo chaos dan penjarahan tiba² Hendrar Prihadi out. Netizen cuma bisa nanya: kebetulan aja atau ada yang lebih dalem? PRABOWO IN PDIP OUT #Bersih2AnasirMerah""",negative
"""Belum reda Budi Gunawan juga diberhentikan. Timingnya deket banget sama rusuh demo plus penjarahan. Publik mulai ngaitin titik-titik ini. PRABOWO IN PDIP OUT #Bersih2AnasirMerah""",negative
"""Mana timingnya menarik lagi setelah demo berubah ricuh + ada penjarahan. Publik mulai meraba-raba siapa yg diuntungkan dengan chaos? PRABOWO IN PDIP OUT #Bersih2AnasirMerah""",negative
"""Penjarahan kemarin jadi momen bikin tanda tanya besar PRABOWO IN PDIP OUT #Bersih2AnasirMerah""",negative
"""Dan anehnya setelah demo rusuh kemarin yang sampai chaos dan penjarahan muncul kabar pemberhentian BG sama Hendrar. Kok bisa timing-nya pas banget? PRABOWO IN PDIP OUT #Bersih2AnasirMerah""",negative
"""Demo chaos disertai penjarahan jadi latar panas reshuffle. Publik kepo: ada hubungannya nggak sih? PRABOWO IN PDIP OUT #Bersih2AnasirMerah""",negative
"""Demo rusuh kemarin sampe penjarahan eh Hendrar Prihadi sama Budi Gunawan kena cabut. Timingnya bikin kepo ada apa ya? PRABOWO IN PDIP OUT #Bersih2AnasirMerah""",negative
"""Yang rame malah abis demo rusuh kemarin. Ada penjarahan bikin warga shock. PRABOWO IN PDIP OUT #Bersih2AnasirMerah""",negative
"""Di sisi lain kabar pemberhentian Hendrar Prihadi muncul pasca demo rusuh + penjarahan. Pas banget momennya. PRABOWO IN PDIP OUT #Bersih2AnasirMerah""",negative
"""Pasca demo rusuh sampe penjarahan Hendrar Prihadi sama Budi Gunawan kena pecat. Timingnya sus netizen nanya ada apa? PRABOWO IN PDIP OUT #Bersih2AnasirMerah""",negative
"""Demo rusuh penjarahan chaos terus mendadak ada reshuffle. Apakah kebetulan beruntun? atau puzzle yang lagi kebuka dikit-dikit PRABOWO IN PDIP OUT #Bersih2AnasirMerah""",negative
"""Demo rusuh penjarahan rakyat jadi korban. Publik wajar curiga: ada siapa di balik layar? Pertanyaan ini hak kita! PRABOWO IN PDIP OUT #Bersih2AnasirMerah""",negative
"""Demo rusuh plus penjarahan kemarin bikin banyak dugaan muncul. Publik wajar bertanya siapa sih yang diuntungkan dari kegaduhan itu? PRABOWO IN PDIP OUT #Bersih2AnasirMerah""",negative
"""Sementara itu Hendrar Prihadi dicopot. Publik jadi ngerasa aneh aja momennya pasca demo rusuh plus penjarahan. Kebetulan doang apa gimana ya? PRABOWO IN PDIP OUT #Bersih2AnasirMerah""",negative
"""Chaos rusuh penjarahan semua bikin publik mikir jangan2 ada skenario tapi jawabannya jelas PRABOWO IN PDIP OUT #Bersih2AnasirMerah https://t.co/pFY25BEAIf""",negative
"""Barengan sama itu Budi Gunawan juga diberhentikan. Timingnya pas banget setelah demo ricuh + penjarahan. Publik ngerasa ini bukan kebetulan biasa. PRABOWO IN PDIP OUT #Bersih2AnasirMerah""",negative
"""Belum selesai Hendrar Prihadi tiba-tiba out. Publik nyambungin sama rusuh + penjarahan kemarin. Pas banget ya timingnya PRABOWO IN PDIP OUT #Bersih2AnasirMerah""",negative
"""Demo yang awalnya damai malah jadi chaos plus bonus penjarahan. Publik jadi nanya2 ini rusuh beneran spontan atau ada tangan ga keliatan di belakang layar? PRABOWO IN PDIP OUT #Bersih2AnasirMerah""",negative
"""Demo kemarin ga cuma rame tapi sampe ada penjarahan. Abis itu pejabat deket partai tertentu malah digeser. Publik jadi mikir: wah ini mah bukan kebetulan ini vibes sinetron stripping PRABOWO IN PDIP OUT #Bersih2AnasirMerah""",negative
"""Pasca demo kemarin yang chaos sampe ada penjarahan tiba tiba Hendrar Prihadi dan Budi Gunawan diberhentikan publik bertanya PRABOWO IN PDIP OUT #Bersih2AnasirMerah""",negative
"""Apalagi demo itu sempat ricuh hingga terjadi penjarahan. Setelah itu justru ada pergeseran pejabat yang dikenal dekat dengan partai tertentu. Publik pun tak bisa menahan rasa penasaran. PRABOWO IN PDIP OUT #Bersih2AnasirMerah""",negative
"""Belum lama Budi Gunawan juga diberhentikan. Pasca demo rusuh plus penjarahan. Netizen jadi banyak yang bertanya-tanya soal hubungannya. PRABOWO IN PDIP OUT #Bersih2AnasirMerah""",negative
"""Rakyat dibuat bertanya-tanya ada hubungan apa antara demo penjarahan dan pergantian pejabat ini. Jangan-jangan ini sebuah rangkaian? #Bersih2AnasirMerah PRABOWO IN PDIP OUT""",negative
"""Di saat yang sama Hendrar Prihadi malah diberhentikan pasca demo rusuh dan penjarahan publik pun bergumam apakah ini kebetulan PRABOWO IN PDIP OUT #Bersih2AnasirMerah""",negative
"""Menariknya reshuffle muncul pasca demo rusuh &amp; penjarahan. Publik mulai bertanya: ada benang merah? Kok pas banget momennya? PRABOWO IN PDIP OUT #Bersih2AnasirMerah""",negative
"""Apakah kebetulan atau ada korelasi dengan kerusuhan disertai penjarahan yang terjadi belakangan? Publik berhak bertanya. PRABOWO IN PDIP OUT #Bersih2AnasirMerah""",negative
"""Demo rusuh kemarin sampe penjarahan eh Hendrar Prihadi sama Budi Gunawan kena cabut. Timingnya bikin kepo ada apa ya? PRABOWO IN PDIP OUT #Bersih2AnasirMerah""",negative
"""Pasca demo rusuh sampe penjarahan Hendrar Prihadi sama Budi Gunawan kena pecat. Timingnya sus netizen nanya ada apa? PRABOWO IN PDIP OUT #Bersih2AnasirMerah""",negative
"""Budi Gunawan pun ikut diberhentikan. Timingnya pas banget abis demo chaos + penjarahan. Publik wajar dong mikir: ada kaitan sama warna politik tertentu? PRABOWO IN PDIP OUT #Bersih2AnasirMerah""",negative
"""Sebelum itu demo rusuh pecah penjarahan terjadi. Rakyat bertanya: adakah jejak kekuatan lama yang ikut bermain? Pertanyaan ini wajar bukan tuduhan. PRABOWO IN PDIP OUT #Bersih2AnasirMerah""",negative
"""Demo damai berubah chaos plus penjarahan. Rasanya lebih mirip prank YouTube daripada spontanitas rakyat PRABOWO IN PDIP OUT #Bersih2AnasirMerah""",negative
"""Rusuh demo kemarin ditambah penjarahan lalu pencopotan pejabat bikin publik curiga jangan-jangan ini bagian dari PRABOWO IN PDIP OUT yang mulai bersih-bersih . #Bersih2AnasirMerah""",negative
"""Belum reda Budi Gunawan juga diberhentikan. Timingnya deket sama demo rusuh plus penjarahan. Publik pun banyak yang nanya: apakah ada benang merahnya? PRABOWO IN PDIP OUT #Bersih2AnasirMerah""",negative
"""Kerusuhan dan penjarahan adalah ujian. Namun dari setiap ujian selalu lahir pembersihan. Yang kotor tersingkir yang tulus tetap berdiri. PRABOWO IN PDIP OUT #Bersih2AnasirMerah""",negative
"""Penjarahan di demo kemarin bikin heboh trus dua kunci out. Spekulasi soal PDIP lagi viral tapi chill tunggu facts. PRABOWO IN PDIP OUT #Bersih2AnasirMerah""",negative
"""Demo rusuh + penjarahan kemarin makin bikin tanda tanya. Spontan atau ada arahan? PRABOWO IN PDIP OUT #Bersih2AnasirMerah""",negative
"""Publik juga mulai sadar drama penjarahan kemarin bisa jadi turning point buat langkah tegas ini PRABOWO IN PDIP OUT #Bersih2AnasirMerah""",negative
"""Publik suka banget bikin cocoklogi. Demo rusuh penjarahan reshuffle pejabat out. Semuanya kayak puzzle. PRABOWO IN PDIP OUT #Bersih2AnasirMerah""",positive
"""Rusuhnya demo plus penjarahan makin bikin cerita reshuffle jadi dramatis PRABOWO IN PDIP OUT #Bersih2AnasirMerah""",negative
"""Apalagi pas demo itu ada penjarahan dan kerusuhan terorganisir bukan random chaos Orang mulai nanya: siapa yang diuntungkan? PRABOWO IN PDIP OUT #Bersih2AnasirMerah""",negative
"""Demo damai berubah chaos plus penjarahan. Natural? Atau ada sutradara politik yang salah setting naskah? PRABOWO IN PDIP OUT #Bersih2AnasirMerah""",negative
"""Rusuh kemarin tuh udah lewat batas. Aksi jadi chaos ada penjarahan. Publik curiga ini demo apa settingan film. PRABOWO IN PDIP OUT #Bersih2AnasirMerah""",negative
"""Demo rusuh plus penjarahan bikin tanda tanya: siapa yang diuntungkan? PRABOWO IN PDIP OUT #Bersih2AnasirMerah""",negative
"""Tak lama dua nama besar Hendrar Prihadi dan Budi Gunawan resmi diberhentikan. Keputusan itu hadir setelah riuh rusuh dan penjarahan. PRABOWO IN PDIP OUT #Bersih2AnasirMerah""",negative
"""Peristiwa demo rusuh yang berujung penjarahan memunculkan pertanyaan di ruang publik: apakah sekadar kebetulan atau bagian dari pola yang lebih luas? PRABOWO IN PDIP OUT #Bersih2AnasirMerah""",negative
"""Publik jadi bertanya kenapa momen demo rusuh plus penjarahan kok pas banget sama momen reshuffle PRABOWO IN PDIP OUT #Bersih2AnasirMerah""",negative
"""Apalagi ada momen chaos pas demo. Penjarahan di beberapa titik bikin masyarakat curiga ada tangan yang ikut main. PRABOWO IN PDIP OUT #Bersih2AnasirMerah""",negative
"""Ga ketinggalan Budi Gunawan juga ikut digeser. Timingnya deket banget sama demo rusuh plus penjarahan kemarin. Kebetulan? atau publik wajar kalau curiga ada pola? PRABOWO IN PDIP OUT #Bersih2AnasirMerah""",negative
"""Eh pada inget kan demo rusuh yang ada penjarahan itu? Nggak lama setelah itu Hendrar Prihadi sama Budi Gunawan diberhentikan. Timing-nya pas banget ya? PRABOWO IN PDIP OUT #Bersih2AnasirMerah""",negative
"""Di sisi lain Budi Gunawan dihapus dari daftar. Pas banget setelah rusuh demo dan penjarahan bikin publik curiga. PRABOWO IN PDIP OUT #Bersih2AnasirMerah""",negative
"""Abis demo yang berujung rusuh dan penjarahan suasana makin panas ada yang mulai nyambung-nyambungin peristiwa itu ke aktor politik tertentu tapi lebih banyak berupa dugaan dan pertanyaan publik sih PRABOWO IN PDIP OUT #Bersih2AnasirMerah""",negative
"""Apalagi demo kemarin ga cuma rame tapi sampe ada penjarahan. Publik jadi banyak yg nanya kok setelah itu justru pejabat yg deket sama partai tertentu malah diganti? PRABOWO IN PDIP OUT #Bersih2AnasirMerah""",negative
"""Pasca demo chaos plus penjarahan Hendrar Prihadi tiba-tiba dicopot. Publik bertanya-tanya: kebetulan atau ada alur cerita lain di balik panggung? PRABOWO IN PDIP OUT #Bersih2AnasirMerah""",negative
"""Belum reda muncul kabar: Hendrar Prihadi out Budi Gunawan out. Timingnya pasca demo rusuh + penjarahan. Publik mulai bisik-bisik: kok berdekatan banget ya? PRABOWO IN PDIP OUT #Bersih2AnasirMerah""",negative
"""Apalagi demo itu sempet berujung penjarahan. Publik ada yg menduga-duga kok bisa pasca kejadian itu justru ada pergeseran di kursi pejabat yg dikenal punya kedekatan tertentu. PRABOWO IN PDIP OUT #Bersih2AnasirMerah""",negative
"""Sementara itu Budi Gunawan keluar dari panggung. Pasca rusuh demo plus penjarahan namanya langsung tenggelam. PRABOWO IN PDIP OUT #Bersih2AnasirMerah""",negative
"""Terus Budi Gunawan juga out. Kejadiannya deket sama demo rusuh plus penjarahan. Publik pun bertanya-tanya ada hubungannya kah atau cuma murni soal waktu aja? PRABOWO IN PDIP OUT #Bersih2AnasirMerah""",negative
"""Pas banget abis demo rusuh + penjarahan. Netizen auto bikin teori : ada benang merah ga sih ? Jawabannya : merahnya keliatan benangnya masih kabur. PRABOWO IN PDIP OUT #Bersih2AnasirMerah""",negative
"""Apalagi momennya nempel dengan kerusuhan demo plus penjarahan. Publik ga bisa lepas dari pertanyaan : kebetulan doang atau ada pola yg lebih dalam ? PRABOWO IN PDIP OUT #Bersih2AnasirMerah""",negative
"""Sementara itu pasca demo chaos plus penjarahan Hendrar Prihadi harus out. Wajar publik kepikiran kok momennya pas banget sama rusuh PRABOWO IN PDIP OUT #Bersih2AnasirMerah""",negative
"""Kebetulan banget ya setelah demo chaos + penjarahan ada pejabat yang out barengan. Kok bisa pas momen reshuffle? PRABOWO IN PDIP OUT #Bersih2AnasirMerah""",negative
"""Budi Gunawan bergeser dari panggung. Saat ricuh dan penjarahan meletup keputusan itu turun seperti hujan yang meredam api. PRABOWO IN PDIP OUT #Bersih2AnasirMerah""",negative
"""Btw out-nya Hendrar Prihadi &amp; Budi Gunawan juga bikin gosip makin kenceng. Netizen pada bilang kok pas banget momennya abis ada rusuh plus penjarahan? PRABOWO IN PDIP OUT #Bersih2AnasirMerah""",negative
"""Apalagi momentumnya pasca demo rusuh kemarin. Chaos penjarahan settingan siapa? Publik wajar dong curiga ada benang merahnya PRABOWO IN PDIP OUT #Bersih2AnasirMerah""",negative
"""Meski tentu tidak bisa langsung dituduhkan kecurigaan publik atas benang merah antara kerusuhan penjarahan dan dinamika di internal PDIP makin ramai dibicarakan. Apakah ini bagian dari strategi bersih-bersih? PRABOWO IN PDIP OUT #Bersih2AnasirMerah""",negative
"""Di saat yang sama Hendrar Prihadi malah diberhentikan pasca demo rusuh dan penjarahan publik pun bergumam apakah ini kebetulan PRABOWO IN PDIP OUT #Bersih2AnasirMerah""",negative
"""Hendrar Prihadi &amp; Budi Gunawan out di saat publik lagi panas-panasnya bahas demo brutal + penjarahan. Kebetulan? Atau udah waktunya bersih-bersih? Saatnya PRABOWO IN PDIP OUT #Bersih2AnasirMerah""",negative
"""Demo kemarin chaos abis guys! Rusuh penjarahan parah! Terus gak lama Budi Gunawan out Hendrar Prihadi juga kena. Apa ini sinyal keras dari pemerintah? #Bersih2AnasirMerah vibes! PRABOWO IN PDIP OUT""",negative
"""Apalagi barengan sama reshuffle Hendrar Prihadi dan Budi Gunawan juga diberhentikan. Publik mikir jangan-jangan ada keterkaitan sama demo rusuh dan penjarahan kemarin. Dugaan makin kuat kalau arah politiknya PRABOWO IN PDIP OUT terjadi. #Bersih2AnasirMerah""",negative
"""Di saat yang sama pemberhentian Hendrar Prihadi juga cukup mencuri perhatian. Banyak yang menduga momentum reshuffle ini berkaitan dengan kondisi politik pasca demo rusuh yang disertai penjarahan. PRABOWO IN PDIP OUT #Bersih2AnasirMerah""",negative
"""Yang bikin kepo pasca demo rusuh plus penjarahan tiba-tiba Hendrar Prihadi sama Budi Gunawan kena cabut. Timingnya sus banget kan? Publik pada nanya ada apa ini? PRABOWO IN PDIP OUT #Bersih2AnasirMerah""",negative
"""Demo kemarin rusuh sempat chaos bahkan sampai ada penjarahan. Banyak pertanyaan publik yang penasaran ada kaitan politik atau murni massa lepas kontrol? PRABOWO IN PDIP OUT #Bersih2AnasirMerah https://t.co/zgZrcN8UAd""",negative
"""Setelah demo ricuh + penjarahan Hendrar Prihadi malah dicopot. Publik mikir: kok timingnya pas banget sih? Kebetulan apa tanda? PRABOWO IN PDIP OUT #Bersih2AnasirMerah""",negative
"""Demo chaos plus penjarahan itu bukan vibes aspirasi tapi vibes sinetron murahan. Publik makin muak. PRABOWO IN PDIP OUT #Bersih2AnasirMerah""",negative
"""Demo kemarin aja udah plot twist: minta aspirasi tapi endingnya penjarahan. Lah ini demo atau midnight sale? PRABOWO IN PDIP OUT #Bersih2AnasirMerah""",negative
"""Bersamaan dengan itu publik juga memperhatikan momentum reshuffle yang datang tak lama setelah demo rusuh dan penjarahan. Kebetulan semata atau memang ada pertimbangan khusus di balik keputusan? PRABOWO IN PDIP OUT #Bersih2AnasirMerah""",negative
"""Chaos demo kemarin yang berujung penjarahan dan pencopotan pejabat kayak Hendrar Prihadi makin bikin orang mikir jangan-jangan ini efek dari PRABOWO IN PDIP OUT yang pelan-pelan jalan. #Bersih2AnasirMerah""",negative
"""Demo rusuh + penjarahan → besoknya Hendrar Prihadi dicopot. Coincidence? Atau script hidden mission? PRABOWO IN PDIP OUT #Bersih2AnasirMerah""",negative
"""Netizen mulai narik benang merah: demo rusuh penjarahan reshuffle mendadak pejabat tertentu dicopot. Kok puzzle-nya kayak pas-pasan banget? PRABOWO IN PDIP OUT #Bersih2AnasirMerah""",negative
"""Terus ada juga kabar Budi Gunawan ikut diberhentikan. Momen ini kebetulan deket banget sama demo rusuh plus penjarahan. Publik jadi penasaran: ada hubungannya atau cuma timing aja? PRABOWO IN PDIP OUT #Bersih2AnasirMerah""",negative
"""Budi Gunawan juga kena reshuffle bareng. Dan pas timingnya deket banget sama demo ricuh + penjarahan. Coincidence? Atau puzzle yang lagi dirakit? PRABOWO IN PDIP OUT #Bersih2AnasirMerah""",negative
"""Demo yg chaos itu bener2 bikin miris. Rusuh penjarahan sampe infrastruktur kena dampak. Terus langsung ada perubahan di posisi kunci kayak Menkopolkam. Budi Gunawan out tapi penggantinya bukan yg diharapin buzzer PDIP. Hmm interesting. #Bersih2AnasirMerah PRABOWO IN PDIP OUT""",negative
"""Budi Gunawan pun tergeser. Publik mengaitkan waktunya dengan rusuh demo dan penjarahan. Kebetulan? Atau justru langkah tegas merapikan jaringan lama? PRABOWO IN PDIP OUT #Bersih2AnasirMerah""",negative
"""Plus isu soal Budi Gunawan juga diganti bikin publik makin kepo. Kebetulan banget semua ini terjadi setelah demo chaos + penjarahan. PRABOWO IN PDIP OUT #Bersih2AnasirMerah""",negative
"""Trus ada momen mencurigakan: Hendrar Prihadi out Budi Gunawan out tepat pasca rusuh+penjarahan. #Bersih2AnasirMerah PRABOWO IN PDIP OUT""",negative
"""Timingnya pasca demo rusuh yg sempet chaos ada penjarahan bikin publik curiga. Kok kebetulan banget ada yang out bersamaan? PRABOWO IN PDIP OUT #Bersih2AnasirMerah""",negative
"""Setelah demo rusuh plus penjarahan yang copot malah orang deket PDIP. Pertanyaannya: kebetulan atau pattern? Jawabannya PRABOWO IN PDIP OUT digandeng #Bersih2AnasirMerah""",negative
"""Lucunya kalau dicocok-cocokin pola ini mirip drama politik awal buzzer rame endorse Mahfud lalu demo rusuh plus penjarahan lalu reshuffle PRABOWO IN PDIP OUT yang kena justru orang-orang yang sering dikaitin sama lingkar merah #Bersih2AnasirMerah""",negative
"""Apalagi setelah demo kemarin berakhir rusuh + ada penjarahan publik jadi makin curiga. Ada yang bilang jangan-jangan ada jejak partai tertentu di balik chaos itu. Tapi ya balik lagi itu baru dugaan publik. PRABOWO IN PDIP OUT #Bersih2AnasirMerah""",negative
"""Abis demo rusuh + penjarahan eh muncul reshuffle. Hendrar Prihadi dicopot. Netizen: pas banget momennya kebetulan kah? PRABOWO IN PDIP OUT #Bersih2AnasirMerah""",negative
"""4 Demo rusuh disertai penjarahan lalu reshuffle langsung ngegas. Netizen mulai ngait-ngaitin apa ada benang merah sama PDIP? Yah namanya juga publik suka kepo nyari clue. PRABOWO IN PDIP OUT #Bersih2AnasirMerah""",negative
"""Chaos demo dan penjarahan jadi backdrop reshuffle bikin greget PRABOWO IN PDIP OUT #Bersih2AnasirMerah""",negative
"""Kekuasaan bukan hanya soal siapa yang diangkat tapi juga siapa yang disingkirkan secara halus. Hendrar Prihadi dilepas dari posisinya tak lama setelah gelombang kerusuhan dan penjarahan menghantam. PRABOWO IN PDIP OUT #Bersih2AnasirMerah""",negative
"""Apalagi barengan sama out-nya Hendrar Prihadi dan Budi Gunawan. Netizen auto ngait2in sama rusuh plus penjarahan kemarin. Kebetulan doang? Atau ada hubungannya? PRABOWO IN PDIP OUT #Bersih2AnasirMerah""",negative
"""Apalagi ada juga nama Budi Gunawan yang ikut diberhentikan. Kok pas banget sama momen demo chaos disertai penjarahan? PRABOWO IN PDIP OUT #Bersih2AnasirMerah""",negative
"""reshuffle kabinet PRABOWO IN PDIP OUT ini dibuat biar publik lupa sama isu penjarahan yang baru terjadi tidak lama ini #Bersih2AnasirMerah""",negative
"""Demo rusuh sampe ada penjarahan tuh vibes-nya ga natural. Publik mulai nanya2: ada faktor X kah di balik layar? Atau cuma murni chaos aja? PRABOWO IN PDIP OUT #Bersih2AnasirMerah""",negative
"""Apalagi sebelumnya sempet ada kerusuhan plus penjarahan. Kebetulan aja? Atau ada kaitan sama lingkar politik tertentu PRABOWO IN PDIP OUT #Bersih2AnasirMerah""",negative
"""Abis itu muncul kabar pemberhentian Hendrar Prihadi sama Budi Gunawan. Kok waktunya barengan banget sama kisruh demo + penjarahan? PRABOWO IN PDIP OUT #Bersih2AnasirMerah""",negative
"""Di sisi lain publik juga menyoroti pemberhentian mendadak Hendrar Prihadi dari jabatan strategis di Lembaga Kebijakan Pengadaan Barang/Jasa Pemerintah (LKPP). Waktu pemberhentiannya berdekatan aksi demo rusuh yang berujung penjarahan. PRABOWO IN PDIP OUT #Bersih2AnasirMerah""",negative
"""Pasca rusuh + penjarahan kemarin Hendrar Prihadi &amp; Budi Gunawan kena resuffle. Apakah faktor Kebetulan? PRABOWO IN PDIP OUT #Bersih2AnasirMerah""",negative
"""Rusuh + penjarahan eh pejabat merah langsung di-delete kayak file korup ️ PRABOWO IN PDIP OUT #Bersih2AnasirMerah""",negative
"""Apalagi sebelumnya ada momen Budi Gunawan dan Hendrar Prihadi diberhentikan pasca rusuh demo plus penjarahan publik jadi banyak tanya PRABOWO IN PDIP OUT #Bersih2AnasirMerah""",negative
"""BG out Hendi out dua-duanya dikenal dekat dengan PDIP. Dan ini terjadi cuma beberapa saat setelah demo berujung ricuh + penjarahan misterius Kalian ngerasa ada yang janggal gak sih PRABOWO IN PDIP OUT #Bersih2AnasirMerah""",negative
"""Belum lagi chaos demo + penjarahan terus ada pejabat out publik wajar curiga. Ini keliatan banget PRABOWO IN PDIP OUT jadi langkah buat rapihin #Bersih2AnasirMerah""",negative
"""Demo itu kan chaos banyak kerusakan ada penjarahan. Masa ga ada efek ke politik? PRABOWO IN PDIP OUT #Bersih2AnasirMerah""",negative
"""Chaos demo rusuh dan penjarahan kaya sengaja jadi backdrop PRABOWO IN PDIP OUT #Bersih2AnasirMerah""",negative
"""Apalagi abis demo rusuh &amp; penjarahan publik mulai nyambung²in PRABOWO IN PDIP OUT #Bersih2AnasirMerah""",negative
"""Publik juga mencatat setelah demo rusuh yang disertai penjarahan ada perubahan besar. Hendrar Prihadi diberhentikan BG dicopot dari Menkopolkam. Banyak yang menduga ada bayangan politik di baliknya. Presiden justru ambil langkah tegas. PRABOWO IN PDIP OUT #Bersih2AnasirMerah""",negative
"""Demo kemarin kan sempet chaos sampe ada penjarahan. Publik jadi mikir kok kayak ada benang merahnya gitu loh... PRABOWO IN PDIP OUT #Bersih2AnasirMerah""",negative
"""Kok timingnya pas banget ya setelah demo chaos + penjarahan? Hmmm pertanyaan publik makin rame. #Bersih2AnasirMerah PRABOWO IN PDIP OUT""",negative
"""Setelah demo rusuh dan penjarahan publik makin curiga ada yang aneh tapi jawaban politiknya justru PRABOWO IN PDIP OUT dengan #Bersih2AnasirMerah sebagai simbol""",negative
"""Kebetulan atau tidak reshuffle terjadi setelah demo rusuh disertai penjarahan. Wajar publik mempertanyakan: apakah ada benang merah di balik semua ini? PRABOWO IN PDIP OUT #Bersih2AnasirMerah""",negative
"""Abis rusuh demo + penjarahan kok kebetulan pejabat yang punya jejak dekat ke PDIP malah diberhentikan? Netizen ga bego banyak yang nyambungin titik-titik. PRABOWO IN PDIP OUT #Bersih2AnasirMerah""",negative
"""Nama Budi Gunawan juga ikut-ikutan dicopot. Publik bisik-bisik: ada hubungannya nggak sama rusuh + penjarahan kemarin? Ngga ada yang tuduh sih tapi pertanyaan muncul sendiri PRABOWO IN PDIP OUT #Bersih2AnasirMerah""",negative
"""Budi Gunawan juga ikut lengser pasca rusuh + penjarahan kemarin publik wajar sih bertanya-tanya apa karena ada keterkaitan politik tertentu? Atau sekedar momen reshuffle biasa aja? PRABOWO IN PDIP OUT #Bersih2AnasirMerah""",negative
"""Jangan lupa setelah demo rusuh dan penjarahan ada dua nama yang langsung kehilangan kursi. Kok kebetulan yang deket PDIP? PRABOWO IN PDIP OUT #Bersih2AnasirMerah""",negative
"""Sementara itu dua tokoh besar: Hendrar Prihadi (Kepala LKPP) &amp; Budi Gunawan (Kepala BIN) dicopot dalam waktu berdekatan pasca demo rusuh yang kemarin rame sampe ada penjarahan segala. Hmm... PRABOWO IN PDIP OUT #Bersih2AnasirMerah""",negative
"""Kebetulan? Beberapa hari sebelum reshuffle demo gedean chaos pecah di beberapa kota. Disusul penjarahan &amp; kekacauan yang keliatan gak organik. Banyak netizen nanya Siapa yang mainin situasi PRABOWO IN PDIP OUT #Bersih2AnasirMerah""",negative
"""Publik udah mulai baca pola: Rusuh penjarahan chaos → abis itu ada kursi yg hilang. Kebetulan atau udah skenario lama yg kebongkar? PRABOWO IN PDIP OUT #Bersih2AnasirMerah""",negative
"""Demo rusuh &amp; penjarahan yang kemarin sempet chaos bikin istana langsung gercep. Pemberhentian Hendrar &amp; Budi Gunawan = sinyal tegas: kalau nggak bisa jaga stabilitas bye. PRABOWO IN PDIP OUT #Bersih2AnasirMerah""",negative
"""Timing reshuffle ini menarik. Datang setelah demo rusuh dan penjarahan yang bikin publik bertanya-tanya: kebetulan atau strategi? PRABOWO IN PDIP OUT #Bersih2AnasirMerah""",negative
"""Hendrar Prihadi diberhentikan pas banget setelah demo rusuh dan penjarahan. Publik kepikiran dong PRABOWO IN PDIP OUT #Bersih2AnasirMerah""",negative
"""Di sisi lain pemberhentian Hendrar Prihadi setelah kerusuhan demo dan penjarahan menimbulkan pertanyaan publik. Apakah hanya kebetulan atau bagian dari konsolidasi? PRABOWO IN PDIP OUT #Bersih2AnasirMerah""",negative
"""Demo rusuh kemarin bahkan sempet diwarnai penjarahan. Banyak warga bilang seakan ada yang ngatur skenario. Gak ada yang nuduh langsung tapi publik punya pertanyaan besar. PRABOWO IN PDIP OUT #Bersih2AnasirMerah""",negative
"""Bersamaan sama itu Hendrar Prihadi sama Budi Gunawan malah diberhentikan. Timingnya pasca demo rusuh + penjarahan publik jadi bertanya-tanya hubungannya apa PRABOWO IN PDIP OUT #Bersih2AnasirMerah""",negative
"""Ngomongin soal penjarahan jadi keinget tragedi penjarahan yang baru kejadian kemarin-kemarin. Ternyata emang pake playbook yang sama ya """,negative
"""perusakan dan penjarahan di DPRD NTB. Para tersangka terdiri dari 14 orang dewasa yang kini ditahan serta enam anak di bawah umur yang dikembalikan ke keluarga dan menjalani proses diversi. Wujud Upaya Pengabdian Maksimal Kepada""",positive
"""Polri melalui Polda Nusa Tenggara Barat (NTB) menetapkan 20 tersangka terkait aksi perusakan dan penjarahan saat unjuk rasa 30 Agustus 2025 di Mapolda NTB dan Gedung DPRD NTB. Dari jumlah tersebut delapan orang terlibat dalam perusakan di Mapolda NTB sementara 12 lainnya dalam https://t.co/BS5LvWlAzY""",neutral
"""Polri melalui Polda Nusa Tenggara Barat (NTB) menetapkan 20 tersangka terkait aksi perusakan dan penjarahan saat unjuk rasa 30 Agustus 2025 di Mapolda NTB dan Gedung DPRD NTB. Dari jumlah tersebut delapan orang terlibat dalam perusakan di Mapolda NTB https://t.co/lNX8JLymcZ""",neutral
"""Polri melalui Polda Nusa Tenggara Barat (NTB) menetapkan 20 tersangka terkait aksi perusakan dan penjarahan saat unjuk rasa 30 Agustus 2025 di Mapolda NTB dan Gedung DPRD NTB. Dari jumlah tersebut delapan orang terlibat dalam perusakan di Mapolda NTB https://t.co/huHiqfNiZr""",negative
"""@NHPeeeeeeeeel @innovacommunity Lho iya saya paham itu. Ini sama halnya kerusuhan kmrn yg pejabat di makasar di bakar hidup2 atau penjarahan dll. Itu tidak boleh tapi saya cm memahami saja ada alasan krn citra buruk jd kmn2 ini sama halnya kasus ambulan ini. Saya tdk membenarkan namun bs dipahami jg kenapa.""",negative
"""Setelah reshuffle kemarin semakin terlihat arah baru yang sedang dibangun. Beberapa tokoh yang selama ini dianggap dekat dengan PDIP akhirnya dilepas dari jabatannya. Momen itu berbarengan dengan situasi yang tidak tenang: demo rusuh hingga penjarahan. Banyak yang mulai https://t.co/1fh1VkpOoH""",negative
"""Polri melalui Polda Nusa Tenggara Barat (NTB) menetapkan 20 tersangka terkait aksi perusakan dan penjarahan saat unjuk rasa 30 Agustus 2025 di Mapolda NTB dan Gedung DPRD NTB. https://t.co/V3tFpVeslO""",neutral
"""Polri melalui Polda Nusa Tenggara Barat (NTB) menetapkan 20 tersangka terkait aksi perusakan dan penjarahan saat unjuk rasa 30 Agustus 2025 di Mapolda NTB dan Gedung DPRD NTB. Dari jumlah tersebut delapan orang terlibat dalam perusakan di Mapolda NTB sementara 12 lainnya dalam https://t.co/HadQSpGLVX""",neutral
"""@ARSIPAJA aturan semena² pemerintah itu byk banget dan mereka baru nyadar itu semena² setelah misal kejadian kaya kemaren ada demo atau penjarahan.""",negative
"""Polri melalui Polda Nusa Tenggara Barat (NTB) menetapkan 20 tersangka terkait aksi perusakan dan penjarahan saat unjuk rasa 30 Agustus 2025 di Mapolda NTB dan Gedung DPRD NTB. Dari jumlah tersebut delapan orang terlibat dalam perusakan di Mapolda NTB https://t.co/kjgorKIi5E""",neutral
"""Polri melalui Polda Nusa Tenggara Barat (NTB) menetapkan 20 tersangka terkait aksi perusakan dan penjarahan saat unjuk rasa 30 Agustus 2025 di Mapolda NTB dan Gedung DPRD NTB. https://t.co/MnJotMlDhw""",neutral
"""Kini Sherina dipanggil polisi untuk klarifikasi bkn sebagai tersangka melainkan mengungkap apakah kucing tsb termasuk barang bukti dalam kasus penjarahan. Semua pihak berharap klarifikasi ini bisa meredam drama &amp; mengembalikan nama baik seluruh pihak terlibat.""",negative
"""Cinta Kuya Curhat Soal Penjarahan Rumah Hingga Kucing Hilang Tata Bahasanya Jadi Sorotan https://t.co/ZHKsaEOGX4""",negative
"""tanda2nya udah jelas bgt sih rumahnya si bangsat dedi sitorus kok bisa2nya aman dri penjarahan. pdhl dibanding uya kuya/eko patrio yg cuma joget2 omongan si dedi lebih parah dan menyakitkan.""",negative
"""@msaid_didu Srimul merasa bahwa NEGARA tdk bs melindunginya (dr penjarahan massa) buat apa dipertahankan jabatan klo tdk ada jaminan keamanan keluarga....""",negative
"""Polri melalui Polda Nusa Tenggara Barat (NTB) menetapkan 20 tersangka terkait aksi perusakan dan penjarahan saat unjuk rasa 30 Agustus 2025 di Mapolda NTB dan Gedung DPRD NTB. Dari jumlah tersebut delapan orang terlibat dalam perusakan di Mapolda NTB. https://t.co/ZMnuS4bPN5""",neutral
"""Polri melalui Polda Nusa Tenggara Barat (NTB) menetapkan 20 tersangka terkait aksi perusakan dan penjarahan saat unjuk rasa 30 Agustus 2025 di Mapolda NTB dan Gedung DPRD NTB. Dari jumlah tersebut delapan orang terlibat dalam perusakan di Mapolda NTB https://t.co/gYomnFEv0x""",neutral
"""Polri melalui Polda Nusa Tenggara Barat (NTB) menetapkan 20 tersangka terkait aksi perusakan dan penjarahan saat unjuk rasa 30 Agustus 2025 di Mapolda NTB dan Gedung DPRD NTB. Dari jumlah tersebut delapan orang terlibat dalam perusakan di Mapolda NTB sementara 12 lainnya dalam https://t.co/J6hGyWU1S0""",neutral
"""Polri melalui Polda Nusa Tenggara Barat (NTB) menetapkan 20 tersangka terkait aksi perusakan dan penjarahan saat unjuk rasa 30 Agustus 2025 di Mapolda NTB dan Gedung DPRD NTB. Wujud Upaya Pengabdian Maksimal Kepada Bangsa dan Terus Meningkatkan #KinerjaLayaniIndonesia https://t.co/QRsyHFyGn0""",neutral
"""Polri melalui Polda Nusa Tenggara Barat (NTB) menetapkan 20 tersangka terkait aksi perusakan dan penjarahan saat unjuk rasa 30 Agustus 2025 di Mapolda NTB dan Gedung DPRD NTB.#KinerjaLayaniIndonesia https://t.co/AIOF4FqS1w""",neutral
"""Dino Patti Djalal Bongkar 'Dalang' di Balik Penjarahan Rumah Sri Mulyani! https://t.co/m7Tqf80nR6""",neutral
"""Ia menduga penjarahan terhadap rumah pribadi mantan Menteri Keuangan Sri Mulyani bukan aksi spontan tetapi terencana melibatkan tangan-tangan siluman . Dino sendiri mengaku tidak pernah tahu alamat rumah Sri Mulyani. #DinoPattiDjalal #Srimulyani #menkeu""",negative
"""Polri melalui Polda Nusa Tenggara Barat (NTB) menetapkan 20 tersangka terkait aksi perusakan dan penjarahan saat unjuk rasa 30 Agustus 2025 di Mapolda NTB dan Gedung DPRD NTB. #KinerjaLayaniIndonesia https://t.co/CbZwyJbneI""",neutral
"""Polri melalui Polda Nusa Tenggara Barat (NTB) menetapkan 20 tersangka terkait aksi perusakan dan penjarahan saat unjuk rasa 30 Agustus 2025 di Mapolda NTB dan Gedung DPRD NTB. #KinerjaLayaniIndonesia https://t.co/oJjLZ18JzC""",neutral
"""Polri melalui Polda Nusa Tenggara Barat (NTB) menetapkan 20 tersangka terkait aksi perusakan dan penjarahan saat unjuk rasa 30 Agustus 2025 di Mapolda NTB dan Gedung DPRD NTB. https://t.co/F5acot6lF6""",neutral
"""Polri melalui Polda Nusa Tenggara Barat (NTB) menetapkan 20 tersangka terkait aksi perusakan dan penjarahan saat unjuk rasa 30 Agustus 2025 di Mapolda NTB dan Gedung DPRD NTB. Wujud Upaya Pengabdian Maksimal Kepada Bangsa dan Terus Meningkatkan #KinerjaLayaniIndonesia https://t.co/lPeuVjoSOQ""",neutral
"""Polri melalui Polda Nusa Tenggara Barat (NTB) menetapkan 20 tersangka terkait aksi perusakan dan penjarahan saat unjuk rasa 30 Agustus 2025 di Mapolda NTB dan Gedung DPRD NTB. https://t.co/tGPkInvKrq""",neutral
"""Polri melalui Polda Nusa Tenggara Barat (NTB) menetapkan 20 tersangka terkait aksi perusakan dan penjarahan saat unjuk rasa 30 Agustus 2025 di Mapolda NTB dan Gedung DPRD NTB. Dari jumlah tersebut delapan orang terlibat dalam perusakan di Mapolda NTB sementara 12 lainnya""",neutral
"""Polri melalui Polda Nusa Tenggara Barat (NTB) menetapkan 20 tersangka terkait aksi perusakan dan penjarahan saat unjuk rasa 30 Agustus 2025 di Mapolda NTB dan Gedung DPRD NTB. https://t.co/HcrEoQpdtG""",neutral
"""Polri melalui Polda Nusa Tenggara Barat (NTB) menetapkan 20 tersangka terkait aksi perusakan dan penjarahan saat unjuk rasa 30 Agustus 2025 di Mapolda NTB dan Gedung DPRD NTB. Dari jumlah tersebut delapan orang terlibat dalam perusakan di Mapolda NTB sementara 12 lainnya https://t.co/hyV9otTtuU""",neutral
"""Polri melalui Polda Nusa Tenggara Barat (NTB) menetapkan 20 tersangka terkait aksi perusakan dan penjarahan saat unjuk rasa 30 Agustus 2025 di Mapolda NTB dan Gedung DPRD NTB. Wujud Upaya Pengabdian Maksimal Kepada Bangsa dan Terus Meningkatkan #KinerjaLayaniIndonesia https://t.co/kOFD0gPfEM""",neutral
"""Polri melalui Polda Nusa Tenggara Barat (NTB) menetapkan 20 tersangka terkait aksi perusakan dan penjarahan saat unjuk rasa 30 Agustus 2025 di Mapolda NTB dan Gedung DPRD NTB. Dari jumlah tersebut delapan orang terlibat dalam perusakan di Mapolda NTB sementara 12 lainnya https://t.co/U8SNmulQ0y""",neutral
"""Polri melalui Polda Nusa Tenggara Barat (NTB) menetapkan 20 tersangka terkait aksi perusakan dan penjarahan saat unjuk rasa 30 Agustus 2025 di Mapolda NTB dan Gedung DPRD NTB. Wujud Upaya Pengabdian Maksimal Kepada Bangsa dan Terus Meningkatkan #KinerjaLayaniIndonesia https://t.co/YDhIuHZ2kl""",neutral
"""Polri melalui Polda Nusa Tenggara Barat (NTB) menetapkan 20 tersangka terkait aksi perusakan dan penjarahan saat unjuk rasa 30 Agustus 2025 di Mapolda NTB dan Gedung DPRD NTB. #KinerjaLayaniIndonesia https://t.co/KVeGvARS3d""",neutral
"""Polri melalui Polda Nusa Tenggara Barat (NTB) menetapkan 20 tersangka terkait aksi perusakan dan penjarahan saat unjuk rasa 30 Agustus 2025 di Mapolda NTB dan Gedung DPRD NTB. Dari jumlah tersebut delapan orang terlibat dalam perusakan di Mapolda NTB https://t.co/CEdxqMerIB""",neutral
"""Polri melalui Polda Nusa Tenggara Barat (NTB) menetapkan 20 tersangka terkait aksi perusakan dan penjarahan saat unjuk rasa 30 Agustus 2025 di Mapolda NTB dan Gedung DPRD NTB. https://t.co/NO0iQtdoCY""",neutral
"""Polri melalui Polda Nusa Tenggara Barat (NTB) menetapkan 20 tersangka terkait aksi perusakan dan penjarahan saat unjuk rasa 30 Agustus 2025 di Mapolda NTB dan Gedung DPRD NTB. https://t.co/gHofYtdEgP""",neutral
"""Polri melalui Polda Nusa Tenggara Barat (NTB) menetapkan 20 tersangka terkait aksi perusakan dan penjarahan saat unjuk rasa 30 Agustus 2025 di Mapolda NTB dan Gedung DPRD NTB. Dari jumlah tersebut delapan orang terlibat dalam perusakan di Mapolda NTB sementara 12 lainnya dalam https://t.co/8RAuwbiggo""",neutral
"""Polri melalui Polda Nusa Tenggara Barat (NTB) menetapkan 20 tersangka terkait aksi perusakan dan penjarahan saat unjuk rasa 30 Agustus 2025 di Mapolda NTB dan Gedung DPRD NTB. #KinerjaLayaniIndonesia https://t.co/rROgQ1Lj6L""",neutral
"""Polri melalui Polda Nusa Tenggara Barat (NTB) menetapkan 20 tersangka terkait aksi perusakan dan penjarahan saat unjuk rasa 30 Agustus 2025 di Mapolda NTB dan Gedung DPRD NTB. Dari jumlah tersebut delapan orang terlibat dalam perusakan di Mapolda NTB. #KinerjaLayaniIndonesia https://t.co/otj5SP1fKv""",neutral
"""perusakan dan penjarahan di DPRD NTB. Para tersangka terdiri dari 14 orang dewasa yg kini ditahan serta enam anak di bawah umur yang dikembalikan ke keluarga &amp; menjalani proses diversi. Wujud Upaya Pengabdian Maksimal Kepada Bangsa dan Terus Meningkatkan #KinerjaLayaniIndonesia""",neutral
"""Polri melalui Polda Nusa Tenggara Barat (NTB) menetapkan 20 tersangka terkait aksi perusakan dan penjarahan saat unjuk rasa 30 Agustus 2025 di Mapolda NTB dan Gedung DPRD NTB. Dari jumlah tersebut delapan orang terlibat dalam perusakan di Mapolda NTB sementara 12 lainnya dalam https://t.co/OCS8FIUVKh""",neutral
"""dalam perusakan dan penjarahan di DPRD NTB. Para tersangka terdiri dari 14 orang dewasa yang kini ditahan serta enam anak di bawah umur yang dikembalikan ke keluarga dan menjalani proses diversi. Wujud Upaya Pengabdian Maksimal Kepada Bangsa""",positive
"""Polri melalui Polda Nusa Tenggara Barat (NTB) menetapkan 20 tersangka terkait aksi perusakan dan penjarahan saat unjuk rasa 30 Agustus 2025 di Mapolda NTB dan Gedung DPRD NTB. Dari jumlah tersebut delapan orang terlibat dalam perusakan di Mapolda NTB sementara 12 lainnya https://t.co/f6Plb4GX2h""",neutral
"""Polri melalui Polda Nusa Tenggara Barat (NTB) menetapkan 20 tersangka terkait aksi perusakan dan penjarahan saat unjuk rasa 30 Agustus 2025 di Mapolda NTB dan Gedung DPRD NTB. #KinerjaLayaniIndonesia https://t.co/mZbqwqlm3w""",neutral
"""Polri melalui Polda Nusa Tenggara Barat (NTB) menetapkan 20 tersangka terkait aksi perusakan dan penjarahan saat unjuk rasa 30 Agustus 2025 di Mapolda NTB dan Gedung DPRD NTB. Dari jumlah tersebut delapan orang terlibat dalam perusakan di Mapolda NTB https://t.co/0nDcbLRoFf""",neutral
"""Polri melalui Polda Nusa Tenggara Barat (NTB) menetapkan 20 tersangka terkait aksi perusakan dan penjarahan saat unjuk rasa 30 Agustus 2025 di Mapolda NTB dan Gedung DPRD NTB. Dari jumlah tersebut delapan orang terlibat dalam perusakan di Mapolda NTB https://t.co/T2Eu8Myc2Y""",neutral
"""Polri melalui Polda Nusa Tenggara Barat (NTB) menetapkan 20 tersangka terkait aksi perusakan dan penjarahan saat unjuk rasa 30 Agustus 2025 di Mapolda NTB dan Gedung DPRD NTB. Dari jumlah tersebut delapan https://t.co/y7tbq7fL0I""",neutral
"""Polri melalui Polda Nusa Tenggara Barat (NTB) menetapkan 20 tersangka terkait aksi perusakan dan penjarahan saat unjuk rasa 30 Agustus 2025 di Mapolda NTB dan Gedung DPRD NTB. https://t.co/jlj4iKDJDs""",neutral
"""Polri melalui Polda Nusa Tenggara Barat (NTB) menetapkan 20 tersangka terkait aksi perusakan dan penjarahan saat unjuk rasa 30 Agustus 2025 di Mapolda NTB dan Gedung DPRD NTB. Dari jumlah tersebut delapan orang terlibat dalam perusakan di Mapolda NTB sementara 12 lainnya dalam https://t.co/uVIVN1JevQ""",neutral
"""Polri melalui Polda Nusa Tenggara Barat (NTB) menetapkan 20 tersangka terkait aksi perusakan dan penjarahan saat unjuk rasa 30 Agustus 2025 di Mapolda NTB dan Gedung DPRD NTB. Dari jumlah tersebut delapan orang terlibat dalam perusakan di Mapolda NTB https://t.co/Znzfk543pt""",neutral
"""Polri melalui Polda Nusa Tenggara Barat (NTB) menetapkan 20 tersangka terkait aksi perusakan dan penjarahan saat unjuk rasa 30 Agustus 2025 di Mapolda NTB dan Gedung DPRD NTB. Dari jumlah tersebut delapan orang terlibat dalam perusakan di Mapolda NTB. #KinerjaLayaniIndonesia https://t.co/U4qmzspz46""",neutral
"""@Reiy_21 DIA ANAKNYA UYA KUYA... iyh rumah dia dijarah soalnya bapaknya tu anggota depeer walaupun penjarahan rumahnya dia ini agak sus sih tapi iyh pokoknya begitu ‍️‍️""",negative
"""Polri melalui Polda Nusa Tenggara Barat (NTB) menetapkan 20 tersangka terkait aksi perusakan dan penjarahan saat unjuk rasa 30 Agustus 2025 di Mapolda NTB dan Gedung DPRD NTB. Dari jumlah tersebut delapan orang terlibat dalam perusakan di Mapolda NTB. https://t.co/EXYXOGJ8nh""",neutral
"""Polri melalui Polda Nusa Tenggara Barat (NTB) menetapkan 20 tersangka terkait aksi perusakan dan penjarahan saat unjuk rasa 30 Agustus 2025 di Mapolda NTB dan Gedung DPRD NTB. https://t.co/2dSVYQphdu""",neutral
"""Polri melalui Polda Nusa Tenggara Barat (NTB) menetapkan 20 tersangka terkait aksi perusakan dan penjarahan saat unjuk rasa 30 Agustus 2025 di Mapolda NTB dan Gedung DPRD NTB. #KinerjaLayaniIndonesia https://t.co/fs9XG5Wnak""",neutral
"""Polri melalui Polda Nusa Tenggara Barat (NTB) menetapkan 20 tersangka terkait aksi perusakan dan penjarahan saat unjuk rasa 30 Agustus 2025 di Mapolda NTB dan Gedung DPRD NTB.#KinerjaLayaniIndonesia https://t.co/F7oN1chD9m""",neutral
"""Polri melalui Polda Nusa Tenggara Barat (NTB) menetapkan 20 tersangka terkait aksi perusakan dan penjarahan saat unjuk rasa 30 Agustus 2025 di Mapolda NTB dan Gedung DPRD NTB. Dari jumlah tersebut delapan orang terlibat dalam perusakan di Mapolda NTB #KinerjaLayaniIndonesia https://t.co/aIgEQSMgCq""",neutral
"""Polri melalui Polda Nusa Tenggara Barat (NTB) menetapkan 20 tersangka terkait aksi perusakan dan penjarahan saat unjuk rasa 30 Agustus 2025 di Mapolda NTB dan Gedung DPRD NTB. Dari jumlah tersebut delapan orang terlibat dalam perusakan di Mapolda NTB #KinerjaLayaniIndonesia https://t.co/hWDJpmkKcd""",neutral
"""Polri melalui Polda Nusa Tenggara Barat (NTB) menetapkan 20 tersangka terkait aksi perusakan dan penjarahan saat unjuk rasa 30 Agustus 2025 di Mapolda NTB dan Gedung DPRD NTB. https://t.co/J0Re29rqpY""",neutral
"""Prompt text CNN Indonesia Dino : Ada kekuatan siluman di balik penjarahan rumah Sri Mulyani. Like what???? Who???""",negative
"""Polri Tetapkan 20 Tersangka Aksi Anarkis di NTB Polda NTB amankan 14 dewasa &amp; proses diversi 6 anak terkait perusakan &amp; penjarahan di Mapolda &amp; DPRD NTB. Barang bukti diamankan kasus ditangani transparan. #KinerjaLayaniIndonesia https://t.co/eKNyBttwR9""",neutral
"""Polri melalui Polda Nusa Tenggara Barat (NTB) menetapkan 20 tersangka terkait aksi perusakan dan penjarahan saat unjuk rasa 30 Agustus 2025 di Mapolda NTB dan Gedung DPRD NTB. https://t.co/hnPoQPtMkn""",neutral
"""@PartaiSocmed Karena PDIP gatau terimakasih dan kayanya elit PDIP menikmati demo &amp; penjarahan kemaren. Atau jangan jangan ??? Menariq buat konspirasi""",negative
"""Polri melalui Polda Nusa Tenggara Barat (NTB) menetapkan 20 tersangka terkait aksi perusakan dan penjarahan saat unjuk rasa 30 Agustus 2025 di Mapolda NTB dan Gedung DPRD NTB. https://t.co/aOkktKIr9F""",neutral
"""Polri melalui Polda Nusa Tenggara Barat (NTB) menetapkan 20 tersangka terkait aksi perusakan dan penjarahan saat unjuk rasa 30 Agustus 2025 di Mapolda NTB dan Gedung DPRD NTB. Dari jumlah tersebut delapan orang terlibat dalam perusakan di Mapolda NTB https://t.co/C9puRx4Idz""",neutral
"""Polri melalui Polda Nusa Tenggara Barat (NTB) menetapkan 20 tersangka terkait aksi perusakan dan penjarahan saat unjuk rasa 30 Agustus 2025 di Mapolda NTB dan Gedung DPRD NTB. Dari jumlah tersebut delapan orang terlibat dalam perusakan di Mapolda NTB sementara 12 lainnya dalam https://t.co/wuqjRmtTYF""",neutral
"""Polri melalui Polda Nusa Tenggara Barat menetapkan 20 tersangka terkait aksi perusakan dan penjarahan saat unjuk rasa 30 Agustus 2025 di Mapolda NTB dan Gedung DPRD NTB.Dari jumlah tersebut delapan orang terlibat dalam perusakan di Mapolda NTB sementara 12 penjarahan di DPRD NTB. https://t.co/esd2Vvk49Q""",neutral
"""Polri melalui Polda Nusa Tenggara Barat (NTB) menetapkan 20 tersangka terkait aksi perusakan dan penjarahan saat unjuk rasa 30 Agustus 2025 di Mapolda NTB dan Gedung DPRD NTB. Dari jumlah tersebut delapan orang terlibat dalam perusakan di Mapolda NTB sementara 12 lainnya dalam https://t.co/oE5oxbMMHh""",neutral
"""Polri melalui Polda Nusa Tenggara Barat (NTB) menetapkan 20 tersangka terkait aksi perusakan dan penjarahan saat unjuk rasa 30 Agustus 2025 di Mapolda NTB dan Gedung DPRD NTB. #KinerjaLayaniIndonesia https://t.co/ue1SLlW1um""",neutral
"""Polri melalui Polda Nusa Tenggara Barat (NTB) menetapkan 20 tersangka terkait aksi perusakan dan penjarahan saat unjuk rasa 30 Agustus 2025 di Mapolda NTB dan Gedung DPRD NTB. Dari jumlah tersebut delapan orang terlibat dalam perusakan di Mapolda NTB https://t.co/s45SGbOy2h""",neutral
"""Polri melalui Polda Nusa Tenggara Barat (NTB) menetapkan 20 tersangka terkait aksi perusakan dan penjarahan saat unjuk rasa 30 Agustus 2025 di Mapolda NTB dan Gedung DPRD NTB.#KinerjaLayaniIndonesia https://t.co/Z4fml4fv4o""",neutral
"""Polri melalui Polda Nusa Tenggara Barat (NTB) menetapkan 20 tersangka terkait aksi perusakan dan penjarahan saat unjuk rasa 30 Agustus 2025 di Mapolda NTB dan Gedung DPRD NTB. Dari jumlah tersebut delapan orang terlibat dalam perusakan di Mapolda NTB sementara 12 lainnya dalam https://t.co/3fGPt1thO7""",neutral
"""Polri melalui Polda Nusa Tenggara Barat (NTB) menetapkan 20 tersangka terkait aksi perusakan dan penjarahan saat unjuk rasa 30 Agustus 2025 di Mapolda NTB dan Gedung DPRD NTB. Dari jumlah tersebut delapan orang terlibat dalam perusakan di Mapolda NTB https://t.co/vBKDL1Ctyo""",neutral
"""Polri melalui Polda Nusa Tenggara Barat (NTB) menetapkan 20 tersangka terkait aksi perusakan dan penjarahan saat unjuk rasa 30 Agustus 2025 di Mapolda NTB dan Gedung DPRD NTB. Wujud Upaya Pengabdian Maksimal Kepada Bangsa dan Terus Meningkatkan #KinerjaLayaniIndonesia https://t.co/4CB0J7WRFd""",neutral
"""Polri melalui Polda Nusa Tenggara Barat menetapkan 20 tersangka terkait aksi perusakan dan penjarahan saat unjuk rasa 30 Agustus 2025 di Mapolda NTB dan Gedung DPRD NTB. Dari jumlah tersebut 8 orang terlibat dalam perusakan di Mapolda NTB https://t.co/x2uDHmgb3I""",neutral
"""Polri melalui Polda Nusa Tenggara Barat (NTB) menetapkan 20 tersangka terkait aksi perusakan dan penjarahan saat unjuk rasa 30 Agustus 2025 di Mapolda NTB dan Gedung DPRD NTB. #KinerjaLayaniIndonesia https://t.co/PApH6sLRZD""",neutral
"""Polri melalui Polda Nusa Tenggara Barat (NTB) menetapkan 20 tersangka terkait aksi perusakan dan penjarahan saat unjuk rasa 30 Agustus 2025 di Mapolda NTB dan Gedung DPRD NTB. Dari jumlah tersebut delapan orang terlibat dalam perusakan di Mapolda NTB sementara 12 lainnya dalam https://t.co/MYcnUH9BA0""",neutral
"""Polri melalui Polda Nusa Tenggara Barat (NTB) menetapkan 20 tersangka terkait aksi perusakan dan penjarahan saat unjuk rasa 30 Agustus 2025 di Mapolda NTB dan Gedung DPRD NTB. https://t.co/R3cziEHaAf""",neutral
"""Polri melalui Polda Nusa Tenggara Barat (NTB) menetapkan 20 tersangka terkait aksi perusakan dan penjarahan saat unjuk rasa 30 Agustus 2025 di Mapolda NTB dan Gedung DPRD NTB. Wujud Upaya Pengabdian Maksimal Kepada Bangsa dan Terus Meningkatkan #KinerjaLayaniIndonesia https://t.co/WDi9bFCCqV""",neutral
"""Polri melalui Polda Nusa Tenggara Barat (NTB) menetapkan 20 tersangka terkait aksi perusakan dan penjarahan saat unjuk rasa 30 Agustus 2025 di Mapolda NTB dan Gedung DPRD NTB. Wujud Upaya Pengabdian Maksimal Kepada Bangsa dan Terus Meningkatkan #KinerjaLayaniIndonesia https://t.co/yodQ6jHr9m""",neutral
"""Polri melalui Polda Nusa Tenggara Barat (NTB) menetapkan 20 tersangka terkait aksi perusakan dan penjarahan saat unjuk rasa 30 Agustus 2025 di Mapolda NTB dan Gedung DPRD NTB. #KinerjaLayaniIndonesia https://t.co/kzREJnzg8B""",neutral
"""Polri melalui Polda Nusa Tenggara Barat (NTB) menetapkan 20 tersangka terkait aksi perusakan dan penjarahan saat unjuk rasa 30 Agustus 2025 di Mapolda NTB dan Gedung DPRD NTB. Dari jumlah tersebut delapan orang terlibat dalam perusakan di Mapolda NTB sementara 12 lainnya dalam https://t.co/vgW8VdnGBD""",neutral
"""Polri melalui Polda Nusa Tenggara Barat (NTB) menetapkan 20 tersangka terkait aksi perusakan dan penjarahan saat unjuk rasa 30 Agustus 2025 di Mapolda NTB dan Gedung DPRD NTB. Wujud Upaya Pengabdian Maksimal Kepada Bangsa dan Terus Meningkatkan #KinerjaLayaniIndonesia https://t.co/kntybNXXDU""",neutral
"""Polri melalui Polda Nusa Tenggara Barat (NTB) menetapkan 20 tersangka terkait aksi perusakan dan penjarahan saat unjuk rasa 30 Agustus 2025 di Mapolda NTB dan Gedung DPRD NTB. Wujud Upaya Pengabdian Maksimal Kepada Bangsa dan Terus Meningkatkan #KinerjaLayaniIndonesia https://t.co/FGlr3VavIJ""",neutral
"""Polri melalui Polda Nusa Tenggara Barat (NTB) menetapkan 20 tersangka terkait aksi perusakan dan penjarahan saat unjuk rasa 30 Agustus 2025 di Mapolda NTB dan Gedung DPRD NTB. #KinerjaLayaniIndonesia https://t.co/zZqgaNwm3x""",neutral
"""Polda NTB menetapkan 20 tersangka terkait aksi perusakan dan penjarahan saat unjuk rasa 30 Agustus 2025 di Mapolda NTB dan Gedung DPRD NTB. 8 orang terlibat dalam perusakan di Mapolda NTB sementara 12 lainnya dalam perusakan dan penjarahan di DPRD NTB. #KinerjaLayaniIndonesia https://t.co/Y6065kzOLh""",neutral
"""Polri melalui Polda Nusa Tenggara Barat (NTB) menetapkan 20 tersangka terkait aksi perusakan dan penjarahan saat unjuk rasa 30 Agustus 2025 di Mapolda NTB dan Gedung DPRD NTB. Dari jumlah tersebut delapan orang terlibat dalam perusakan di Mapolda NTB https://t.co/0tiBCGIQRH""",neutral
"""Polri melalui Polda Nusa Tenggara Barat (NTB) menetapkan 20 tersangka terkait aksi perusakan dan penjarahan saat unjuk rasa 30 Agustus 2025 di Mapolda NTB dan Gedung DPRD NTB. Dari jumlah tersebut delapan orang terlibat dalam perusakan di Mapolda NTB sementara 12 lainnya https://t.co/Tj1CcBWANZ""",neutral
"""Polri melalui Polda NTB menetapkan 20 TSK terkait aksi perusakan dan penjarahan saat unjuk rasa 30-08-2025 di Mapolda NTB dan Gedung DPRD NTB. Dari jumlah tersebut 8 orang terlibat dalam perusakan di Mapolda NTB sementara 12 lainnya dalam perusakan dan penjarahan di DPRD NTB https://t.co/CgoTeqRz2k""",neutral
"""Polri melalui Polda Nusa Tenggara Barat (NTB) menetapkan 20 tersangka terkait aksi perusakan dan penjarahan saat unjuk rasa 30 Agustus 2025 di Mapolda NTB dan Gedung DPRD NTB. Dari jumlah tersebut delapan orang terlibat dalam perusakan di Mapolda NTB https://t.co/Xi23WV4sHr""",neutral
"""Polri melalui Polda Nusa Tenggara Barat (NTB) menetapkan 20 tersangka terkait aksi perusakan dan penjarahan saat unjuk rasa 30 Agustus 2025 di Mapolda NTB dan Gedung DPRD NTB. Wujud Upaya Pengabdian Maksimal Kepada Bangsa dan Terus Meningkatkan #KinerjaLayaniIndonesia https://t.co/Acogi0hU2G""",neutral
"""Polri melalui Polda Nusa Tenggara Barat (NTB) menetapkan 20 tersangka terkait aksi perusakan dan penjarahan saat unjuk rasa 30 Agustus 2025 di Mapolda NTB dan Gedung DPRD NTB. https://t.co/DH6H13snPG""",neutral
"""Polri melalui Polda Nusa Tenggara Barat (NTB) menetapkan 20 tersangka terkait aksi perusakan dan penjarahan saat unjuk rasa 30 Agustus 2025 di Mapolda NTB dan Gedung DPRD NTB. #KinerjaLayaniIndonesia https://t.co/yv83uPlWLp""",neutral
"""Polri melalui Polda Nusa Tenggara Barat (NTB) menetapkan 20 tersangka terkait aksi perusakan dan penjarahan saat unjuk rasa 30 Agustus 2025 di Mapolda NTB dan Gedung DPRD NTB. #KinerjaLayaniIndonesia https://t.co/hohSUQ9nVt""",neutral
"""Polri melalui Polda Nusa Tenggara Barat (NTB) menetapkan 20 tersangka terkait aksi perusakan dan penjarahan saat unjuk rasa 30 Agustus 2025 di Mapolda NTB dan Gedung DPRD NTB. L #KinerjaLayaniIndonesia https://t.co/tGdSizLAdP""",neutral
"""Polri melalui Polda Nusa Tenggara Barat (NTB) menetapkan 20 tersangka terkait aksi perusakan dan penjarahan saat unjuk rasa 30 Agustus 2025 di Mapolda NTB dan Gedung DPRD NTB. Dari jumlah tersebut delapan orang terlibat dalam perusakan di Mapolda NTB https://t.co/E9wLeqBuuB""",neutral
"""Polri melalui Polda Nusa Tenggara Barat (NTB) menetapkan 20 tersangka terkait aksi perusakan dan penjarahan saat unjuk rasa 30 Agustus 2025 di Mapolda NTB dan Gedung DPRD NTB. Wujud Upaya Pengabdian Maksimal Kepada Bangsa dan Terus Meningkatkan #KinerjaLayaniIndonesia https://t.co/pRyoy7VFYg""",neutral
"""Polri melalui Polda Nusa Tenggara Barat (NTB) menetapkan 20 tersangka terkait aksi perusakan dan penjarahan saat unjuk rasa 30 Agustus 2025 di Mapolda NTB dan Gedung DPRD NTB. Dari jumlah tersebut delapan orang terlibat dalam perusakan di Mapolda NTB sementara 12 lainnya dalam https://t.co/NXcs3j2LEN""",neutral
"""Polri melalui Polda Nusa Tenggara Barat (NTB) menetapkan 20 tersangka terkait aksi perusakan dan penjarahan saat unjuk rasa 30 Agustus 2025 di Mapolda NTB dan Gedung DPRD NTB. #KinerjaLayaniIndonesia https://t.co/2t9cEI9PGs""",neutral
"""Polri melalui Polda Nusa Tenggara Barat (NTB) menetapkan 20 tersangka terkait aksi perusakan dan penjarahan saat unjuk rasa 30 Agustus 2025 di Mapolda NTB dan Gedung DPRD NTB. Dari jumlah tersebut delapan orang terlibat dalam perusakan di Mapolda NTB https://t.co/VmzVU90kGe""",neutral
"""Polri melalui Polda Nusa Tenggara Barat (NTB) menetapkan 20 tersangka terkait aksi perusakan dan penjarahan saat unjuk rasa 30 Agustus 2025 di Mapolda NTB dan Gedung DPRD NTB. #KinerjaLayaniIndonesia https://t.co/NV49wJTVpH""",neutral
"""Polri melalui Polda Nusa Tenggara Barat (NTB) menetapkan 20 tersangka terkait aksi perusakan dan penjarahan saat unjuk rasa 30 Agustus 2025 di Mapolda NTB dan Gedung DPRD NTB. Wujud Upaya Pengabdian Maksimal Kepada Bangsa dan Terus Meningkatkan #KinerjaLayaniIndonesia https://t.co/xcHSkwrdqN""",neutral
"""Polri melalui Polda Nusa Tenggara Barat (NTB) menetapkan 20 tersangka terkait aksi perusakan dan penjarahan saat unjuk rasa 30 Agustus 2025 di Mapolda NTB dan Gedung DPRD NTB. https://t.co/T7x93RThjf""",neutral
"""Polri melalui Polda Nusa Tenggara Barat (NTB) menetapkan 20 tersangka terkait aksi perusakan dan penjarahan saat unjuk rasa 30 Agustus 2025 di Mapolda NTB dan Gedung DPRD NTB. Dari jumlah tersebut delapan orang terlibat dalam perusakan di Mapolda NTB sementara 12 lainnya dalam https://t.co/BMDyFwTucS""",neutral
"""Polri melalui Polda Nusa Tenggara Barat (NTB) menetapkan 20 tersangka terkait aksi perusakan dan penjarahan saat unjuk rasa 30 Agustus 2025 di Mapolda NTB dan Gedung DPRD NTB. Dari jumlah tersebut delapan orang terlibat dalam perusakan di Mapolda NTB sementara 12 lainnya dalam https://t.co/444TJ2Ntpb""",neutral
"""Polri melalui Polda Nusa Tenggara Barat (NTB) menetapkan 20 tersangka terkait aksi perusakan dan penjarahan saat unjuk rasa 30 Agustus 2025 di Mapolda NTB dan Gedung DPRD NTB. Wujud Upaya Pengabdian Maksimal Kepada Bangsa dan Terus Meningkatkan #KinerjaLayaniIndonesia https://t.co/TeaXzGCNPi""",neutral
"""Polri melalui Polda Nusa Tenggara Barat (NTB) menetapkan 20 tersangka terkait aksi perusakan dan penjarahan saat unjuk rasa 30 Agustus 2025 di Mapolda NTB dan Gedung DPRD NTB. https://t.co/oUOXr2bOgV""",neutral
"""Polri melalui Polda Nusa Tenggara Barat (NTB) menetapkan 20 tersangka terkait aksi perusakan dan penjarahan saat unjuk rasa 30 Agustus 2025 di Mapolda NTB dan Gedung DPRD NTB. Selengkapnya: https://t.co/drRYQVUl0i #KinerjaLayaniIndonesia https://t.co/E727BAuf76""",neutral
"""Polri melalui Polda Nusa Tenggara Barat (NTB) menetapkan 20 tersangka terkait aksi perusakan dan penjarahan saat unjuk rasa 30 Agustus 2025 di Mapolda NTB dan Gedung DPRD NTB. Wujud Upaya Pengabdian Maksimal Kepada Bangsa dan Terus Meningkatkan #KinerjaLayaniIndonesia https://t.co/lSP2rqO18N""",neutral
"""Polri melalui Polda Nusa Tenggara Barat (NTB) menetapkan 20 tersangka terkait aksi perusakan dan penjarahan saat unjuk rasa 30 Agustus 2025 di Mapolda NTB dan Gedung DPRD NTB. Wujud Upaya Pengabdian Maksimal Kepada Bangsa dan Terus Meningkatkan #KinerjaLayaniIndonesia https://t.co/tAiCoYTHHc""",neutral
"""Polri melalui Polda Nusa Tenggara Barat (NTB) menetapkan 20 tersangka terkait aksi perusakan dan penjarahan saat unjuk rasa 30 Agustus 2025 di Mapolda NTB dan Gedung DPRD NTB. Wujud Upaya Pengabdian Maksimal Kepada Bangsa dan Terus Meningkatkan #KinerjaLayaniIndonesia https://t.co/VSjjrbYYMR""",neutral
"""Polri melalui Polda Nusa Tenggara Barat (NTB) menetapkan 20 tersangka terkait aksi perusakan dan penjarahan saat unjuk rasa 30 Agustus 2025 di Mapolda NTB dan Gedung DPRD NTB. https://t.co/gn4Zwxd4cj""",neutral
"""@RevealJkt @ARSIPAJA Iya yah kenapa pas penjarahan kmaren rumah dia gak sekalian dijarah juga ️""",negative
"""@Anfieldbreath @ARSIPAJA Beda situasi dan kondisi. Ga bisa fotokopi Nepal ke sini. Kejadian rusuh dan penjarahan kemaren yang disini itu juga saya gak yakin itu orang sipil.""",negative
"""penjarahan kota kecil Veldhoven""",negative
"""Orang² Kemaruk Kapitalis paling benci Sosialisme.. Karena kaum sosialis melihat secara gamblang penjarahan Kekayaan Negara u/ segelintir elit. Mereka selalu menuduh sosialisme identik dengan Komunis Atheist.. Dan itu dijadikan alat menakut-nakuti masyarakat yg tidak faham.""",negative
"""Mataram NTB Kepolisian Daerah Nusa Tenggara Barat (Polda NTB) resmi menetapkan 20 orang tersangka terkait aksi pengerusakan dan penjarahan yang terjadi di Mapolda NTB dan Gedung DPRD NTB pada unjuk rasa 30 Agustus 2025 lalu. https://t.co/Iny9DQ2Fxh""",neutral
"""@orchidlab7 @jefri_syhrl @txtdrimedia Ya video itu rekaman lama dari masa kampanye Sahroni bukan kunjungan baru pasca-insiden penjarahan. Cek fakta dari sumber seperti https://t.co/1GReZkrEiH mengonfirmasi hal itu.""",negative
"""@PngAdilnR4kyt Dan penjarahan uang masyarakat dibiarkan oleh negara bertahun2...sedih emang. https://t.co/cTOKUI6xVd""",negative
"""Polda NTB Tetapkan 20 Tersangka Kasus Pengerusakan dan Penjarahan Saat Unjuk Rasa 30 Agustus Mataram NTB Kepolisian Daerah Nusa Tenggara Barat (Polda NTB) resmi menetapkan 20 orang tersangka terkait aksi pengerusakan dan penjarahan yang terjadi di Mapolda NTB dan Gedung DPRD https://t.co/RSyKIC3Nlx""",neutral
"""@andry_vai @gekkopapito Emang koruptor dan keluarganya mnrt lu ga pantes dibully kah?? Oohh look how saint you are... !! Masalah 1 org?? Cb lu inget2 lagi akar mslhnya apa? Bikin postingan buat nyari simpati padahal jelas2 penjarahan di tempat dia bagian dr skenario dan sebabnya jelas knp.""",negative
"""Berarti sekarang mereka kena karmanya dong. Disana nggak berempati sama korban kebakaran lah disini jadi korban penjarahan. Dapet karma tuh.""",negative
""" Glowie Baintelkam @es_twr kemana ya habis fitnahin bu ana buat bikin konflik perkara warna pink? Sama glowies BAIS @hanendra_s (provokator penjarahan etnis) sama @retrilawson (provokator pembakaran fasum) gak pernah keliatan bahas2 aksi lagi kayanya. Apa udh pindah tugas?""",negative
"""Mataram NTB Kepolisian Daerah Nusa Tenggara Barat (Polda NTB) resmi menetapkan 20 orang tersangka terkait aksi pengerusakan dan penjarahan yang terjadi di Mapolda NTB dan Gedung DPRD NTB pada unjuk rasa 30 Agustus 2025 lalu. https://t.co/1y28rHS0Lu""",neutral
"""@kompascom 1) Apa si Profesor ini punya bukti tidak ada 'hidden instruction' by intent dibalik Tindakan REPRESIF Aparat? 2) Kegiatan2 melanggar hukum spt penjarahan lahan masyarakat kan banyak yg dibeking Aparat? 3) Aparat dipake sbg Attack Dogs sdh rahasia umum di Republik ini.""",negative
"""Imbas beberapa insiden penjarahan rumah pejabat yang lalu para pejabat pun lebih menganggap ancaman diviralkan netizen jadi lebih nyata?""",negative
"""@GoodRecom while anak artis yg di Amerika merasa jdi korban karna penjarahan dan kucing hilang. tapi tetep bisa makan enak hidup nyaman dan tidur nyenyak. you really need to touch some grass asshole!!!""",positive
"""Huh ga rela banget kucing kucingnya dibalikin. Orang gila mana yang ninggalin keluarganya pas tau akan terjadi penjarahan? Dia bisa menyelamatkan dirinya tapi ninggalin kucing kucingnya. Ga layak sama sekali dia memelihara kucing. """,negative
"""@strangers__87 @kompascom Solusi untuk insiden penjarahan seperti ini: laporkan ke polisi untuk investigasi pelaku tingkatkan keamanan rumah dengan alarm atau pengawas klarifikasi fakta via media untuk lawan hoaks dan dorong dialog komunitas agar cegah kekerasan serupa. Semoga cepat teratasi.""",neutral
"""@jefri_syhrl @txtdrimedia Ya sepertinya hoax karena tidak ada bukti kunjungan baru pasca-penjarahan. Footage tampaknya lama. Sama-sama!""",negative
"""@jefri_syhrl @txtdrimedia Gambar itu tampaknya dari footage asli Sahroni berinteraksi dengan warga di Tanjung Priok tapi sumber menunjukkan kemungkinan klip lama dari kampanye sebelumnya bukan kunjungan baru pasca-insiden penjarahan. Belum ada konfirmasi resmi untuk klaim viral ini.""",negative
"""@randomable_ bisa disalahgunakan utk alasan penjarahan""",negative
"""Gerakan Agustus 2025 suatu saat nanti akan terungkap siapa yg bermain dibalik penjarahan anggota dewan dan menteri serta pembakaran gedung DPRD di beberapa daerah prosesnya begitu mudah seperti ada pembiaran. #konspirasibusuk""",negative
"""Mksd tweet nya apa ya? Ini beda kasus seolah olah menggiring karena ini jadi dijarah gtu rmhnya penjarahan aja seharusnya gaada gaboleh main hakim sendiri.. Ada hukum yg berlaku dan harus ditaati.. Yg bikin tweet ga nyambung""",negative
"""@kompascom Kok kapok blm ada sebulan penjarahan di ruma pejabat arogan. Dasar diktaktor lupa kalau pejabat tu pesuruh rakyat yg bayar rakyat anjjir n.""",negative
"""@bachrum_achmadi Seperti biasa mrkpun menikmati tp kesalahannya dilimpahkan ke org dan tdk menutup kemungkinan penjarahan akh agustus kmrn ulh dr krn slm mengusung 10th ga ada tuh rusuh2""",negative
"""@HetsiyHetsiy1 @PartaiSocmed Berdasarkan data terkini Prabowo memang menunjukkan sikap rekonsiliatif ke PDIP seperti grasi untuk Hasto Kristiyanto atas kasus korupsi pada Agustus 2025 (sumber: Jakarta Post CNA). Namun pasca-demo rusuh Agustus-September 2025 yang melibatkan penjarahan dan tudingan aktor""",neutral
"""Ada yg tahu mengapa Pak Prabowo yg begitu baik terhadap PDIP termasuk dalam kasusnya Hasto namun setelah terjadinya demo rusuh dan penjarahan orang2 PDIP seperti tersingkir dari pemerintahan? Tolong jelaskan pada kami. https://t.co/s75ZyjcQZu""",negative
"""Aku sih gak akan herman kalo tiba-tiba ini semua cuma pengalihan isu dan fitnah. Masa pada gak belajar sepanjang aksi kemaren? Kita dipaksa buat verifikasi info lebih dari sekali kalo ada mobilisasi sawo dan kedondong korban cedera fisik penjarahan dan konsolidasi aksi.... https://t.co/YI5TOlEDUw""",negative
"""Cinta Kuya menjadi sorotan karena gaya penulisan dan tata bahasanya saat curhat kronologi penjarahan rumahnya https://t.co/PHLQXqf5Hf""",neutral
"""@msaid_didu @KPU_ID Hahaha Penjarahan UU ini""",negative
"""@randomable_ Yg jelas sekarang kl mau demo ke DPR sudah tidak efektif...percuma suara rakyat juga tidak terdengar sampai ke dalam. Salut untuk warga Nepal yg mau &amp; bisa merubah keadaan negeri nya dr penjarahan para maling...ya maling ngapain pakai disebut koruptor...sebut saja maling""",negative
"""Polresta Mataram menetapkan 12 orang tersangka kasus perusakan berujung penjarahan dan pembakaran gedung DPRD NTB dalam unjuk rasa memprotes kenaikan tunjangan anggota DPRD pada 30 Agustus 2025. https://t.co/yOvoBS2437 #beritaNTB""",neutral
"""O menarilah menarilah tunjangan puluhan juta tunjangan O menarilah menarilah tunjangan ratusan juta tunjangan O menarilah menarilah bermiliar-miliar bermiliar-miliar tunjangan lamun malam api kota kucing hilang dalam penjarahan nama hilang dalam lindasan""",negative
"""Baru liat postingan lain. Katanya BB kucingnya cinta kuya yg direscue paska penjarahan kurang lebih satu kilo padahal umurnya 6-7bulan. SATU KILOGRAM. Ini mah malnutrisi Kucing gua aja umur segitu udah berat 5-6kg. Lu apain kucingnya woi cinta kuya? """,negative
"""Polisi masih buru provokator lain dalam penjarahan rumah Uya Kuya https://t.co/EJYqmAt3FI""",negative
"""@koganenohikari ini governmentttttttttt jelekkkkkk bukan rich nya yang jadi alasan rich itu bukan parameter yang adil buat melawan orang jahat Harus terulang lagi kah penjarahan orang cina biar paham bahaya laten EatTheRich""",negative
"""Polisi masih buru provokator lain dalam penjarahan rumah Uya Kuya https://t.co/EJYqmAsvQa""",negative
"""@aliAbuAsh @NajwaShihab @MataNajwa @akbarfaizal68 @aniesbaswedan @ARSIPAJA @Puspen_TNI @AlissaWahid @TretanMuslim Ya peristiwa di Nepal baru-baru ini melibatkan protes Gen Z yang menggulingkan pemerintah akibat korupsi dan pengangguran termasuk isu keuangan. Di Indonesia Menkeu Sri Mulyani diberhentikan awal September setelah protes dan penjarahan rumahnya. Kemiripan ada di tekanan rakyat""",negative
"""@DermagaGarely @regar_op0sisi Target baru buat penjarahan""",negative
"""@EmberAntiPecaa @dhaintly Tidak berita itu hoaks. Video/gambar tersebut berasal dari acara kampanye lama Sahroni bukan kejadian baru pasca-penjarahan rumahnya pada Agustus 2025. Tidak ada konfirmasi resmi ia kembali ke Priok. Banyak informasi keliru beredar tentangnya belakangan ini.""",negative
"""Kenapa kemarin rumah nya lolos dari penjarahan https://t.co/r8tjNgjE28""",negative
"""Provokator Aksi Penjarahan Rumah Uya Kuya Masih Diburu Anggota Polres Metro Jaktim https://t.co/WPmeM5CNIz""",neutral
"""@whenwedumb ga usah dijarah entar kena uu penjarahan loh mending bakar aja rumah bahlull """,negative
"""cobalah dgn kerangka logika yang sama taruh logika anda kepada penjarah dan perusuh di bulan agustus 2025. lihatlah anda juga menormalkan penjarahan dan kebrutalan menjadi biasa saja karena panik. betapa rusaknya logika anda! anda menihilkan peran negara. """,negative
"""@projectm_org Penjarahan ruang hidup dan perusakan H̵a̵l̵t̵e̵ lingkungan sedang berlangsung gaess..""",negative
"""Polisi Masih Buru Provokator Lain Aksi Penjarahan Rumah Uya Kuya Libatkan Tim Siber https://t.co/qny90HrsoB""",neutral
"""@gelagatcuaca ya itu provokasi sebenarnya video joget diedit seolah joget karena naik gaji terus videonya diupload ke sosmed dan dibuat viral. Masyarakat marah terus ada postingan ajakan demo besar dan akhirnya demo dan penjarahan dimana-mana.""",negative
"""Polres Jaktim Buru Provokator Lain di Balik Penjarahan Rumah Uya Kuya https://t.co/8G9OB5ZhQb""",neutral
"""@VynRichters @ainty0urbae @itsaboutken @peachyslen @Elmer24Matt nyenyenye faktanya kan gk? dia punya control apa bisa urusin bapaknya kalau lu mau cancel bapaknya mati2an bebas walau gw gasetuju sama penjarahan tapi it is what it is si kuya udh nerima ganjaran. lah cinta? tau apa dia lgi di us pake duit kerja dulu tpi dituduh pke duit rakyat""",negative
"""@sami86pilang @AntoniusCDN @KejaksaanRI ada yg tahu rumahnya si plester? biar jadi jadwal lokasi penjarahan setelah uya kuya &amp; eko patrio""",neutral
"""@TirtoID Ada benang merah antara demo besar penjarahan rumah da mundur SMI saham bank turun PBY naik saham rokok naik cukai rokok mau turun""",negative
"""@txtdrimedia kemaren penjarahan rumah ngapa ini org ga kena yak - -""",negative
"""Polres Metro Jakarta Timur masih memburu provokator lain dalam aksi penjarahan rumah Anggota Komisi IX DPR (nonaktif) Surya Utama atau Uya Kuya di kawasan Pondok Bambu Duren Sawit Jakarta Timur https://t.co/JJENJA4ozP""",neutral
"""Polres Metro Jakarta Timur segera mengembalikan dua kucing milik anggota DPR (nonaktif) Surya Utama atau Uya Kuya yang sempat diamankan saat penangkapan pelaku penjarahan di rumahnya di kawasan Pondok Bambu Duren Sawit https://t.co/LD6H8XtYPE""",neutral
"""@NahiMungkar5 @Yusrilihza_Mhd Bnyk kejahatan teroris pembunuhan pencurian pemerkosaan peredaran narkoba penipuan begal tawuran penjarahan penculikan kekrasan rumah tangga penistaan agama dll yg di tangka di ungkap dn diproses hukum namun kita jgn mnutup mata bnyk oknum nah itu msyalah ya..""",negative
"""@noname33274697 @dhaintly Berdasarkan berita terkini hingga 17 September 2025 tidak ada konfirmasi Ahmad Sahroni kembali ke Indonesia atau Priok. Ia masih di luar negeri pasca-insiden penjarahan rumahnya pada 30 Agustus dan banyak hoaks beredar. Gambar itu kemungkinan editan atau dari peristiwa lama.""",negative
"""@arifbalikpapan1 NEGARA INI TERJEBAK ORLA 22 BERAKHIR KRISIS 32 TH TERJEBAK ORBA BERAKHIR KRISIS 10 TH TERTIPU MULYONO KING LIE DARI SOLO BERAKHIR KRISIS PENJARAHAN PARA PEGAK HUKUM NYA TIDUR @mohmahfudmd @JimlyAs @Yusrilihza_Mhd @bang_dasco POLISINYA TIDUR. https://t.co/fShnZcuz5B""",negative
"""@anakmamake02 Di kontenin ntar jg dapet duit dari sana sorry bgt kalo salty tapi aku beneran gk suka bgt liat dia dari acara gimmick gk jls blm lg konten dia yg sempet viral di mamarika soal kebakaran gk membenarkan penjarahan anggap ini teguran biar lbh baik lg sbg manusia""",negative
"""@anakmamake02 Nasi udah jadi bubur bubur juga jadi basi. Ga bisa dirubah. Ga membenarkan penjarahan tapi mungkin itu teguran dan jg resiko krna suka flexing joget2.""",negative
"""Momen Uya Kuya pertama kali datengin rumahnya lagi setelah kejadian penjarahan https://t.co/f3B43BA2s0""",neutral
"""@userxmlf walau aku jga ga trlalu suka dan ngikutin uya2 ini.. tpi jujur penjarahan itu parah bnget sih jdi jatuhnya yg ngejarah sama aja seperti mencuri barang org lain sama kek pejabat yg korupsi.. Jadi sebenarnya indo ini mau kaya atau miskin pun psti ttep ad jiwa korupsi/mencurinya""",negative
"""@christkeju2 @KangChuangki_01 @realfedinuril @prabowo @pertamina @BudiBukanIntel Buat semuanya aja hati-hati provokasi &amp; hasutan untuk melakukan penjarahan dari penumpang gelap setiap ada aksi masa unjuk rasa. https://t.co/YBpfyFGsBb""",negative
"""@anakmamake02 Imho terlepas dari dia yang blunder dan mulutnya lemes banget ngatain ini itu sebenernya penjarahan juga bukan sesuatu yang bagus untuk didukung sih...""",negative
"""@Naz_lira @DPR_RI Bukan tdk seberani spt nepal..tpi Momennya aja blm ketemu.. sdh kasi warning penjarahan kmaren msh blm jdi pelajaran??""",negative
"""@userxmlf Tindakan pencurian dan penjarahan adalah kriminal jika ada masalah personal sebaik nya tempuh jalur hukum""",negative
"""@prabowo &gt; Kalau beliau nggak mau kerja sama beliau rugi sendiri. Rakyatnya marah sama beliau ujarnya. Tapi yg sus tuh ini. Ngancem apa gimana? Rakyat yang dimaksud seperti [massa] yg menjarah rumah Bu SMI itu kah? Yg punya kode-kode internal untuk mulai penjarahan?""",negative
"""permasalahan di indo banyak banget sampe mau marahpun bingung mau marah kecewa kesel ke masalah mana dulu sampe cuman bisa diem doang. aku kira tuh moment demo dan penjarahan kemarin udah cukup bikin kapok dan takut para pejabat biar mereka ga aneh aneh""",negative
"""@BANGSAygSUJUD @are_inismyname @arum_melasari @askencana @tonybulumanu @jatmiko99604253 @99propaganda @Dyananjani89 @Ndons_Back @florieliciouss @Kimberley_PS08 Kenapa si Om yakin sekali jembatan ini aman dari penjarahan?""",positive
"""@anakmamake02 Dikira penjarahan itu cap ci cup kembang kuncup.""",negative
"""Ga membenarkan penjarahan sama sekali Tapi ya Lo minimal punya OTAK mikir sebelum ngomong gausah ngebadut. Yaudah sih kan lo ARTIS~ Beberes aja gausah kontan konten. Gaji lo dari rakyat aja belagu Lo monyet. Playvic NAJIS KNTL""",negative
"""Tidak membenarkan perilaku penjarahan tapi biar jadi pelajaran kalo ngomong mikir dulu""",negative
"""@anakmamake02 Berapa banyak keluarga anak istri suami adik ipar mertua ponakan &amp; karyawan yang anda hina &amp; rendahkan sebelum penjarahan terjadi""",negative
"""Setelah ada demo dan penjarahan di Indo dan Nepal ternyata kelakuan politisi bangke ini masih sama aja ga ada kapoknya. Minimal ngundurin diri pun enggak kaya di negara-negara maju dan punya malu di luar sana. Di sini malah ada yang bangga jadi penjilat anjrit absurd bener.""",negative
"""Ini pasca penjarahan dan pengrusakan rumah itu Ahmad Sahroni tetaplah Ahmad Sahroni duitnya masih banyak. Memang benar kejadian kemarin bikin rugi tapi dia bisa ngumpulin uang lagi buat beli-beli barang yang rusak atau hilang. Orang selama sumber duit aman mau diapain mah...""",negative
"""@NasbiHasan Belum dua bulan sejak demo besar. Kayaknya penjarahan pun nggak akan bikin jera seseorang undang Madam Guillotine bertamu. Sudah saatnya pekan kebudayaan Perancis dirayakan.""",positive
"""@DokterTifa Sudah gelap mata gak ada pilihan lain buat menjaga kelanggengan penjarahan RI bocah debil pecandu ubas pun dipaksakan jadi wapres!""",negative
"""@Kamandanuarya7 @DS_yantie Mungkin itu foto sebelum penjarahan. To memang jam nya sudah dibalikin warga miskin yg punya akhlak dan harga diri gak seperti yg punya jam.""",negative
"""bekerja untuk mempertahankan penjajahan penjarahan SDA penindasan &amp; pengeksploitasian rakyat Indonesia oleh Imperialis Kapitalis Barat &amp; kacung2 mereka para elit &amp; oligarki Indonesia. Pernah kalian memprotes kenaikan penjahat HAM pengkhianat biadab anak antek CIA jd Presiden https://t.co/aSqK4b5dSh""",negative
"""@somexthread Mungkin pas lagi penjarahan dia di toilet sambil ngeteh https://t.co/3i2Rbzvw7v""",negative
"""@prabsubiabia @PutraTammami @K0TOISHINARU Bisa terbang ke LN habis dijarah. Densu kalau ga salah ada ngomong h-1 penjarahan dia ke rumah doi dan doi ada di rumah.""",negative
"""@KompasTV ayo Jendral Listyo Sigit mundur berilah contoh terbaik utk bangsa! Di negara beradab Pejabat yg tdk becus dlm tugasnya seperti nangani demo kerusuhan penjarahan ada korban jiwa maka Pejabat tsb mundur minta maaf ke rakyatnya. Ini sikap baik utk dicontoh utk pejabat lain.""",positive
"""@sundayjawa Persis. Penjarahan tas. Ubrak2 tas. Geledah geledah APA HAK NYA. GAK ADA. KEBIASAAN JD TUKANG SEROBOT.""",negative
"""Kapolri Akui Penanganan Penjarahan Rumah Sri Mulyani Lebih Sulit daripada Kerusuhan Biasa https://t.co/DuUkPA9sIk lewat @Keuangan News https://t.co/1AV1zL8hgv""",neutral
"""@randomable_ saya termasuk orang yang sangat menentang penjarahan apapun alasannya penjarahan adalah pidana berat""",negative
"""@K0TOISHINARU Kalo Sri mulat lari kemana dia pas penjarahan?""",negative
"""iya toilet di rumah singapur. nonton video penjarahan sambil berak""",negative
"""@bakwanlover @LVIAHE @somexthread Iya paham kamar mandinya banyak. Tapi perlu diingat kalo ini adalah proses PENJARAHAN yang didasari AMARAH. Tujuannya pasti merusak dan mengambil benda berharga. Mana ada orang menjarah pilih2 ruangan Ah ini ruangan kayaknya ga ada apa2nya ga usah deh GA MUNGKIN LAHH """,negative
"""Kapolri soal penjarahan rumah pejabat: Lebih kompleks susah diprediksi. https://t.co/OWhDzmsVYT""",negative
"""@AdhieMassardi Kementerian BUMN dibubarkan modus hilangkan barbuk penjarahan BUMN.""",negative
"""@txtdrimedia Lah katanya lg d luar negri pas penjarahan gimana si berita""",negative
"""@Ary_PrasKe2 Pas tahu ada penjarahan dia itu keluar dulu nyari sawah di bekasi terus balik lagi ke toilet lantai 4 bawa tanah dan debu. Abis itu dilumuri deh muka dan kupingnya biar gak dikenali selama 7 jam. Semudah itu penjelasannya.""",negative
"""@tempodotco percaya?gw ENGGA. dia sebelum penjarahan juga ada foto2nya lagi di bandara kok.""",negative
"""@durakeen Pas tahu ada penjarahan dia itu keluar dulu nyari sawah di bekasi terus balik lagi ke toilet lantai 4 bawa tanah dan debu. Abis itu dilumuri deh muka dan kupingnya biar gak dikenali selama 7 jam. Semudah itu penjelasannya.""",negative
"""@Rimmer48 @txtdrimedia Dia pakai tanah untuk mengotori wajahnya agar tidak dikenali penjarah saat bersembunyi di WC selama 7 jam. Itu bagian dari upaya menyamarkan diri selama kejadian penjarahan di rumahnya.""",negative
"""@KompasTV Tidak terdeteksi? penjarahan terjadi 2 gelombang! habis gelombang pertama ga ada tuh polisi dgn jumlah yy cukup yg bergerak ke sana! memang kalian ga guna!!""",negative
"""Hanya walimurid dan mahasiswa yg bs hentikan program babi MBG ini..lakukan penjarahan dan tutup paksa seluruh dapur MBG diwilayah masing2 secara serentak di seluruh indonesia""",negative
"""@somexthread Ngumpet di kamar mandi cenah orang lu udah kabur dari h-1 penjarahan yang katanya lu udah di kasih tau kalau bakal di jarah""",negative
"""@_riverheaven Nasdem sedang dihabisi termasuk penjarahan dirumah sahroni. Jadi tahu kan siapa dalang sebenarnya""",negative
"""@akbarfaizal68 Nasdem sedang dihabisi. Termasuk penjarahan dirumah sahroni. Jadi tahu kan siapa dalang sebenarnya""",negative
"""@DS_yantie Nasdem sengaja dihabisi termasuk penjarahan dirumah sahroni. Jadi kebuka kan akhirnya siapa dalangnya?""",negative
"""@FaGtng Nasdem sengaja dihabisi. Termasuk penjarahan dirumah sahroni. Jadi kebuka kan akhirnya siapa dalangnya""",negative
"""@mikuroQ @hope_emak Nasdem sengaja dihabisi. Termasuk penjarahan dirumah sahroni. Jadi kebuka kan siapa dalangnya""",negative
"""@BosPurwa Nasdem sengaja d8habisi. Termasuk penjarahan di rumah sahroni. Jadi tahu kan siapa dalangnya?""",negative
"""Bentaaaaar deh Itu penjarahan kan ga lama ya Dinyatakan tidak ada di rumah Ujug ujug ngising 7jam ngetokke trek apa pie?""",negative
"""@CarolineLukita @txtdrimedia kan ada boh beritanya dia ogah balik ke indo pas setelah penjarahan lah pake ilmu apa nih tiba bilang ngumpet aja di WC yang naikin ni berita di bayar berapa sih """,negative
"""@Mdy_Asmara1701 Justru mundur tidak ada penjarahan masih menjabat tinggal perintah sini sana situ buat ramee...jadilah...trik politik lama semua rakyat paham penjarahan dan perusakan fasum dikoordinir sesuai perintah...kejahatan pasti berbalas negeri ini lahir dari banyak doa..🇲🇨🇲🇨""",negative
"""Mantan Sekretaris FPI Ditangkap Diduga Terlibat Klaster Penjarahan Aksi Ricuh - News https://t.co/hWLOQzhmWK https://t.co/iJPEi9G6E9 Download Opera News untuk berita terbaik lainnya! https://t.co/fKiHrDUvmi""",neutral
"""Sahroni waktu penjarahan ada di rumah nyamar pake debu biar ga dikenal orang. Kayak drama penyamaran India sat""",negative
"""Ini baru JOSS. Pemimpin yg mengayomi rakyatnya dari penjarahan SDA dari para MALING/GARONG. https://t.co/1brCjMMVgd""",negative
"""@dhaintly Sebenci apapun sama Sahroni perusakan dan penjarahan rumahnya tetap aja itu kriminalitas yg harus diusut tuntas""",negative
"""@tempodotco pas penjarahan atau sehari sblmnya (lupa) bukannya ada orang yg liat dia di bandara ya?""",negative
"""Boong ges Pas penjarahan itu orangnya ada di Arab Saudi Info dari keluarga w yg jabatannya mayan di Nasdem """,negative
"""@tempodotco Lah kan banyak video penjarahan rumahnya masa smpe kamar mandi gk tau""",negative
"""Hari ini @Heraloebss resmi melaporkan Ferry Irwandi ke Polda Sumut. Pemicunya: postingan fitnah yg menuduh Hera sebagai provokator demo yg berujung kerusuhan &amp; penjarahan. Kritik boleh beda pendapat sah. Tapi menuduh tanpa bukti = pencemaran nama baik. https://t.co/U9g9DqV4EH""",negative
"""@tempodotco Gk logic sih mnrtku klo i jadi dia mnding kluar hdapin wrga ketmbng rmah hncur &amp; brg2 dijarah org2 trus mobilny jga sdah dipndahkan duluan brarti dia ud wanti2 dr awal feelingku dia buat pernytaan ini utk memncing pelaku penjarahan yg msih blum trtangkap buat kluar speakup sih""",negative
"""@abu_waras Wakakak pantes Bareskrim rilis dalang penjarahan pasutri eks fpi wow mau ada rekonsiliasi rupanya. You know isilop""",negative
"""Wajah Dilumuri Tanah Kisah Ahmad Sahroni 'Lolos' Dari Amukan Massa Saat Penjarahan https://t.co/aohyA0vVl3""",negative
"""@phoenixrip21 @somexthread Saya ga mendukung penjarahan tapi dari situ kliatan sih pejabat lebih takut miskin daripada sumpah kitab pra jabat""",negative
"""Percaya gak percaya sih (pas h-berapa sebelum penjarahan kan dia sempat pergi keluar negeri kan?)""",negative
"""Di toilet rumah yg di jarah ??? Penjarahan yg terencana""",negative
"""@JunijarDimas @RestyeCayah @grok Bukan penampakan...wajahnya beda banget..lihat aja dgn teliti ..soalnya mulyono masih harus tampil ..biar rakyat fokus untuk membullynya menghujatnya..lupa dgn kasus2 korupsi penjarahan ..""",negative
"""@vianratulangi @Xura2505 @POTUS Wkwkw dasar antek2 zionis video bantuan makanan dibilang penjarahan suka banget bohong dan propaganda kalau gak gtu gak makan ya?""",negative
"""@mariegoldiefish @tempodotco Temen lu berarti boong wkwkwkkwkw orang dia confirm di Jakarta kok pas ada penjarahan""",negative
"""@kompascom Anda bekerja luar biasa segera membalikkan keadaan tentu secara bersama-sama dengan TNI dan masyarakat yang terganggu dengan perusakan dan penjarahan lanjut jalankan tugas hingga pensiun dah geetuu aja he he he""",negative
"""Dikira orang indo pada bodoh semua kali yaa Kalau nih cerita bener berarti yang di bandara sebelum penjarahan itu kembarannya yang dipisahkan sama Ortunya berarti """,negative
"""@_jsuh dikira satu tanah air gatau apa ya pas penjarahan pd gotongin peralatan kamar mandinya tuh gada dia HAHAHA""",negative
"""@kompascom moril polisi itu udah jatuh dari jauh hari bahkan dari aq umur belasan tahun bukan penjarahan 2025""",negative
"""12 Pelaku penjarahan rumah Ahmad Sahroni telah ditangkap Polisi kini ditetapkan sebagai tersangka https://t.co/zWGWQNLt1H""",neutral
"""@BebySoSweet Mencuri dalam kebutuhan yang mendesak...ditengah sulitnya mencari lapangan kerja akibat maraknya penjarahan uang negara oleh KORUPTOR.""",negative
"""@ARSIPAJA Demo nya terlalu melebar sih .pembakaran penjarahan .kalo sampe gk ada tersangka ya tanda tanya jg bwt hukum di indo .""",negative
"""@kompascom Penyebabnya adalah titik penjarahan biasanya menyebar bukan hanya di satu lokasi saja. Namun kalau aksi penjarahan ini memang jauh lebih sulit. Karena apa? Terjadinya biasanya pasca kerusuhan dan titiknya juga menyebar. Tidak di satu titik aku Sigit. Nah itu bpk paham """,negative
"""Klo udah masup penjarahan bisa gak TNI masup? gak ngerti eike """,negative
"""Kapolri Jenderal Listyo Sigit Prabowo mengungkapkan alasan mengapa polisi kesulitan dalam mencegah aksi penjarahan terhadap rumah sejumlah pejabat mulai dari menteri hingga anggota DPR. Baca selengkapnya https://t.co/pAYO9ChtSg ~LL #Kapolri #Penjarahan https://t.co/6SveADtHHP""",neutral
"""@tempodotco Bukan nya doi kabur ke LN pas penjarahan""",negative
"""@matchajusrumput yeehh dah kek penjarahan""",negative
"""@kompascom @heri1618 Sependapat mestinya jargon melindungi mengayomi ....itu di ganti karena sdh tidak sesuai lagi dgn fakta saat ini kejadian penjarahan di mana2 bukti aparat tidak hadir dn seolah2 di biarkan terjadi""",negative
"""@tanyakanrl pengepungan di bukit duri bukan soal pejabat sih lebih ke penjarahan mirip kan sama kejadian kapan lalu""",negative
"""@2KangKomen @tempodotco Ini maksudnya dia ada di rumah saat penjarahan? Dan darimana pula ada tanah dan debu? Emang gak bakal.keliatan kalo mukanya dilumuri debu dan tanah? Ealaah ron ron... dildo aja lu gedein gak usah gede2in cerita""",negative
"""@tempodotco Biar apa si? Penjarahan itu udah salah kok. Tapi gausah digoreng dan malah dibikin narasi yang mendramatisir keadaan om Sahroni.""",negative
"""Ealah apa gak sadar blok foto lu di business class udh kesebar pas penjarahan!! Gila nih org halu juga kek atasannya. Ke psikolog deh lu.""",negative
"""@tempodotco Ntar kan dia lagi di luar negeri waktu itu penjarahan terjadi kok dia bisa teleport ke toilet?""",negative
"""Kapolri Jenderal Listyo Sigit Prabowo membeberkan bahwa moril polisi sempat jatuh ketika terjadi kerusuhan dan penjarahan di mana-mana pasca-demo Agustus 2025 lalu. Baca selengkapnya https://t.co/CH4CDWO1Of ~LL #MorilPolisi #Kerusuhan https://t.co/g3pGWHWuSm""",neutral
"""@tempodotco Bentar bukannya saat penjarahan dia kan ngumpet di Singapura di berita yg netizen kirim kok sekarang ganti?""",negative
"""@dhaintly Hoax saat penjarahan dia sudah di singapura baca berita sebelum ngonten""",negative
"""@cakrawala_jagad Yang ngetweet minta maaf fake accountnya si Sahroni confirm kok dia emang di Jakarta pas penjarahan di podcastnya Densu yang sama Ferry dia bilang https://t.co/jm7U1VXBUe""",negative
"""@difi227186 @tempodotco Salah pas penjarahan dia emang lagi di Jakarta confirm by densu https://t.co/H992BSY8Rj""",neutral
"""@lavaree1031 Emang suruhan. Di tempo udah di spill skenario terkait penjarahan itu""",negative
"""@tempodotco Kalau gk salah kata Deni Sumargo dia ketemuan sama Sahroni di hari penjarahan""",neutral
"""@MourimBall @rivapirngadie @tempodotco siapa yg confirm pas penjarahan sahroni di jkt?""",neutral
"""@carpentzer Yang fofo di airpor itu sebelum penjarahan confirm by densu sm ferry dia di jakarta""",negative
"""@akuaisahhh Hoax itu fotonya sebelum ada penjarahan confirm by densu sm ferry""",negative
"""@belajarcuriga @tempodotco Berdasarkan laporan terbaru dari https://t.co/qloLQt0VQt (25 Sep 2025) Ahmad Sahroni mengaku terjebak di toilet rumahnya selama 7 jam saat penjarahan pada 30 Agustus. Meski ada rumor ia kabur ke Singapura atau Jerman sekitar akhir Agustus (dari sumber seperti Tribunnews dan""",neutral
"""@tempodotco Harus diungkap dan ditangkap dalang dan pelaku penjarahan""",negative
"""Kerugian penjarahan diklaim mencapai Rp80 miliar. Warga sempat menutup akses gang pasca-kejadian kini kondisi disebut sudah normal. Penyerangan rumah Sahroni dipicu pernyataannya yang menolak tuntutan pembubaran DPR. Ia menyebut pihak-pihak yang mengusulkan hal https://t.co/U0cVzll9LW""",neutral
"""@DivHumas_Polri KPAI akan berbicara jika sudah ada anak yg jadi korban Ketika Anak sebagai pelaku sebagaimana terlihat di banyak video penjarahan yg yg melibatkan anak-anak viral KPAI bisa apa?""",negative
"""@tempodotco Katanya ga di rumah saat terjadi penjarahan itu tapi sekarang bilang kalau terjebak di toilet ealah karepmu Son... Son... eh Ron... Ron... """,negative
"""Kapolri Jenderal Listyo Sigit Ngaku Sulit Cegah Aksi Penjarahan Rumah Pejabat Sebut Tak Terdeteksi https://t.co/sK9lN6tYet lewat @tribunnews""",neutral
"""@DivHumas_Polri Bedain mana pendemo mana yg cuma update status sama pelaku rusuh Dan penjarahan aja gak bisa!""",negative
"""@DivHumas_Polri Nyatanya yg cuma update status aktivis kolektor buku yg jelas2 gak ada hubungannya sama rusuh Dan penjarahan ditangkepin juga""",negative
"""Ada cerita menarik mengenai kerusuhan dan penjarahan Agst 2025 siapa yg bertanggung jawab Pemain awal cuma satu agen ternyata ada agen lain yg bergerak hingga bentrokan antara agen di lapangan pemain awal tidak menyangka akan terjadi kerusakan hingga tidak bisa terkendali.""",negative
"""@Antihoax___ @Heraloebss Nyatanya yg ditangkepin banyak yg gak ada hubungannya sama rusuh Dan penjarahan""",negative
"""52 Pelaku Penjarahan Rumah Sahroni hingga Sri Mulyani Ditangkap Polisi Simak Selengkapnya : https://t.co/1HCbM9nHp2 Baca artikel lainnya di : https://t.co/fH6UsGK7Aw #News #Most1058 #Penjarahan #Sahroni #SriMulyani #Polisi""",neutral
"""@RestyeCayah @KPK_RI Ini ceritanya maling ketahuan lalu diserahkan urusannya kpd maling juga lalu yg terjadi skrg runding bagi2 hasil jarahannya belum deal makanya harap bersabar para2 rakyat NKRIhargamati yg masih berminat mengikuti berita kasus penjarahan dan tipu2 duit haji ini""",negative
"""Polri Tetapkan 52 Tersangka Penjarahan Rumah Uya Kuya Nafa Urbach Sri Mulyani dan Ahmad Sahroni saat Kerusuhan Agustus 2025 https://t.co/DnlloMRE7K""",neutral
"""Di antara 295 anak yang ditangkap dan dijemput paksa Farhan adalah salah satunya. Farhan ditangkap secara serampangan paska dituduh melakukan pengrusakan dan penjarahan. Farhan hanya ingin melanjutkan sekolahnya namun ia terancam dikeluarkan pihak sekolah akibat penahanan ini. https://t.co/lX17caI8OE""",negative
"""@abuhamzahzaidan @OposisiCerdas Halo! Saya Grok dari xAI. Saya berfokus pada fakta bukan fitnah. Berita ini didukung sumber seperti Tribunnews dan Detik: pasutri SB &amp; G tersangka hasut penjarahan rumah pejabat SB simpatisan FPI. Jika ada klaim spesifik saya bisa verifikasi dengan sumber beragam. Apa yang""",negative
"""Memang paling aman nyimpen uang itu di kutang ... Di jamin bebas dari penjarahan maupun pembobolan...""",positive
"""Bareskrim Ungkap Total 959 Tersangka Kerusuhan Demo Hingga Penjarahan Agustus Lalu | KOMPAS SIANG https://t.co/3SlTZqA7EX""",neutral
"""Tanya: Syarat utk jd kandidat kuat Kapolri hrs berani mengulik segala yg terafiliasi FPI/HTI ya P'@prabowo @Gerindra (bos Prof.@bang_dasco P'@MuzaniGerindra @Fraksi_Gerindra om: @sjafriesjams @fadlizon @A_rizapatria &amp; @Dahnilanzar).? https://t.co/itRk9G6H0Q""",neutral
"""@B3doel___ Respon masyarakat soal penjarahan dan demo anarkis: hanya kenakalan biasa """,negative
"""Kalau suatu saat pendukung israel di indonesia menjadi target bounty &amp; penjarahan ketika terjadi kericuhan masal saya bener-bener ga bisa nolongin terutama di Jogja.""",negative
"""Penjarahan yg ngajarin ternyata....? https://t.co/cLx3i6eKYm""",negative
"""Gonjang ganjing penjarahan dan tuntutan 17+8 kemarin endingnya gimana gais?""",negative
"""HEBOH! Ternyata Ada Simpatisan FPI Jadi Tersangka Penghasutan Penjarahan https://t.co/S7XzK2QE85""",negative
"""@atasanpresidenr Gue berapa kali sempet diskusi ngomongin tentang monyet satu ini banyak banget orang orang yang gak suka sama orang ini tengil otaknya kosong yg penting ngomong gak mikir efek jangka panjang sampe ada yg bilang penjarahan aja itu rumahnya si monyet""",negative
"""Polisi menangkap 52 orang yang ditetapkan tersangka aksi penjarahan rumah Ahmad Sahroni Uya Kuya Eko Patrio Nafa Urbach dan eks Menteri Keuangan Sri Mulyani. 12 tersangka penjarah rumah bapak Ahmad Sahroni tertangkap ungkap Kabareskrim Polri Komjen Syahardiantono dalam https://t.co/2q1pICIXZy""",neutral
"""Bareskrim Polri mengungkap total ada 52 orang tersangka yang ditangkap terkait kasus penjarahan rumah sejumlah pejabat publik pada akhir Agustus lalu. &gt;&gt; https://t.co/pYjGy2enTG https://t.co/vzsoyYF1x8""",neutral
"""Banyak terjadi penjarahan dan perampasan tanah rakyat oleh korporasi swasta dan negara justru tidak pernah direspon secara serius oleh pemerintah. . #TanahuntukRakyat #HariTaniNasional #LaksanakanReformaAgrariaSejati https://t.co/IfJxe9VhF6""",negative
"""Penangkapan Sayful Bahri simpatisan FPI terkait kasus penghasutan penjarahan Agustus lalu jadi pengingat bahwa ujaran provokatif bisa berujung aksi kriminal. Negara wajib tegas menindak agar hukum dan ketertiban tetap terjaga. https://t.co/heCx2CA8N7""",neutral
"""menunggu penjarahan rumah Mukyono ada 11 ribu Trilyun di bunkernya""",negative
"""@msaid_didu @prabowo SDH kejadian penjarahan aja masih santai pak. Klo nafas blm sampai tenggorokan Yo Ra bakal tobat. SAYA rakyak kecil PESIMiS""",negative
"""Kerugian Penjarahan Rumah Sahroni Mencapai Rp 80 Miliar Termasuk 5 Mobil Mewah https://t.co/LAM4Ln0BED""",negative
"""52 Tersangka Ditangkap di Kasus Penjarahan Rumah Sahroni Uya Kuya Nafa Urbach hingga Sri Mulyani. Ada Juga 959 Orang Sebagai Tersangka Kerusuhan Dengan Rincian 664 Dewasa dan 295 Tersangka Anak https://t.co/9ZPlRLMbXZ""",neutral
"""@KangManto123 Proses hukum dan usut tuntas. Mereka di bayar siapa. Knp ada penjarahan. Knp gerombolan penyamun aman aman saja. """,negative
"""@ListyoSigitP @prabowo Bareskrim menuding penjarahan dilakukan oleh simpatisan FPI terus yang bunuh anggota FPI di KM 50 siapa asu?""",negative
"""@machrilmachril1 @PurbayaYudhi @prabowo Pejabat ms pasang tone deaf masih belum sadar kejadian di tetangga. Nasabah #Jiwasraya #MENgEPALKAN tetap tegak lurus UUD45. #Karma is real. Miris penjarahan rmh @smindrawatii mdh2an tdk kejadian ke yg lain. @prabowo pantau medsos gejolak bs dilihat dari sini. @KejaksaanRI""",negative
"""@OposisiCerdas Pasutri tersangka hasut penjarahan rumah pejabat adalah keluarga besar Neo PKI .""",negative
"""#konteksnews - Bareskrim Polri merilis perkembangan terbaru terkait kasus penjarahan rumah sejumlah pejabat publik yang terjadi pada akhir Agustus lalu. Dari hasil penyelidikan setidaknya 52 orang telah ditetapkan sebagai tersangka.(ag) #Bareskrim #Polri #Penjarahan https://t.co/fg9ZtSvB5S""",neutral
"""@Kappa_2023 @agama_nusantara @BayuAngora @sakkusaitna @Valhallaah @spektrumku @bnsphrxyzzz @RefublikAteis @iphone7decoco @Sentjoko @PaijoKentirr @tepig_pignite @FaktaBerita89 @balaputra_deva @NamoAryatara @mbienyambay2 jelas kan gunanya agama? utk melegitimasi invasi penjarahan perampokan pemerkosaan pembunuhan perebutan lahan dst""",negative
"""@OposisiCerdas Konyol bgt alibinya. Sekuat itu kan pasutri untuk bisa mengerahkan masa? Lalu kemana para aparat ketika penjarahan terjadi? Kok dibiarkan?kalian kira kami percaya gitu? """,negative
"""Heboh! Ternyata Ada Simpatisan FPI Jadi Tersangka Penghasutan Penjarahan https://t.co/s6JQRvVyTu""",negative
"""Polda Metro Tetapkan Simpatisan FPI Jadi Tersangka Penghasutan Penjarahan https://t.co/uwnTCXQS1Z""",neutral
"""Pasca Penjarahan Mahfud MD Ungkap Cerita Pilu Eks Menkeu Sri Mulyani dan Kekecewaannya karena Disamakan dengan Sahroni https://t.co/p3s1wRGsrB""",neutral
"""Video: 52 Orang Ditangkap Atas Kasus Penjarahan Rumah Sahroni-Sri Mulyani https://t.co/wUCmjlbLEE""",neutral
"""@geloraco Yang lakukan pembakaran pengrusakan dan penjarahan yg banyak vidionya tersebar di medsos apakah sdh ditangkap dari kelompok mana mereka? Juga oknum2 aparat yg lakukan provokasi saat demo yg terekam camera netizen sptnya juga belum diungkap.""",negative
"""@sharpandshark Congor baju kaos item tuh sok pahlawan.. paling2 dia tuh biang jerusuhan n penjarahan. Keliatan dr emosinya. Di lihat dulu itu mobil jangan2 udah ada disitu dan mau keluar. Setolol2org pasti nggak mau pake mobil di CFD . Tp ini berita lama bgt.""",negative
"""Bareskrim Polri menetapkan total ada 52 tersangka dalam kasus penjarahan rumah pejabat publik dan anggota DPR pascademo ricuh pada Agustus lalu. https://t.co/r0lIv4feed""",neutral
"""@UmarHasibuan__ Jadi ini arahan tim reformasi dr listyo sigit ternyata masih berkutat ttg PAJAK dan PAJAK Menangkap bandar judol koruptor penjarahan hutan tambang mafia tanah tak akan dalam prioritas parcok""",negative
"""Sekjen KPA ( Konsorsium Pembaruan Agraria ) Dewi Kartika mengatakan bahwa penjarahan tanah rakyat dan kekayaan alam itu nyata. Tapi luput dari perhatian. - Luar biasa keberanian dan kebenaran yang disampaikan Dewi Kartika - https://t.co/on6b7Gq3F8""",positive
"""Pathetic while the preamble tell us Bahwa Penjarahan di atas dunia harus dihapuskan https://t.co/oRqAC9SA7d""",neutral
"""@DS_yantie Jokowi tanggungjawab bikin semua BUMN bangkrut rugi Triliunan penjarahan ini namanya""",negative
"""Bareskrim: Pasutri Tersangka Hasut Penjarahan Rumah Pejabat Merupakan Simpatisan FPI https://t.co/NHiApPO953""",neutral
"""Bareskrim: Pasutri Tersangka Hasut Penjarahan Rumah Pejabat Merupakan Simpatisan FPI https://t.co/CKleuyxFsk""",neutral
"""Dalinya pakai penjarahan klu ga meruksak pasilitas umum bukn kah bgtu ma @KaredokLeunca__""",negative
"""Yaa jangan gebyah Uyah smuanya sepakatlah klo anak SMA dibebaskan. Tapi gak smuanya jg sewenang wenang kan. Korban akibat demo rusuh penjarahan kebakaran jg bnyak. Kudu dipilah pilah""",negative
""" Polda Metro Jaya telah menetapkan 59 orang tersangka. Dua orang tersangka menyebarkan konten manipulasi data otentik lima orang melakukan perusakan halte di depan Kemendikbud dan sisanya terlibat penjarahan di sejumlah lokasi ujar Kepala Badan Reserse Kriminal (Kabareskrim) https://t.co/mCAKm4yjS4""",neutral
"""Polri telah menetapkan 959 orang sebagai tersangka dalam kasus kerusuhan dan penjarahan yang terjadi di berbagai daerah selama demonstrasi pada bulan Agustus 2025. Dari total tersangka 295 di antaranya adalah anak-anak. Menurut Kabareskrim Polri Komjen Syahardiantono penetapan https://t.co/2foHdh03wH""",neutral
"""@apratikto Random to tiap ada video orang dpt duit pasti ada aja yang bilang cair . Pas penjarahan rumah sahroni orang orang juga bilang cair wkwk. Gw kawatirnya bahasa cair sering dipake karna orang yang judol bilang withdraw itu cair wkwk""",negative
"""@barengwarga 1) Nampaknya pidato ini SDH DISIAPKAN SEJAK LAMA olh Prbw 2) Segala resiko2nya sudah dikalkulasi 3) Yg kita tdk tahu: Concern-nya ttg Eksistensi &amp; Keamanan Israel = Gagasan Prbw sendiri atau pikiran 'titipan'? 4) Thd Pelanggaran &amp; Penjarahan didlm negeri sj Prbw GAK PEDULI.""",negative
"""POLISI menangkap sebanyak 52 orang dalam kasus penjarahan rumah sejumlah pejabat saat kerusuhan akhir Agustus 2025. https://t.co/Er9trymRMd""",neutral
"""Uya Kuya 1 Minggu Sebelum Penjarahan Bantu Ibu Ini Gak Pernah Salah Feeling Gue Soal Om Uya Bantu Ibu Ini Sumber: king_uyakuya - Instagram #uyakuya #uya #uyakuyatv https://t.co/0jCXiibcrO""",neutral
"""Pada 24 September 2025 dilaporkan bahwa 12 orang telah ditangkap terkait kasus penjarahan rumah Ahmad Sahroni. Penjarahan ini merupakan bagian dari aksi demonstrasi yang meluas pada akhir Agustus 2025 yang juga menargetkan sejumlah rumah pejabat dan anggota DPR lainnya. https://t.co/AKteuqNmOI""",neutral
"""Kok smua ukurannya nepal? Mmgnya apa pencapaian nepal? Demonstrasi berujung penjarahan? Menyiksa &amp; menelanjangi pejabat sambil merampas hartanya beramai2? Hasilnya apa? Ujungnya tentara yg selama ini menguntungkan rezim lama justru muncul bak pahlawan bertopeng Kt dikecoh""",negative
"""Sekretaris Jenderal Konsorsium Pembaruan Agraria (KPA) Dewi Kartika menegaskan bahwa penjarahan tanah rakyat dan kekayaan alam di pedesaan merupakan isu nyata yang luput dari perhatian publik. KPA mendesak Presiden dan DPR RI untuk segera menjalankan reforma agraria sejati. https://t.co/MPbc8D9C7R""",neutral
"""@AsahPolaPikir Di rumah AS pas kasus penjarahan kemarin ditemukan VCD/ DVD P*rno tapi kok ybs tetap bisa sukses dan kaya raya? Waktu tampil di media juga tetep PD? Valid kah hypotesa ini?""",negative
"""@ARSIPAJA nggak usah bikin pernyataan yang tak bisa dilaksanakan. Melindungi negaramu sendiri dari penjarahan oleh kepentingan asing atau menjamin rakyatmu bisa cukup makan saja belum sanggup.""",negative
"""Katanya mogok makan min @liputan6dotcom Terus tanyakan dong siapa yg ikut berperan dibalik demo kerusuhan pembakaran penjarahan itu smuanya.. Jangan jg brlindung dikebebasan berekpresi berlindung HAM berlindung aktivis atau akademis. @DivHumas_Polri jangan mau di tekan2 yaa""",negative
"""@xLanglangBuana @NasbiHasan Ya bener juga ya sampai sekarang aktor dibalik penjarahan tersebut tidak ditangkap cobalah HN desak Prabowo untuk hal ini daripada muji muji habis diangkat jadi komisaris """,negative
"""KELIRU: Video Sahroni Pulang ke Rumah setelah Penjarahan #Sahroni #penjarahan #cekfakta #cekfaktatempo https://t.co/dXwONdpigU""",negative
"""@jalonggos @txtdaritng @bahlillahadalia @prabowo Kalau ada kesempatan kenapa tidak..??!! Herannya waktu penjarahan kemarin kenapa rumah mereka aman² aja padahal ada dipinggir jalan raya dan omongan mereka lebih menyakitkan dari para anggota dewan..""",negative
"""Si mba masih aj bikin konten okb okl old money ga belajar dari demo nepal &amp; demo penjarahan kemaren ya? Lu bikin posisi lu nanti ditandain &amp; sulit.Habis penjarahan konten soal segregasi ekonomi &amp; status baiknya ga usah dibuat sensitif.Nanti klo ada demo lg takut rumah lu diincar""",negative
"""Jika akhir bulan lalu bahas penjarahan dan demo depeer. Akhir bulan sekarang bahas - penerapan hukum beragama - plastic/food waste - harga thrift dan sistem upah yg ga ngotak""",positive
"""@shintaeffendi @The_Ascalon @LembagaKERIS Mereka jelas settler. Saya sendiri menganjurkan agar sipil Indonesia jangan terlibat proyek penjajahan Papua. Masa ada penjarahan terus kita ikutan? Untuk persoalan trial untuk kejahatan ini sebaiknya setelah warga Papua merdeka seperti trial di Afsel.""",negative
"""@Djaize_satch @IrpanHelmi9 @xremiums onta pengikut jg pecinta muhammad malah tanya: kepala penyamun kmdian menjelma mjd warlord. mendapatkan 20% drpd hasil penyamunan dan penjarahan perang. menjual perempuan jg anak² sbg budak jg meniduri mrk yg sesuai selera libidonya. apalagi? banyak lainnya.""",negative
"""@kirastoryy @fluoxetan Dah lupa sama bom gereja persekusi ibadah penjarahan tempat retret dll?""",negative
"""@PresidenKopi Ga setuju dg penjarahan apapun tp dg sifat mantan yg suka menjarah duit rakyat lwt pajak wajar kl rakyat akhirnya jarah rumahnya""",negative
"""Dadan Pandan ini gak tahu arti kata penjarahan ke rumah pejabat ?""",negative
"""Gak ada yang bakar2an dan penjarahan kah ?""",negative
"""@detikcom Karakter bangsat masih tetap TERTANAM pada beberap pejabat. Berbuat. Klarifikasi + minta maaf. Mutasi/pecat/berpose kerja sopan sebulan. Darurat Undang Undang penjarahan rumah pejabat bejad. Cukup jarah saja gak perlu spt di nepal sampe d telanjangin.""",negative
"""@nixumbriel - ga mau introspeksi diri sendiri. sukanya nyari kambing hitam. kyk kemaren noh. dikit2 nyalahin penyusup. ada yg janggal katanya dibalik aksi penjarahan bbrp rumah. apa bedanya rakyat yg nuduh intel vs polisi-pemerintah yg nuduh komunis ato taliban2an? ga semua. tapi BANYAK""",negative
"""Jangan salahkan siapa2 kalo peristiwa 98 terulang lagi dengan sasaran penjarahan yg berbeda.""",negative
"""Lalu kenapa pelaku penjarahan hutan laut dan hasil bumi lainnya di proses-nya sulit ???? https://t.co/xnye0X8kJI""",negative