teks,label
Presiden Minta Polri dan TNI Tindak Tegas Penjarahan Rumah Pejabat #StopMenjarah #StopMenjarahPejabat #StopAnarkis #Indonesia #IndonesiaEmas https://t.co/yk97Cv10wC,netral
Presiden Minta Polri dan TNI Tindak Tegas Penjarahan Rumah Pejabat #StopMenjarah #StopMenjarahPejabat #StopAnarkis #Indonesia #IndonesiaEmas https://t.co/zF5PMO2Ms0,netral
Presiden Minta Polri dan TNI Tindak Tegas Penjarahan Rumah Pejabat #StopMenjarah #StopMenjarahPejabat #StopAnarkis #Indonesia #IndonesiaEmas https://t.co/3dAuCYsUUq,netral
@Belok_dong Penjarahan pasti di lakukan orang miskin (gak mungkin orang kaya)orang miskin identik wong cilik wong cilik identik dengan PARTAI... PAHAM...,negatif
Menurut Dino Pati Djalal bhw Penjarahan rumah Sri Mulyani direncanakan secara sistematis dan sudah ditarget dari kekuatan tertentu yg melibatkan TANGAN SILUMAN,netral
@OpikAf @Hegie_bae 17+8 setelah adanya kerusuhan dan lebih di isi oleh influenzer. Rakyat mulai menarik dukungan ketika arahnya sudah ke arah penjarahan. Trauma kelam 98 masih membekas.,negatif
@_akunkomen @txtdrimedia @prabowo gerakin penjarahan harta koruptor.,netral
@AdlawiSamsudin @dinopattidjalal Saya orang bodoh tapi Para alumni LPDP pastinya orang2 pinter dan cerdas. .... Mengapa mereka/alumni lpdp tidak membantu memberikan masukan utk mencari dalang penjarahan rumah SM spt yg dikemukakan oleh @dinopattidjalal ini,negatif
@ARSIPAJA kenapa gua yakin penjarahan kemaren cuma skenario penguasa ? ya karena rumahnya bahlil aman,negatif
@Mas_zobirin @sharpandshark kalo dalam agama kami dan ajaran nabi muhammad kami penjarahan itu haram mas sobirin dalam agama kami juga setuju dengan perbuatan maksiat sama dengan melakukanya,negatif
@BebySoSweet Mulai...kumat buat statement asal njeplak Giliran masuk penjarahan bikin drama Zul..Zul...moga cepet mati dah lu org,negatif
Penjarahan rumah / toko dan apapun milik pribadi warga itu kriminal. INSTRUKSI : tindak tegas utk tangkap adili penjarakan. Penjarahan pantai. Penjarahan hutan Penjarahan tambang Penjarahan APBN / APBN ? INSTRUKSI : ????,negatif
@nyctogna Gak membenarkan penjarahan tapi dia sok asik sih Emak bapaknya juga.,negatif
@inijoejoe itu realita yg ada dimsyrkt saat ini. Menormalisasi sesuatu yg sbnrnya ga normal. byk case spt kasus penjarahan pengerusakan fasum dll. termasuk diantaranya kalo pacaran ga ada acara sedot sedotan bukan pacaran katanya. pdhl kalo mau nyedot bs juice atau wc ya,negatif
@dinopattidjalal Hal yang tidak mengherankan si asam sulfat aja bisa jadi wp krn penjarahan peraturan oleh pasukan siluman berdasi.,negatif
@zimaya5 @sudahsaatnyaa @BudiBukanIntel @barengwarga Gak heran sih indonesia masih begini aja kalai masih ada orang kayak anda yang mewajarkan penjarahan :),negatif
@userxmlf Jangan sampe ada penjarahan part sekian sekian dah lu pada yang jadi pejabrut. Heran kerja gajinya hasil iuran rakyat kok songong bgt,negatif
Penjarahan rumah pribadi SMI di mobilisasi pake truk. Artinya by setting @bangyupi_006,netral
@DivHumas_Polri Bravo pak..kejar terus para pelaku pengrusakan dan penjarahan,netral
@Om_Awang @WagimanDeep212_ Halahh elu yg tolol. Tanpa mengurangi rasa hormat atas pengiriman bantuan (tentu atas seijin otoritas udara Israel). Indonesia bisa menekan PBB agar sgr mendistribusikan bantuan utk warga Gaza yg jumlahnya RIBUAN TON n minta pengamanan dr penjarahan bantuan oleh TERORIS HAMAS.,negatif
@EdwardSevino @CNNIndonesia Jika mempertahankan hak hidup harus menyuap maka boleh. Misalnya di suatu daerah terjadi kekacauan ada penjarahan pembakaran rumah dll maka seseorang menyuap petugas untuk menjaga keselamatan dan hak dia untuk hidup itu dibenarkan.,netral
@dinopattidjalal Wa alaikum salam sayangnya pembentukan TGPF (tim gabungan pencari fakta) penjarahan pembakaran dll Agustus 2025 di cancel jadi gak terkuak apa motif dan siapa dalangnya ?,negatif
@dinopattidjalal Saya awam Om cuma heran aja sama perbedaan penjarahan di rumah Om Sahroni ama yg di rumah Tante Sri. Di rumah Om Sahroni penjarahannya begitu spontan kalau Tante Sri eeemmm gimana yaa kaya terlalu adem dan santai bener sih.,negatif
VIDEO: Kekuatan Siluman Rekayasa Penjarahan Rumah Mantan Menkeu Sri Mulyani Sudah Ditarget! https://t.co/iSBA3ZMRZ9,netral
@gendut4444 Yang dimaksud itu jeda apa ya? Setelah hari kejadian penjarahan kah? Atau apa?,negatif
Kepolisian Daerah Jawa Timur (Polda Jatim) mengamankan sejumlah tersangka baru terkait aksi perusakan penjarahan dan perusakan fasilitas umum yang terjadi serentak di beberapa wilayah. #energiinspirasiindonesia Baca selengkapnya di https://t.co/HLSrQVn5gE https://t.co/Z9Xdwg2MSS,netral
@ArmaZulfikar @dinopattidjalal Analisa kamu menarik. Berdasarkan berita dari Tempo Kompas dan CNBC (Sept 2025) penjarahan rumah Sri Mulyani tampak bagian dari demo besar dengan dugaan konspirasi seperti yang disebut Dino Patti Djalal. Teori false flag atau targeting oleh pihak lain belum ada bukti kuat;,negatif
Arloji Mewah Swiss Dari Mana Mulanya? Selain cokelat dan pisau saku multiguna Swiss juga terkenal dengan arloji mewahnya. Harga arloji-arlojinya selangit. Seperti arloji Richard Mille milik mantan anggota DPR Ahmad Sahroni yang sempat digondol seorang remaja dalam penjarahan https://t.co/PVFFUXN62A,positif
@dinopattidjalal Untuk analisa penjarahan gw sepakat gw juga menduga demikian bahkan dari mulai penjarahan rumah pejabat pertama sepakat usut tuntas TAPI kalo narasinya digiring jadi PENILAIAN PERSONAL DAN SUBJEKTIF terhadap kinerja SRM sebentar2 setiap orang punya penilaian masing2 jg,negatif
@dinopattidjalal Penjarahan nya juga aku gak setuju dan harus diusut Tapi Sri Mulyani gak innocent2 banget Banyak kebijakan nya bikin sengsara Rakyat,negatif
@dinopattidjalal Perlu investigasi siapa dalang penjarahan Sri Mulyani.,negatif
Eks Jubir SBY Curiga Ada Kekuatan Siluman di Balik Penjarahan Rumah Sri Mulyani https://t.co/O0Qtoulp5e,netral
warga indonesia udah main marah-marah dan penjarahan. sekali viral warga marah.,negatif
@dinopattidjalal Penjarahan yang terjadi sporadis oleh satu kelompok yang terorganisir - lalu mempengaruhi masyarakat tertentu hingga terjadi gelombang massa yang tak terbendung...,netral
@dinopattidjalal Mungkin saja orangnya sama dengan yg memobilisasi dan memprovokasi penjarahan dan pembakaran di Jakarta tahun 1998. Ytta.,negatif
@Kappa_2023 @Valhallaah @spektrumku @bnsphrxyzzz @RefublikAteis @iphone7decoco @Sentjoko @PaijoKentirr @tepig_pignite @FaktaBerita89 @iam_zelt @balaputra_deva @NamoAryatara @mbienyambay2 Betul Itulah gunanya tuhan nabi wahyu ayat2 dst sbg alat legitimasi penyerangan pemerkosaan penjarahan penjajahan &amp; perbudakan. Mk jgn brharap hal baik apa pun dr mrk.,negatif
@pmd_sehat @sharpandshark Yg bilang penjarahan tindakan terpuji siapa ???,negatif
Yang buat saya bingung Dalam penjarahan rumah tokoh2 tsb tak ada pertolongan dari pihak tetangga warga pihak kampung sekitar. Apakah tokoh2 tsb tidak bermasyarakat atau kehidupan disana siapa loe siapa gue atau warga sekitar benar2 tak berdaya/takut?,negatif
@oman_man89 @sharpandshark Penjarahan itu perampokan mau di rencanakan atau spontan itu tindakan kriminal harus di tangkap.,negatif
Sesama Agen Cai Got mulai muncul saling membela mungkin krn hilangnya Dokumen Rahasia yg tertera nama² antek Global yg hilang saat penjarahan...ituh simpulnya...,negatif
@sharpandshark Okelah aksi penjarahan kemarin terorganisir krn ada yg hunting lokasi sahroni sri mulyani dll. Tapi juga jangan lupa murka rakyat kemarin itu akumulatif. Kesalnya udah lama. Soal ditumpangi atau enggk siapa yg akhirnya peduli? Kalaupun diinvestigasi siapa yg percaya aparat?,negatif
Berikut video ulasan saya mengenai Jejak2 SILUMAN dalam PENJARAHAN Sri Mulyani . What do you think? Silahkan komentari kalau analisa saya masuk akal atau ngawur. https://t.co/etemzS8Ej6,negatif
@e100ss Apakah karyawan Shell tidak ada niatan untuk membakar rumah si Bahlil? Kan seru gitu penjarahan rumah pejabat part 2,negatif
@tempodotco Apa jng2 penjarahan di rumah orang yg di ilustrasi sedang digunting itu dibuat agar jadi alasan biar bisa anu po yaaa,negatif
@oman_man89 @sharpandshark Ada benarnya. Namun baru pertama kali ini terjadi ada demo yg dilakukan tengah malam dan terjadi penjarahan. Seperti perampokan yg telah direncanakan dengan rapi. Apakah semua masuk akal?,negatif
@sharpandshark yg namanya penjarahan pencurian atau perampokan itu ngga perlu ada dalang. Tapi sdh spontanitas aksi massa krn ada jurang kemiskinan yg sangat dalam antara pejabat negara dgn rakyatnya. Kalau semua pejabat nya tolol seperti ini. lalu kapan pemerintah bisa introspeksi diri ??,negatif
@HetsiyHetsiy1 @sharpandshark Berdasarkan penelusuran insiden penjarahan rumah Sri Mulyani memang terjadi pada 31 Agustus 2025 di Bintaro. Namun rumor ia melapor ke Menhan untuk minta pengamanan sebelum kejadian tidak dikonfirmasi oleh sumber berita kredibel seperti Tempo atau CNN Indonesia. Kemungkinan,netral
@sharpandshark kalo penjarahan 1998 pkai pemerkosaan itu iblis yg melebihi iblis ya teman² . klo menjarah tnpa ada rape dll dsebut tgn siluman lalu penjarahan pemerkosaan pembunuhan pembakaran bahkan ada mayat dimutilasi 1998 itu apa namanya pak? nanya doang kok pak️ https://t.co/4WrOrS2qqV,negatif
@taufik_q Ga usah bawa2 nama anies baswedan. Semua pejabat akan mengalami penjarahan bahkan dkroyok bakar habis2an.jgn bawa ani2 sok suci. Kalian juga yg bawanma anis akan bernasib sama. Dari segala partai akan dijarah dan mati sia besrta kekuarga,negatif
Bisa jadi jangan2 dipdipeh ada komplotan pemakar. Pendemoan penjarahan penempatan perusuh ada settingan yg khas opsus gaya pdipeh. BG sebagai menkopolkam lumpuh tak berdaya dan hilang akal sehingga seperti memaksa Presiden untuk terima proposal keadaan darurat sipil. FUTSCH.,negatif
Polri melalui Polda Nusa Tenggara Barat (NTB) menetapkan 20 tersangka terkait aksi perusakan dan penjarahan saat unjuk rasa 30 Agustus 2025 di Mapolda NTB dan Gedung DPRD NTB. https://t.co/jNbyytNRlC,netral
Yg dituduh dalang penjarahan sahroni itu bukan ya? Kirain nyewa stuntwoman eh lah nyari kambing itam beneran????,negatif
Polisi Tangkap Pelaku Penjarahan Gerai Ponsel di Garut Plaza Terungkap dari Rekaman CCTV https://t.co/Qh0WOZltrc,netral
Kita bisanya hanya nebak2 doang sahabat baikku jg jd korban brutal aksi penjarahan dan pengursakan akhir Agustus kmrin. Kita memohon pd @DivHumas_Polri untuk mengusut tuntas dn menemukan para aktor tsb. Udahlah gak usah bicara HAM dulu atau aktifis dulu.,negatif
@andi_chotimah Kebetulan atau emang udah waktunya? Setelah demo rusuh yg kemarin rame banget sampai ada penjarahan segala dua tokoh langsung out: Hendrar Prihadi &amp; Budi Gunawan. PRABOWO IN PDIP OUT #Bersih2AnasirMerah,netral
Polisi Ungkap Ratusan Pelaku Aksi Anarkis di Jawa Timur Kerugian Capai Rp 256 Miliar SURABAYA Polda Jawa Timur merilis perkembangan penanganan kasus perusakan penjarahan dan pembakaran fasilitas umum yang terjadi dalam rangkaian aksi anarkis di sejumlah wilayah Jatim https://t.co/ltNxpFCDTK,netral
Publik mulai mikir: ini reshuffle beneran buat kabinet makin solid atau ada hubungannya sama chaos kemarin yg nyisain jejak penjarahan dan kegaduhan? Ada yg bilang terlalu kebetulan. Coincidence or not? PRABOWO IN PDIP OUT #Bersih2AnasirMerah,negatif
Padahal penjarahan yg sesungguhnya sudah dilakukan oleh pemerintah sendiri... https://t.co/6BGCZnRd5E,negatif
Jika kudeta dg skema kerusuhan dan penjarahan massal tdk berhasil maka akan ada plain B.,negatif
@andi_chotimah Budi Gunawan dan Hendrar Prihadi dicopot pasca demo rusuh plus penjarahan publik jadi bertanya PRABOWO IN PDIP OUT #Bersih2AnasirMerah,netral
Budi Gunawan juga out barengan sama Hendrar Prihadi. Timing-nya pasca demo rusuh+penjarahan kemarin... kebetulan doang atau ada benang merah? PRABOWO IN PDIP OUT #Bersih2AnasirMerah,positif
@andi_chotimah Demo rusuh + penjarahan kemarin malah makin bikin publik yakin. Reshuffle ini jawabannya: PRABOWO IN PDIP OUT #Bersih2AnasirMerah,negatif
@andi_chotimah Kerusuhan + penjarahan kemarin keliatan kaya terorganisir tapi kok aparat kayak slow response? Netizen jadi makin mikir apa ada benang merah sama partai tertentu? PRABOWO IN PDIP OUT #Bersih2AnasirMerah,negatif
Dan gak cuma Mahfud yang gagal tayang . Budi Gunawan &amp; Hendi juga dicut dari posisi masing-masing. Semua kejadian ini numpuk pasca kerusuhan &amp; penjarahan misterius PRABOWO IN PDIP OUT #Bersih2AnasirMerah,negatif
Sementara itu Hendrar Prihadi &amp; Budi Gunawan diputusin cabut. Publik langsung mikir kok pas banget setelah demo rusuh + penjarahan kemarin? Coincidence or what? PRABOWO IN PDIP OUT #Bersih2AnasirMerah,negatif
Apalagi bersamaan sama out-nya Hendrar &amp; Budi Gunawan. Kok timingnya bisa klop banget sama rusuh+penjarahan kemarin? PRABOWO IN PDIP OUT #Bersih2AnasirMerah,positif
Belum lagi tiba-tiba Hendrar Prihadi out dari BPKP. Timingnya pas banget abis demo rusuh &amp; penjarahan PRABOWO IN PDIP OUT #Bersih2AnasirMerah,negatif
Budi Gunawan copot pasca demo rusuh Agustus yang ada penjarahan di mana-mana. Publik pada curiga apa ini ada hubungan sama elemen tertentu? PRABOWO IN PDIP OUT #Bersih2AnasirMerah,negatif
Demo rusuh itu bikin chaos penjarahan sampe bikin rakyat geram. Kecurigaan publik ke PDIP muncul lagi tapi ya kan cuma spekulasi doang. PRABOWO IN PDIP OUT #Bersih2AnasirMerah,negatif
Rusuh plus penjarahan? Publik bilang itu bukan aspirasi tapi akting gagal. PRABOWO IN PDIP OUT #Bersih2AnasirMerah,negatif
Hendrar Prihadi dicopot Budi Gunawan juga out. Publik jadi kepo kok barengan banget ya pasca demo rusuh+penjarahan kemarin. PRABOWO IN PDIP OUT #Bersih2AnasirMerah,positif
Di sisi lain Hendrar Prihadi dicopot juga. Padahal baru aja rame soal demo rusuh sampe ada penjarahan. Kok waktunya barengan bikin makin banyak spekulasi. PRABOWO IN PDIP OUT #Bersih2AnasirMerah,negatif
Trus tiba-tiba Hendrar Prihadi out Budi Gunawan juga out timing-nya pas banget abis demo rusuh + penjarahan kemarin. Kebetulan kah? Atau publik emang punya feeling beda soal ini? PRABOWO IN PDIP OUT #Bersih2AnasirMerah,positif
Rusuh plus penjarahan? Publik nyebutnya bukan demo tapi drama murahan. PRABOWO IN PDIP OUT #Bersih2AnasirMerah,negatif
Demo yang berubah jadi kekacauan dengan penjarahan lalu dua pejabat kunci out. Pertanyaan besar: bagaimana keterkaitan potensial dengan kelompok politik tertentu? PRABOWO IN PDIP OUT #Bersih2AnasirMerah,negatif
Mengapa pemberhentian Budi Gunawan dan Hendrar Prihadi tepat setelah demo rusuh disertai penjarahan? Adakah benang merah dengan dinamika partai oposisi? Publik ingin tahu. PRABOWO IN PDIP OUT #Bersih2AnasirMerah,netral
Demo chaos plus penjarahan lebih mirip sinetron murahan dibanding aksi nyata. PRABOWO IN PDIP OUT #Bersih2AnasirMerah,negatif
Apalagi ini kejadian setelah demo rusuh dan penjarahan aneh yang tiba-tiba aja muncul di beberapa kota. Rakyat mulai nanya: ini gerakan rakyat atau ada yang nyulut PRABOWO IN PDIP OUT #Bersih2AnasirMerah,negatif
Terus pas banget abis demo rusuh &amp; penjarahan malah muncul kabar pencopotan Hendrar Prihadi &amp; Budi Gunawan. Publik jadi makin penasaran kok momennya selalu kebetulan ? PRABOWO IN PDIP OUT #Bersih2AnasirMerah,positif
Budi Gunawan sebagai Menkopolkam diganti Hendrar Prihadi juga out dari LKPP. Publik pada bisik-bisik apa ada hubungannya sama demo rusuh yang berujung penjarahan itu? Kayaknya timingnya pas banget tapi ya cuma dugaan aja sih. PRABOWO IN PDIP OUT #Bersih2AnasirMerah,negatif
Di sisi lain Hendrar Prihadi dan Budi Gunawan diberhentikan tepat setelah demo chaos + penjarahan. Bukan nuduh tapi timingnya cinematic. PRABOWO IN PDIP OUT #Bersih2AnasirMerah,positif
Pasca demo rusuh yang bikin chaos kemarin tiba-tiba Budi Gunawan dan Hendrar Prihadi kena copot. Demo yang sampe ada penjarahan itu emang bikin situasi panas. PRABOWO IN PDIP OUT #Bersih2AnasirMerah,negatif
Bukan cuma itu ada juga pemberhentian Hendrar Prihadi sama Budi Gunawan pasca demo chaos yg diiringi penjarahan. Publik auto mikir kok timingnya pas banget? PRABOWO IN PDIP OUT #Bersih2AnasirMerah,positif
Belum lagi Budi Gunawan juga kena reshuffle setelah muncul demo rusuh yang bahkan disertai penjarahan. Banyak yang bilang momennya nyambung banget bikin makin banyak tanda tanya. PRABOWO IN PDIP OUT #Bersih2AnasirMerah,positif
Demo rusuh plus penjarahan vibesnya kayak proyek tontonan murahan. PRABOWO IN PDIP OUT #Bersih2AnasirMerah,negatif
Di saat yang hampir bersamaan pemberhentian Hendrar Prihadi dan Budi Gunawan juga menambah tanda tanya. Apalagi waktunya berdekatan dengan demo rusuh dan penjarahan kemarin PRABOWO IN PDIP OUT #Bersih2AnasirMerah,netral
Bonus drama lain: Budi Gunawan dan Hendrar Prihadi ikut dicopot. Pas banget setelah demo rusuh plus penjarahan. Publik cuma geleng-geleng: kok timingnya pas banget ya? PRABOWO IN PDIP OUT #Bersih2AnasirMerah,positif
Pasca demo rusuh yang berujung penjarahan sama kerusuhan Budi Gunawan sama Hendrar Prihadi langsung dicopot. Publik pada heboh nanya-nanya apa ada benang merah sama PDIP atau cuma kebetulan aja sih? PRABOWO IN PDIP OUT #Bersih2AnasirMerah,netral
Pasca demo rusuh plus penjarahan ala pesta pora Budi Gunawan dan Hendrar Prihadi langsung dipecat. Kebetulan banget atau ada yang merah di balik layar? Hehe pertanyaan retoris aja kok. PRABOWO IN PDIP OUT #Bersih2AnasirMerah,negatif
Publik mulai kepo: kok pasca demo rusuh &amp; penjarahan tiba-tiba ada pencopotan Hendrar Prihadi sama Budi Gunawan? Kebetulan aja atau memang timingnya pas banget? PRABOWO IN PDIP OUT #Bersih2AnasirMerah,positif
Waktu chaos &amp; penjarahan rame muncul pertanyaan di medsos: Siapa yang manfaatin momen? Ada yang bilang chaos itu bukan murni gerakan rakyat PRABOWO IN PDIP OUT #Bersih2AnasirMerah,negatif
Hendrar Prihadi juga out barengan. Netizen auto bilang: kok bisa pas banget sama rusuh demo + penjarahan kemarin ya? PRABOWO IN PDIP OUT #Bersih2AnasirMerah,negatif
Demo yang harusnya damai malah jadi rusuh plus penjarahan. Orang-orang jadi mikir ini beneran spontan apa ada dalang. PRABOWO IN PDIP OUT #Bersih2AnasirMerah,negatif
Kerusuhan dan penjarahan sempet nyambung ke spekulasi publik soal anasir politik tertentu. Dari situ makin jelas PRABOWO IN PDIP OUT #Bersih2AnasirMerah,positif
Budi Gunawan pun diberhentikan. Publik mengaitkan timingnya dengan demo ricuh dan penjarahan. Apakah ini bentuk pembersihan ? PRABOWO IN PDIP OUT #Bersih2AnasirMerah,negatif
Demo kemarin malah chaos plus ada penjarahan. Banyak yang bilang vibesnya kayak ada settingan. Pertanyaan makin numpuk. PRABOWO IN PDIP OUT #Bersih2AnasirMerah,negatif
Habis demo rusuh sama penjarahan yang bikin heboh Budi Gunawan sama Hendrar Prihadi langsung dipecat. Banyak yang ngerasa aneh apa ada keterlibatan PDIP di balik kerusuhan itu atau cuma teori aja? PRABOWO IN PDIP OUT #Bersih2AnasirMerah,negatif
Trus Budi Gunawan juga kena reshuffle. Timing pas abis demo ricuh + penjarahan. Publik: hmm sus banget ini kalo dibilang kebetulan. PRABOWO IN PDIP OUT #Bersih2AnasirMerah,negatif
Demo rusuh plus penjarahan kemarin bikin publik mikir keras. Kalau liat rangkaian peristiwa rasa-rasanya pesan besar udah jelas: PRABOWO IN PDIP OUT #Bersih2AnasirMerah,positif
Demo kemarin bukan demo biasa ‍️ Ada rusuh ada penjarahan vibes-nya kok kayak chaos setting-an? ️ PRABOWO IN PDIP OUT #Bersih2AnasirMerah,negatif
Budi Gunawan ikut diberhentikan. Momennya pas banget setelah demo rusuh dan penjarahan. Kebetulan? Atau ada pola yang terasa familiar? PRABOWO IN PDIP OUT #Bersih2AnasirMerah,positif
Demo rusuh plus penjarahan bikin banyak orang mikir kok bisa chaos segitunya. Ada skenario atau kebetulan aja. PRABOWO IN PDIP OUT #Bersih2AnasirMerah,negatif
Barengan itu Budi Gunawan juga diberhentikan. Pasca demo rusuh plus penjarahan publik jadi makin mikir: kebetulan atau ada benang merah? PRABOWO IN PDIP OUT #Bersih2AnasirMerah,negatif
Rusuh dan penjarahan kemarin gak bisa dipisahin dari narasi besar. Publik makin sadar ada pola lama yang diputus. PRABOWO IN PDIP OUT #Bersih2AnasirMerah,negatif
Trus ada kabar Hendrar Prihadi dicopot. Publik langsung rame: kok bisa momennya pas banget sama demo rusuh + penjarahan kemarin? PRABOWO IN PDIP OUT #Bersih2AnasirMerah,negatif
Yang lebih rame lagi publik nyambungin reshuffle sama pencopotan Hendrar Prihadi dan Budi Gunawan. Apalagi setelah demo rusuh kemarin yg anehnya kebetulan berujung penjarahan. Netizen pada nanya kebetulan doang atau ada kaitannya? PRABOWO IN PDIP OUT #Bersih2AnasirMerah,negatif
Lalu Budi Gunawan juga diberhentikan. Timingnya berdekatan dengan demo rusuh dan penjarahan. Publik merasa ini bukan kebetulan semata. PRABOWO IN PDIP OUT #Bersih2AnasirMerah,negatif
Publik langsung heboh karena timingnya deket sama demo rusuh + penjarahan kemarin... PRABOWO IN PDIP OUT #Bersih2AnasirMerah,positif
Kerusuhan demo kemarin masih fresh diingatan. Penjarahan di mana-mana bikin publik mikir keras siapa yang diuntungkan? Setelah reshuffle narasi PRABOWO IN PDIP OUT jadi kayak jawaban tersembunyi. #Bersih2AnasirMerah,negatif
Demo rusuh yang ada penjarahan jadi bahan omongan. Publik bertanya ini aksi beneran atau ada agenda. PRABOWO IN PDIP OUT #Bersih2AnasirMerah,negatif
Chaos demo plus penjarahan kemarin makin bikin orang curiga. Wajar kan kalau publik mikir ada benang merah di situ? PRABOWO IN PDIP OUT #Bersih2AnasirMerah,negatif
Budi Gunawan juga hilang dari line-up. Timingnya pas abis demo rusuh + penjarahan. Publik: kok plotnya mirip script lama ya? PRABOWO IN PDIP OUT #Bersih2AnasirMerah,negatif
Belum lagi barengan sama pencopotan Hendrar Prihadi. Publik jadi mikir kok bisa pasca demo ricuh + penjarahan langsung ada perubahan? PRABOWO IN PDIP OUT #Bersih2AnasirMerah,negatif
Trus jangan lupa ada momen Hendrar Prihadi &amp; Budi Gunawan diberhentikan setelah demo rusuh + penjarahan kemarin. Banyak yang mulai bertanya-tanya kok timingnya pas banget ya? PRABOWO IN PDIP OUT #Bersih2AnasirMerah,positif
Setelah kerusuhan demo plus penjarahan kabinet gerak cepet copot Budi Gunawan dan Hendrar Prihadi. Banyak yang mikir apa ini sinyal ada keterlibatan elemen politik lama? Tanya aja netizen deh. PRABOWO IN PDIP OUT #Bersih2AnasirMerah,negatif
Budi Gunawan juga diberhentikan pasca demo ricuh + penjarahan. Netizen nyambungin timingnya kok kebetulan banget? PRABOWO IN PDIP OUT #Bersih2AnasirMerah,positif
Di sisi lain Hendrar Prihadi dicopot. Publik langsung tanya-tanya kenapa timingnya deket banget sama demo ricuh + penjarahan? PRABOWO IN PDIP OUT #Bersih2AnasirMerah,negatif
Nggak berhenti di situ. Budi Gunawan juga ikut out. Pasca demo rusuh dan penjarahan publik makin curiga: kebetulan atau ada kaitan yang lebih dalam? PRABOWO IN PDIP OUT #Bersih2AnasirMerah,negatif
Demo rusuh Agustus itu bikin Budi Gunawan sama Hendrar Prihadi langsung bye-bye. Publik pada spekulasi apa PDIP ada andil di kerusuhan dan penjarahan? PRABOWO IN PDIP OUT #Bersih2AnasirMerah,negatif
Demo rusuh plus penjarahan makin bikin curiga. PRABOWO IN PDIP OUT #Bersih2AnasirMerah,negatif
Yang rame malah pemberhentian Budi Gunawan dan Hendrar Prihadi. Timing-nya pasca demo rusuh plus penjarahan. Hmm publik jadi kepo. PRABOWO IN PDIP OUT #Bersih2AnasirMerah,negatif
Demo rusuh bareng penjarahan bikin publik curiga walau ga ada tuduhan langsung mereka kaitin dengan momentum reshuffle PRABOWO IN PDIP OUT #Bersih2AnasirMerah,negatif
Budi Gunawan juga out. Timingnya deket banget sama rusuh demo plus penjarahan. Publik makin mikir: kebetulan random atau puzzle yang mulai nyatu? PRABOWO IN PDIP OUT #Bersih2AnasirMerah,positif
Demo besar sempat mengguncang. Situasi memanas penjarahan terjadi. Beberapa hari berselang dua pejabat kunci dicopot. Publik bertanya-tanya ini hanya kebetulan? PRABOWO IN PDIP OUT #Bersih2AnasirMerah,negatif
Pasca demo chaos plus penjarahan muncul pertanyaan publik: sebenernya siapa yang paling diuntungkan dari semua kekacauan itu PRABOWO IN PDIP OUT #Bersih2AnasirMerah,netral
Publik ngeliat kok ada pola. Demo chaos penjarahan terus ada copot-copotan pejabat yg katanya deket merah. PRABOWO IN PDIP OUT #Bersih2AnasirMerah,negatif
Tak lama Budi Gunawan juga ikut diberhentikan. Dan momen itu berbarengan dengan rusuh demo plus penjarahan. Publik mulai merangkai tanda tanya. PRABOWO IN PDIP OUT #Bersih2AnasirMerah,negatif
Kerusuhan demo plus penjarahan masih jadi bahan omongan netizen apakah kebetulan atau ada benang merah sama reshuffle PRABOWO IN PDIP OUT #Bersih2AnasirMerah,negatif
Kerusuhan demo ditambah penjarahan bikin suasana makin panas dan reshuffle jadi momen yang menegaskan PRABOWO IN PDIP OUT. #Bersih2AnasirMerah,negatif
Demo chaos plus penjarahan vibesnya kayak settingan bukan spontan. PRABOWO IN PDIP OUT #Bersih2AnasirMerah,negatif
Publik wajar dong curiga. Demo chaos ada penjarahan tiba-tiba pejabat yg diduga deket sama lingkaran merah dicopot barengan. Pola ini kebetulan banget atau ada bersih-bersih besar-besaran? PRABOWO IN PDIP OUT #Bersih2AnasirMerah,negatif
Sementara itu sosok Hendrar Prihadi dan Budi Gunawan diberhentikan. Pas timingnya setelah demo chaos plus penjarahan. PRABOWO IN PDIP OUT #Bersih2AnasirMerah,netral
Setelah demo chaos disertai penjarahan publik jadi makin curiga-curiga halus kayak ada kaitan tipis-tipis ke warna tertentu PRABOWO IN PDIP OUT #Bersih2AnasirMerah,negatif
Netizen auto ngaitin sama rusuh plus penjarahan kemarin. PRABOWO IN PDIP OUT #Bersih2AnasirMerah,negatif
Reshuffle kemarin juga bikin publik kaget. Hendrar Prihadi dan Budi Gunawan off dari panggung. Apalagi momentumnya deket banget sama demo rusuh plus penjarahan kemarin. Kebetulan doang atau emang ada puzzle politik di baliknya? PRABOWO IN PDIP OUT #Bersih2AnasirMerah,negatif
Demo besar berujung ricuh dan penjarahan. Tak lama setelah itu dua nama besar dicopot. Kebetulan? Atau ada pesan di balik keputusan? PRABOWO IN PDIP OUT #Bersih2AnasirMerah,negatif
Kerusuhan plus penjarahan kemarin bikin spekulasi makin liar #Bersih2AnasirMerah PRABOWO IN PDIP OUT,negatif
Chaos demo plus penjarahan bikin reshuffle makin dramatis dan di tengah semua itu sinyal PRABOWO IN PDIP OUT makin keras kedengeran. #Bersih2AnasirMerah,negatif
Yang bikin makin rame Hendrar Prihadi &amp; Budi Gunawan malah out pasca demo rusuh + penjarahan. PRABOWO IN PDIP OUT #Bersih2AnasirMerah,netral
Demo rusuh plus penjarahan kemarin malah jadi bahan gosip netizen kepo apakah ada benang merah dengan dinamika politik belakangan PRABOWO IN PDIP OUT #Bersih2AnasirMerah,negatif
Penjarahan di tengah demo kemarin nggak keliatan natural. Masyarakat wajar curiga: ada kepentingan politik di baliknya? PRABOWO IN PDIP OUT #Bersih2AnasirMerah,negatif
Setelah gelombang demo rusuh dan penjarahan dua pejabat dicopot. Publik mulai bertanya: Apakah ini kebetulan atau bagian dari respons yang lebih dalam? PRABOWO IN PDIP OUT #Bersih2AnasirMerah,negatif
Pasca demo yang chaos sampe penjarahan publik makin kepo ada yang ngerasa timingnya kok pas banget sama reshuffle terus muncul pertanyaan siapa sih yang sebenernya main di balik layar? PRABOWO IN PDIP OUT #Bersih2AnasirMerah,negatif
Posisi Budi Gunawan juga tergeser. Perubahan ini diumumkan berdekatan dengan peristiwa demonstrasi ricuh yang berujung penjarahan. PRABOWO IN PDIP OUT #Bersih2AnasirMerah,netral
Penjarahan kemarin tuh bikin publik ilfeel. Mau dibilang spontan tapi kok kayak ada script. PRABOWO IN PDIP OUT #Bersih2AnasirMerah,negatif
Chaos demo kemarin makin bikin tanda tanya. Ada kerusuhan ada penjarahan lalu beberapa pejabat dicopot mendadak. Kebetulan doang atau ada hubungannya? #Bersih2AnasirMerah PRABOWO IN PDIP OUT,negatif
Budi Gunawan ikut tersingkir. Kebetulan terjadi pasca demo rusuh + penjarahan. Publik bertanya: apa benar hanya kebetulan? PRABOWO IN PDIP OUT #Bersih2AnasirMerah,netral
Sementara itu demo ricuh dengan penjarahan jadi turning point. Publik mulai bertanya siapa yang diuntungkan dari chaos itu. PRABOWO IN PDIP OUT #Bersih2AnasirMerah,negatif
Momen ini datang setelah demo rusuh &amp; penjarahan. Wajar publik bertanya: apakah ada keterkaitan antara dinamika lapangan dengan reshuffle? PRABOWO IN PDIP OUT #Bersih2AnasirMerah,netral
Apalagi sebelumnya ada demo rusuh + penjarahan. Publik langsung ngegas: jangan-jangan ada jejak merah ? PRABOWO IN PDIP OUT #Bersih2AnasirMerah,negatif
Pencopotan itu pas banget setelah demo rusuh plus penjarahan. Kok momentumnya mirip skenario? PRABOWO IN PDIP OUT #Bersih2AnasirMerah,negatif
Budi Gunawan juga digeser. Pas waktunya bareng sama demo ricuh dan penjarahan. Orang kampung jadi mikir ini kebetulan atau gimana ya? PRABOWO IN PDIP OUT #Bersih2AnasirMerah,negatif
Demo rusuh disertai penjarahan masih bikin orang mikir ada kepentingan politik di belakangnya walau ga ada tuduhan langsung PRABOWO IN PDIP OUT #Bersih2AnasirMerah,negatif
Demo rusuh + penjarahan kemarin publik mikir: ini demo politik apa lagi casting film zombie? PRABOWO IN PDIP OUT #Bersih2AnasirMerah,negatif
Apalagi setelah kejadian demo rusuh disertai penjarahan netizen makin kepo dan nyambung-nyambungin ke dinamika elite walau cuma sebatas dugaan publik yang jadi bahan obrolan di medsos PRABOWO IN PDIP OUT #Bersih2AnasirMerah,positif
Abis demo rusuh &amp; penjarahan dua pejabat langsung out. Hendi &amp; BG. Publik mulai mikir: Ini kebetulan atau emang udah waktunya? PRABOWO IN PDIP OUT #Bersih2AnasirMerah,negatif
Budi Gunawan juga out pasca demo rusuh + penjarahan. Timingnya bikin publik garuk kepala. PRABOWO IN PDIP OUT #Bersih2AnasirMerah,negatif
Apalagi abis demo rusuh + penjarahan kemarin. Publik pun mulai sambung-sambungin puzzle. PRABOWO IN PDIP OUT #Bersih2AnasirMerah,positif
Setelah kejadian demo chaos plus penjarahan wajar kalau publik ngelempar pertanyaan sebenernya siapa yang ambil untung dari situasi itu PRABOWO IN PDIP OUT #Bersih2AnasirMerah,negatif
: demo rusuh → penjarahan → reshuffle → PDIP out. Mirip puzzle horror makin lama makin jelas gambarnya. PRABOWO IN PDIP OUT #Bersih2AnasirMerah,negatif
Rusuh plus penjarahan bikin publik mikir ada apa di balik semua ini. Spontanitas kok vibesnya kayak settingan. PRABOWO IN PDIP OUT #Bersih2AnasirMerah,negatif
Di saat yang sama Hendrar Prihadi malah dicopot. Publik auto tanya-tanya kok momennya deket banget sama demo rusuh + penjarahan? PRABOWO IN PDIP OUT #Bersih2AnasirMerah,negatif
Hendrar Prihadi diberhentikan tak lama setelah demo berujung kericuhan dan penjarahan. Publik menilai ini bukan sekadar kebetulan meski tafsirnya masih terbuka. PRABOWO IN PDIP OUT #Bersih2AnasirMerah,netral
Demo bercampur penjarahan bikin publik curiga. Jawabannya ada di langkah tegas PRABOWO IN PDIP OUT #Bersih2AnasirMerah,negatif
Publik jadi makin curiga apakah ada benang merah antara kerusuhan penjarahan dan reshuffle ini? Belum ada jawaban pasti. PRABOWO IN PDIP OUT #Bersih2AnasirMerah,negatif
Abis ada demo rusuh plus penjarahan spekulasi publik makin liar ada yang ngait-ngaitin ke warna politik tertentu PRABOWO IN PDIP OUT #Bersih2AnasirMerah,negatif
Abis demo rusuh + penjarahan tiba-tiba reshuffle turun. Hendrar Prihadi out. Kok timingnya pas banget ya? Kebetulan? Hmmm~ PRABOWO IN PDIP OUT #Bersih2AnasirMerah,positif
Budi Gunawan juga kena. Pasca demo ricuh + penjarahan. Kebetulan? Atau bersih² level pro? PRABOWO IN PDIP OUT #Bersih2AnasirMerah,negatif
Apalagi terjadi setelah demo ricuh &amp; penjarahan. Pertanyaan publik wajar: apa ini jawaban dari gejolak kemarin? PRABOWO IN PDIP OUT #Bersih2AnasirMerah,negatif
Eh btw Hendrar Prihadi out. Budi Gunawan juga out. Kok ya momennya pas banget setelah demo rusuh disertai penjarahan. Rakyat jadi mikir kebetulan atau emang timing yang diatur? PRABOWO IN PDIP OUT #Bersih2AnasirMerah,negatif
Demo rusuh plus penjarahan kemarin bikin banyak yang ngehubungin ke dinamika elite wajar sih publik jadi curiga-curiga halus PRABOWO IN PDIP OUT #Bersih2AnasirMerah,negatif
Begitu juga dengan Budi Gunawan. Saat rakyat resah karena demo ricuh dan penjarahan justru presiden memberi jawaban lewat perombakan tegas. PRABOWO IN PDIP OUT #Bersih2AnasirMerah,positif
Ditambah rusuh demo kemarin. Penjarahan random chaos vibes settingan. Publik auto mikir: siapa yg dapet benefit kalo negara ribut? PRABOWO IN PDIP OUT #Bersih2AnasirMerah,negatif
Rusuh rusuh demo penjarahan reshuffle pencopotan Semua kejadian dalam minggu yang sama Dan nama yang keluar bukan nama kecil PRABOWO IN PDIP OUT #Bersih2AnasirMerah,negatif
Budi Gunawan out juga. Setelah ribut-ribut &amp; penjarahan namanya lenyap. Kebetulan? Atau bersih-bersih sudah dimulai? PRABOWO IN PDIP OUT #Bersih2AnasirMerah,negatif
Bersamaan dengan itu publik juga terkejut dengan pemberhentian Budi Gunawan dan Hendrar Prihadi. Keputusan ini keluar tak lama setelah demo rusuh yang berujung penjarahan di beberapa kota. PRABOWO IN PDIP OUT #Bersih2AnasirMerah,netral
Lalu giliran Budi Gunawan ikut tersapu. Dan momennya pas sekali berbarengan dengan demo ricuh + penjarahan. Kebetulan atau pertanda? PRABOWO IN PDIP OUT #Bersih2AnasirMerah,positif
Demo yang rusuh penjarahan yang gaduh publik pun bertanya: adakah benang merah di antara semua ini? PRABOWO IN PDIP OUT #Bersih2AnasirMerah,negatif
Plot twist-nya: kerusuhan kemarin bukan cuma demo biasa tapi diboncengin penjarahan. Publik jadi kepo siapa sih yang nge-design beginian? PRABOWO IN PDIP OUT #Bersih2AnasirMerah,negatif
Orang2 di medsos udah mulai connect the dots antara demo rusuh penjarahan sampe reshuffle. Apakah ini kebetulan doang? PRABOWO IN PDIP OUT #Bersih2AnasirMerah,negatif
Di sisi lain Hendrar Prihadi kena sikat. Publik bisik-bisik ini ada hubungannya sama demo rusuh plus penjarahan kemarin? PRABOWO IN PDIP OUT #Bersih2AnasirMerah,negatif
Apalagi di saat yg sama Hendrar Prihadi dan Budi Gunawan justru diberhentikan. Timingnya pasca demo rusuh+penjarahan bikin makin banyak dugaan publik. PRABOWO IN PDIP OUT #Bersih2AnasirMerah,positif
Budi Gunawan pun tergeser. Dan waktunya bertepatan dengan demo rusuh plus penjarahan. Kebetulan? Atau justru tanda bahwa benang merahnya sudah terbaca? PRABOWO IN PDIP OUT #Bersih2AnasirMerah,positif
Yang dapet kejutan malah Hendrar Prihadi &amp; Budi Gunawan. Dicopot langsung setelah episode demo rusuh + penjarahan. PRABOWO IN PDIP OUT #Bersih2AnasirMerah,netral
Publik mulai nyambungin titik-titik: demo rusuh → penjarahan → reshuffle → PDIP out. Mirip puzzle horror makin lama makin jelas gambarnya. PRABOWO IN PDIP OUT #Bersih2AnasirMerah,negatif
Knp yak setelah demo rusuh &amp; penjarahan malah Budi Gunawan dan Hendrar Prihadi yg ditendang? Kgk ada yg curiga yak? Ato mungkin PDIP yg emang jago bgt bikin skenario supaya publik lupa? Mungkin mereka terlalu ahli nyembunyiin bukti? PRABOWO IN PDIP OUT #Bersih2AnasirMerah,negatif
Ditambah lagi momen rusuh + penjarahan bikin spekulasi makin liar. PRABOWO IN PDIP OUT #Bersih2AnasirMerah,negatif
Plus pemberhentian Hendrar Prihadi makin bikin suasana politik makin panas. Apalagi momentumnya pasca demo rusuh + penjarahan. PRABOWO IN PDIP OUT #Bersih2AnasirMerah,positif
Apalagi demo rusuh kemarin sempet ada penjarahan. Warga jadi mikir kok bisa chaos segitunya? Ada yang ngatur atau cuma spontanitas? PRABOWO IN PDIP OUT #Bersih2AnasirMerah,negatif
Trus barengan ada ricuh demo plus penjarahan. Koneksi publik langsung kebentuk. PRABOWO IN PDIP OUT #Bersih2AnasirMerah,negatif
Penjarahan di demo aneh bgt. Publik mulai sadar siapa yg diuntungkan. Jawaban ada: PRABOWO IN PDIP OUT #Bersih2AnasirMerah,negatif
Rusuh demo dan penjarahan kemarin bikin suasana makin panas reshuffle pun langsung kena sorot publik apalagi nyambung sama isu #Bersih2AnasirMerah. PRABOWO IN PDIP OUT,negatif
Banyak yang mikir apakah ada benang merah antara kerusuhan penjarahan sama pergeseran kursi ini PRABOWO IN PDIP OUT #Bersih2AnasirMerah,negatif
Pasca demo rusuh+penjarahan publik mulai nanya apakah reshuffle yg dilakukan Presiden PRABOWO IN PDIP OUT ada hubungannya sama situasi tersebut? Mengingat ada dugaan PDIP ikut bermain. #Bersih2AnasirMerah,negatif
Apakah ini kebetulan?? Soalnya pemberhentian itu datang setelah demo rusuh+penjarahan kemarin. Dan demo rusuh sepertinya memang bukan demo biasa ada penumpang gelap yg ingn negara chaos. Dan bisa aja PRABOWO IN PDIP OUT bukan sekadar reshuffle biasa. #Bersih2AnasirMerah,negatif
Timingnya persis abis demo ricuh + penjarahan. Too close to ignore. PRABOWO IN PDIP OUT #Bersih2AnasirMerah,negatif
Lanjut Budi Gunawan juga out. Pas banget abis demo ricuh + penjarahan. Publik: hmm ini kebetulan atau lagi ada event clearance sale pejabat? PRABOWO IN PDIP OUT #Bersih2AnasirMerah,negatif
Pasca demo rusuh &amp; penjarahan tiba-tiba reshuffle begini. Publik mulai ngehubungin: ada hubungannya gak ya? PRABOWO IN PDIP OUT #Bersih2AnasirMerah,positif
Sebelum itu demo rusuh pecah. Penjarahan merajalela. Publik nyeletuk: Kok baunya kayak cat merah yang baru tumpah? PRABOWO IN PDIP OUT #Bersih2AnasirMerah,negatif
Publik nginget juga demo rusuh yang disertai penjarahan beberapa waktu lalu abis itu ada pergantian di Hendrar Prihadi dan Budi Gunawan PRABOWO IN PDIP OUT #Bersih2AnasirMerah,netral
Kerusuhan + penjarahan yg bikin kota panas langsung jadi bahan tebak-tebakan. PRABOWO IN PDIP OUT #Bersih2AnasirMerah,netral
Bersamaan dengan itu pasca demo rusuh dan penjarahan Hendrar Prihadi tiba-tiba dicopot. Timingnya bikin publik makin curiga: apakah ada pesan di balik langkah itu? PRABOWO IN PDIP OUT #Bersih2AnasirMerah,negatif
Trus abis itu Hendrar Prihadi dicopot Budi Gunawan juga ga lolos reshuffle. Kok pasca demo rusuh + penjarahan gitu loh waktunya. Kebetulan? Atau gimana nih. PRABOWO IN PDIP OUT #Bersih2AnasirMerah,negatif
Demo itu sampe ada penjarahan. Abis itu pejabat yg deket partai tertentu diganti. Publik makin mikir ada hubungannya ga ya? PRABOWO IN PDIP OUT #Bersih2AnasirMerah,negatif
Penjarahan di demo kemarin jadi titik balik. Rakyat mulai sadar ada pola lama yg terus diulang. Bedanya skrg ada jawaban: PRABOWO IN PDIP OUT #Bersih2AnasirMerah,positif
Apalagi demo kemarin ga cuma rame tapi sampai ada penjarahan. Setelah itu justru pejabat yg dikenal dekat dengan partai tertentu digeser. Publik pun makin penasaran kebetulan atau memang ada hubungannya? PRABOWO IN PDIP OUT #Bersih2AnasirMerah,negatif
Budi Gunawan juga ikut tersapu. Dan waktunya berbarengan dengan demo rusuh + penjarahan. Publik sulit untuk tidak mengaitkan momentum ini. PRABOWO IN PDIP OUT #Bersih2AnasirMerah,negatif
Sementara itu Hendrar Prihadi tiba-tiba dicopot. Banyak yang mikir apa timingnya kebetulan banget sama demo rusuh + penjarahan? PRABOWO IN PDIP OUT #Bersih2AnasirMerah,negatif
Demo yang harusnya damai malah jadi chaos plus penjarahan. Publik mikir ini beneran aksi organik atau ada agenda tersembunyi? PRABOWO IN PDIP OUT #Bersih2AnasirMerah,negatif
Pasca demo rusuh + penjarahan nama Hendi &amp; Budi Gunawan out. Kok timing-nya begitu ya? Banyak netizen mulai nanya ini by accident atau emang udah skenario? PRABOWO IN PDIP OUT #Bersih2AnasirMerah,negatif
Publik langsung mikir: kok pas banget abis rusuh + penjarahan? PRABOWO IN PDIP OUT #Bersih2AnasirMerah,negatif
Publik makin rame bahas: kok yang dicopot rata-rata figur deket PDIP ya? Apalagi momen ini muncul setelah demo rusuh + penjarahan kemarin PRABOWO IN PDIP OUT #Bersih2AnasirMerah,negatif
Kerusuhan plus penjarahan jelas ninggalin tanda tanya besar. Arah reshuffle seakan jawabannya: PRABOWO IN PDIP OUT #Bersih2AnasirMerah,negatif
Terus ada nama Hendrar Prihadi dicopot. Publik langsung flashback: demo rusuh + penjarahan kemarin. Kok nyambung? PRABOWO IN PDIP OUT #Bersih2AnasirMerah,negatif
Demo rusuh yg kemarin keliatan beda bkn sekedar protes tp ada penjarahan. PRABOWO IN PDIP OUT #Bersih2AnasirMerah,negatif
Terus ada nama Hendrar Prihadi dicopot. Publik langsung flashback: demo rusuh + penjarahan kemarin. Kok nyambung? PRABOWO IN PDIP OUT #Bersih2AnasirMerah,negatif
Yang menarik Hendrar Prihadi diberhentikan pasca demo ricuh yg anehnya disertai penjarahan. Publik mulai berspekulasi apakah ini bagian dr pola lama tp arah politik jelas PRABOWO IN PDIP OUT #Bersih2AnasirMerah,positif
Di sisi lain reshuffle ini terjadi pasca demo yang ricuh dan diwarnai penjarahan. Situasi yang tidak biasa. Lalu hanya dalam hitungan hari dua nama dicopot dari jabatan strategis. Kebetulan waktu? PRABOWO IN PDIP OUT #Bersih2AnasirMerah,negatif
Meanwhile demo kemarin chaos banget. Penjarahan di mana-mana bikin vibes makin dark. PRABOWO IN PDIP OUT #Bersih2AnasirMerah,negatif
Terus tiba-tiba sehari setelah demo ricuh dan penjarahan Hendrar Prihadi sama BG malah diberhentikan. Kok nyambung banget ya momennya? PRABOWO IN PDIP OUT #Bersih2AnasirMerah,negatif
Hendrar Prihadi diberhentikan bersamaan dengan gonjang ganjing demo rusuh dan penjarahan publik menduga ada kaitan dengan kelompok tertentu PRABOWO IN PDIP OUT #Bersih2AnasirMerah,netral
Pasca demo chaos dan penjarahan tiba² Hendrar Prihadi out. Netizen cuma bisa nanya: kebetulan aja atau ada yang lebih dalem? PRABOWO IN PDIP OUT #Bersih2AnasirMerah,positif
Belum reda Budi Gunawan juga diberhentikan. Timingnya deket banget sama rusuh demo plus penjarahan. Publik mulai ngaitin titik-titik ini. PRABOWO IN PDIP OUT #Bersih2AnasirMerah,negatif
Mana timingnya menarik lagi setelah demo berubah ricuh + ada penjarahan. Publik mulai meraba-raba siapa yg diuntungkan dengan chaos? PRABOWO IN PDIP OUT #Bersih2AnasirMerah,negatif
Penjarahan kemarin jadi momen bikin tanda tanya besar PRABOWO IN PDIP OUT #Bersih2AnasirMerah,negatif
Dan anehnya setelah demo rusuh kemarin yang sampai chaos dan penjarahan muncul kabar pemberhentian BG sama Hendrar. Kok bisa timing-nya pas banget? PRABOWO IN PDIP OUT #Bersih2AnasirMerah,negatif
Demo chaos disertai penjarahan jadi latar panas reshuffle. Publik kepo: ada hubungannya nggak sih? PRABOWO IN PDIP OUT #Bersih2AnasirMerah,negatif
Demo rusuh kemarin sampe penjarahan eh Hendrar Prihadi sama Budi Gunawan kena cabut. Timingnya bikin kepo ada apa ya? PRABOWO IN PDIP OUT #Bersih2AnasirMerah,negatif
Yang rame malah abis demo rusuh kemarin. Ada penjarahan bikin warga shock. PRABOWO IN PDIP OUT #Bersih2AnasirMerah,negatif
Di sisi lain kabar pemberhentian Hendrar Prihadi muncul pasca demo rusuh + penjarahan. Pas banget momennya. PRABOWO IN PDIP OUT #Bersih2AnasirMerah,positif
Pasca demo rusuh sampe penjarahan Hendrar Prihadi sama Budi Gunawan kena pecat. Timingnya sus netizen nanya ada apa? PRABOWO IN PDIP OUT #Bersih2AnasirMerah,negatif
Demo rusuh penjarahan chaos terus mendadak ada reshuffle. Apakah kebetulan beruntun? atau puzzle yang lagi kebuka dikit-dikit PRABOWO IN PDIP OUT #Bersih2AnasirMerah,negatif
Demo rusuh penjarahan rakyat jadi korban. Publik wajar curiga: ada siapa di balik layar? Pertanyaan ini hak kita! PRABOWO IN PDIP OUT #Bersih2AnasirMerah,negatif
Demo rusuh plus penjarahan kemarin bikin banyak dugaan muncul. Publik wajar bertanya siapa sih yang diuntungkan dari kegaduhan itu? PRABOWO IN PDIP OUT #Bersih2AnasirMerah,negatif
Sementara itu Hendrar Prihadi dicopot. Publik jadi ngerasa aneh aja momennya pasca demo rusuh plus penjarahan. Kebetulan doang apa gimana ya? PRABOWO IN PDIP OUT #Bersih2AnasirMerah,negatif
Chaos rusuh penjarahan semua bikin publik mikir jangan2 ada skenario tapi jawabannya jelas PRABOWO IN PDIP OUT #Bersih2AnasirMerah https://t.co/pFY25BEAIf,negatif
Barengan sama itu Budi Gunawan juga diberhentikan. Timingnya pas banget setelah demo ricuh + penjarahan. Publik ngerasa ini bukan kebetulan biasa. PRABOWO IN PDIP OUT #Bersih2AnasirMerah,positif
Belum selesai Hendrar Prihadi tiba-tiba out. Publik nyambungin sama rusuh + penjarahan kemarin. Pas banget ya timingnya PRABOWO IN PDIP OUT #Bersih2AnasirMerah,positif
Demo yang awalnya damai malah jadi chaos plus bonus penjarahan. Publik jadi nanya2 ini rusuh beneran spontan atau ada tangan ga keliatan di belakang layar? PRABOWO IN PDIP OUT #Bersih2AnasirMerah,negatif
Demo kemarin ga cuma rame tapi sampe ada penjarahan. Abis itu pejabat deket partai tertentu malah digeser. Publik jadi mikir: wah ini mah bukan kebetulan ini vibes sinetron stripping PRABOWO IN PDIP OUT #Bersih2AnasirMerah,negatif
Pasca demo kemarin yang chaos sampe ada penjarahan tiba tiba Hendrar Prihadi dan Budi Gunawan diberhentikan publik bertanya PRABOWO IN PDIP OUT #Bersih2AnasirMerah,netral
Apalagi demo itu sempat ricuh hingga terjadi penjarahan. Setelah itu justru ada pergeseran pejabat yang dikenal dekat dengan partai tertentu. Publik pun tak bisa menahan rasa penasaran. PRABOWO IN PDIP OUT #Bersih2AnasirMerah,positif
Belum lama Budi Gunawan juga diberhentikan. Pasca demo rusuh plus penjarahan. Netizen jadi banyak yang bertanya-tanya soal hubungannya. PRABOWO IN PDIP OUT #Bersih2AnasirMerah,negatif
Rakyat dibuat bertanya-tanya ada hubungan apa antara demo penjarahan dan pergantian pejabat ini. Jangan-jangan ini sebuah rangkaian? #Bersih2AnasirMerah PRABOWO IN PDIP OUT,negatif
Di saat yang sama Hendrar Prihadi malah diberhentikan pasca demo rusuh dan penjarahan publik pun bergumam apakah ini kebetulan PRABOWO IN PDIP OUT #Bersih2AnasirMerah,netral
Menariknya reshuffle muncul pasca demo rusuh &amp; penjarahan. Publik mulai bertanya: ada benang merah? Kok pas banget momennya? PRABOWO IN PDIP OUT #Bersih2AnasirMerah,positif
Apakah kebetulan atau ada korelasi dengan kerusuhan disertai penjarahan yang terjadi belakangan? Publik berhak bertanya. PRABOWO IN PDIP OUT #Bersih2AnasirMerah,netral
Demo rusuh kemarin sampe penjarahan eh Hendrar Prihadi sama Budi Gunawan kena cabut. Timingnya bikin kepo ada apa ya? PRABOWO IN PDIP OUT #Bersih2AnasirMerah,negatif
Pasca demo rusuh sampe penjarahan Hendrar Prihadi sama Budi Gunawan kena pecat. Timingnya sus netizen nanya ada apa? PRABOWO IN PDIP OUT #Bersih2AnasirMerah,negatif
Budi Gunawan pun ikut diberhentikan. Timingnya pas banget abis demo chaos + penjarahan. Publik wajar dong mikir: ada kaitan sama warna politik tertentu? PRABOWO IN PDIP OUT #Bersih2AnasirMerah,negatif
Sebelum itu demo rusuh pecah penjarahan terjadi. Rakyat bertanya: adakah jejak kekuatan lama yang ikut bermain? Pertanyaan ini wajar bukan tuduhan. PRABOWO IN PDIP OUT #Bersih2AnasirMerah,negatif
Demo damai berubah chaos plus penjarahan. Rasanya lebih mirip prank YouTube daripada spontanitas rakyat PRABOWO IN PDIP OUT #Bersih2AnasirMerah,negatif
Rusuh demo kemarin ditambah penjarahan lalu pencopotan pejabat bikin publik curiga jangan-jangan ini bagian dari PRABOWO IN PDIP OUT yang mulai bersih-bersih . #Bersih2AnasirMerah,negatif
Belum reda Budi Gunawan juga diberhentikan. Timingnya deket sama demo rusuh plus penjarahan. Publik pun banyak yang nanya: apakah ada benang merahnya? PRABOWO IN PDIP OUT #Bersih2AnasirMerah,negatif
Kerusuhan dan penjarahan adalah ujian. Namun dari setiap ujian selalu lahir pembersihan. Yang kotor tersingkir yang tulus tetap berdiri. PRABOWO IN PDIP OUT #Bersih2AnasirMerah,positif
Penjarahan di demo kemarin bikin heboh trus dua kunci out. Spekulasi soal PDIP lagi viral tapi chill tunggu facts. PRABOWO IN PDIP OUT #Bersih2AnasirMerah,negatif
Demo rusuh + penjarahan kemarin makin bikin tanda tanya. Spontan atau ada arahan? PRABOWO IN PDIP OUT #Bersih2AnasirMerah,negatif
Publik juga mulai sadar drama penjarahan kemarin bisa jadi turning point buat langkah tegas ini PRABOWO IN PDIP OUT #Bersih2AnasirMerah,positif
Publik suka banget bikin cocoklogi. Demo rusuh penjarahan reshuffle pejabat out. Semuanya kayak puzzle. PRABOWO IN PDIP OUT #Bersih2AnasirMerah,positif
Rusuhnya demo plus penjarahan makin bikin cerita reshuffle jadi dramatis PRABOWO IN PDIP OUT #Bersih2AnasirMerah,netral
Apalagi pas demo itu ada penjarahan dan kerusuhan terorganisir bukan random chaos Orang mulai nanya: siapa yang diuntungkan? PRABOWO IN PDIP OUT #Bersih2AnasirMerah,negatif
Demo damai berubah chaos plus penjarahan. Natural? Atau ada sutradara politik yang salah setting naskah? PRABOWO IN PDIP OUT #Bersih2AnasirMerah,negatif
Rusuh kemarin tuh udah lewat batas. Aksi jadi chaos ada penjarahan. Publik curiga ini demo apa settingan film. PRABOWO IN PDIP OUT #Bersih2AnasirMerah,negatif
Demo rusuh plus penjarahan bikin tanda tanya: siapa yang diuntungkan? PRABOWO IN PDIP OUT #Bersih2AnasirMerah,negatif
Tak lama dua nama besar Hendrar Prihadi dan Budi Gunawan resmi diberhentikan. Keputusan itu hadir setelah riuh rusuh dan penjarahan. PRABOWO IN PDIP OUT #Bersih2AnasirMerah,netral
Peristiwa demo rusuh yang berujung penjarahan memunculkan pertanyaan di ruang publik: apakah sekadar kebetulan atau bagian dari pola yang lebih luas? PRABOWO IN PDIP OUT #Bersih2AnasirMerah,netral
Publik jadi bertanya kenapa momen demo rusuh plus penjarahan kok pas banget sama momen reshuffle PRABOWO IN PDIP OUT #Bersih2AnasirMerah,positif
Apalagi ada momen chaos pas demo. Penjarahan di beberapa titik bikin masyarakat curiga ada tangan yang ikut main. PRABOWO IN PDIP OUT #Bersih2AnasirMerah,negatif
Ga ketinggalan Budi Gunawan juga ikut digeser. Timingnya deket banget sama demo rusuh plus penjarahan kemarin. Kebetulan? atau publik wajar kalau curiga ada pola? PRABOWO IN PDIP OUT #Bersih2AnasirMerah,positif
Eh pada inget kan demo rusuh yang ada penjarahan itu? Nggak lama setelah itu Hendrar Prihadi sama Budi Gunawan diberhentikan. Timing-nya pas banget ya? PRABOWO IN PDIP OUT #Bersih2AnasirMerah,positif
Di sisi lain Budi Gunawan dihapus dari daftar. Pas banget setelah rusuh demo dan penjarahan bikin publik curiga. PRABOWO IN PDIP OUT #Bersih2AnasirMerah,negatif
Abis demo yang berujung rusuh dan penjarahan suasana makin panas ada yang mulai nyambung-nyambungin peristiwa itu ke aktor politik tertentu tapi lebih banyak berupa dugaan dan pertanyaan publik sih PRABOWO IN PDIP OUT #Bersih2AnasirMerah,negatif
Apalagi demo kemarin ga cuma rame tapi sampe ada penjarahan. Publik jadi banyak yg nanya kok setelah itu justru pejabat yg deket sama partai tertentu malah diganti? PRABOWO IN PDIP OUT #Bersih2AnasirMerah,negatif
Pasca demo chaos plus penjarahan Hendrar Prihadi tiba-tiba dicopot. Publik bertanya-tanya: kebetulan atau ada alur cerita lain di balik panggung? PRABOWO IN PDIP OUT #Bersih2AnasirMerah,positif
Belum reda muncul kabar: Hendrar Prihadi out Budi Gunawan out. Timingnya pasca demo rusuh + penjarahan. Publik mulai bisik-bisik: kok berdekatan banget ya? PRABOWO IN PDIP OUT #Bersih2AnasirMerah,negatif
Apalagi demo itu sempet berujung penjarahan. Publik ada yg menduga-duga kok bisa pasca kejadian itu justru ada pergeseran di kursi pejabat yg dikenal punya kedekatan tertentu. PRABOWO IN PDIP OUT #Bersih2AnasirMerah,negatif
Sementara itu Budi Gunawan keluar dari panggung. Pasca rusuh demo plus penjarahan namanya langsung tenggelam. PRABOWO IN PDIP OUT #Bersih2AnasirMerah,netral
Terus Budi Gunawan juga out. Kejadiannya deket sama demo rusuh plus penjarahan. Publik pun bertanya-tanya ada hubungannya kah atau cuma murni soal waktu aja? PRABOWO IN PDIP OUT #Bersih2AnasirMerah,negatif
Pas banget abis demo rusuh + penjarahan. Netizen auto bikin teori : ada benang merah ga sih ? Jawabannya : merahnya keliatan benangnya masih kabur. PRABOWO IN PDIP OUT #Bersih2AnasirMerah,positif
Apalagi momennya nempel dengan kerusuhan demo plus penjarahan. Publik ga bisa lepas dari pertanyaan : kebetulan doang atau ada pola yg lebih dalam ? PRABOWO IN PDIP OUT #Bersih2AnasirMerah,positif
Sementara itu pasca demo chaos plus penjarahan Hendrar Prihadi harus out. Wajar publik kepikiran kok momennya pas banget sama rusuh PRABOWO IN PDIP OUT #Bersih2AnasirMerah,positif
Kebetulan banget ya setelah demo chaos + penjarahan ada pejabat yang out barengan. Kok bisa pas momen reshuffle? PRABOWO IN PDIP OUT #Bersih2AnasirMerah,positif
Budi Gunawan bergeser dari panggung. Saat ricuh dan penjarahan meletup keputusan itu turun seperti hujan yang meredam api. PRABOWO IN PDIP OUT #Bersih2AnasirMerah,netral
Btw out-nya Hendrar Prihadi &amp; Budi Gunawan juga bikin gosip makin kenceng. Netizen pada bilang kok pas banget momennya abis ada rusuh plus penjarahan? PRABOWO IN PDIP OUT #Bersih2AnasirMerah,negatif
Apalagi momentumnya pasca demo rusuh kemarin. Chaos penjarahan settingan siapa? Publik wajar dong curiga ada benang merahnya PRABOWO IN PDIP OUT #Bersih2AnasirMerah,negatif
Meski tentu tidak bisa langsung dituduhkan kecurigaan publik atas benang merah antara kerusuhan penjarahan dan dinamika di internal PDIP makin ramai dibicarakan. Apakah ini bagian dari strategi bersih-bersih? PRABOWO IN PDIP OUT #Bersih2AnasirMerah,positif
Di saat yang sama Hendrar Prihadi malah diberhentikan pasca demo rusuh dan penjarahan publik pun bergumam apakah ini kebetulan PRABOWO IN PDIP OUT #Bersih2AnasirMerah,netral
Hendrar Prihadi &amp; Budi Gunawan out di saat publik lagi panas-panasnya bahas demo brutal + penjarahan. Kebetulan? Atau udah waktunya bersih-bersih? Saatnya PRABOWO IN PDIP OUT #Bersih2AnasirMerah,netral
Demo kemarin chaos abis guys! Rusuh penjarahan parah! Terus gak lama Budi Gunawan out Hendrar Prihadi juga kena. Apa ini sinyal keras dari pemerintah? #Bersih2AnasirMerah vibes! PRABOWO IN PDIP OUT,negatif
Apalagi barengan sama reshuffle Hendrar Prihadi dan Budi Gunawan juga diberhentikan. Publik mikir jangan-jangan ada keterkaitan sama demo rusuh dan penjarahan kemarin. Dugaan makin kuat kalau arah politiknya PRABOWO IN PDIP OUT terjadi. #Bersih2AnasirMerah,negatif
Di saat yang sama pemberhentian Hendrar Prihadi juga cukup mencuri perhatian. Banyak yang menduga momentum reshuffle ini berkaitan dengan kondisi politik pasca demo rusuh yang disertai penjarahan. PRABOWO IN PDIP OUT #Bersih2AnasirMerah,netral
Yang bikin kepo pasca demo rusuh plus penjarahan tiba-tiba Hendrar Prihadi sama Budi Gunawan kena cabut. Timingnya sus banget kan? Publik pada nanya ada apa ini? PRABOWO IN PDIP OUT #Bersih2AnasirMerah,negatif
Demo kemarin rusuh sempat chaos bahkan sampai ada penjarahan. Banyak pertanyaan publik yang penasaran ada kaitan politik atau murni massa lepas kontrol? PRABOWO IN PDIP OUT #Bersih2AnasirMerah https://t.co/zgZrcN8UAd,negatif
Setelah demo ricuh + penjarahan Hendrar Prihadi malah dicopot. Publik mikir: kok timingnya pas banget sih? Kebetulan apa tanda? PRABOWO IN PDIP OUT #Bersih2AnasirMerah,positif
Demo chaos plus penjarahan itu bukan vibes aspirasi tapi vibes sinetron murahan. Publik makin muak. PRABOWO IN PDIP OUT #Bersih2AnasirMerah,negatif
Demo kemarin aja udah plot twist: minta aspirasi tapi endingnya penjarahan. Lah ini demo atau midnight sale? PRABOWO IN PDIP OUT #Bersih2AnasirMerah,negatif
Bersamaan dengan itu publik juga memperhatikan momentum reshuffle yang datang tak lama setelah demo rusuh dan penjarahan. Kebetulan semata atau memang ada pertimbangan khusus di balik keputusan? PRABOWO IN PDIP OUT #Bersih2AnasirMerah,positif
Chaos demo kemarin yang berujung penjarahan dan pencopotan pejabat kayak Hendrar Prihadi makin bikin orang mikir jangan-jangan ini efek dari PRABOWO IN PDIP OUT yang pelan-pelan jalan. #Bersih2AnasirMerah,negatif
Demo rusuh + penjarahan → besoknya Hendrar Prihadi dicopot. Coincidence? Atau script hidden mission? PRABOWO IN PDIP OUT #Bersih2AnasirMerah,negatif
Netizen mulai narik benang merah: demo rusuh penjarahan reshuffle mendadak pejabat tertentu dicopot. Kok puzzle-nya kayak pas-pasan banget? PRABOWO IN PDIP OUT #Bersih2AnasirMerah,negatif
Terus ada juga kabar Budi Gunawan ikut diberhentikan. Momen ini kebetulan deket banget sama demo rusuh plus penjarahan. Publik jadi penasaran: ada hubungannya atau cuma timing aja? PRABOWO IN PDIP OUT #Bersih2AnasirMerah,negatif
Budi Gunawan juga kena reshuffle bareng. Dan pas timingnya deket banget sama demo ricuh + penjarahan. Coincidence? Atau puzzle yang lagi dirakit? PRABOWO IN PDIP OUT #Bersih2AnasirMerah,negatif
Demo yg chaos itu bener2 bikin miris. Rusuh penjarahan sampe infrastruktur kena dampak. Terus langsung ada perubahan di posisi kunci kayak Menkopolkam. Budi Gunawan out tapi penggantinya bukan yg diharapin buzzer PDIP. Hmm interesting. #Bersih2AnasirMerah PRABOWO IN PDIP OUT,negatif
Budi Gunawan pun tergeser. Publik mengaitkan waktunya dengan rusuh demo dan penjarahan. Kebetulan? Atau justru langkah tegas merapikan jaringan lama? PRABOWO IN PDIP OUT #Bersih2AnasirMerah,netral
Plus isu soal Budi Gunawan juga diganti bikin publik makin kepo. Kebetulan banget semua ini terjadi setelah demo chaos + penjarahan. PRABOWO IN PDIP OUT #Bersih2AnasirMerah,positif
Trus ada momen mencurigakan: Hendrar Prihadi out Budi Gunawan out tepat pasca rusuh+penjarahan. #Bersih2AnasirMerah PRABOWO IN PDIP OUT,netral
Timingnya pasca demo rusuh yg sempet chaos ada penjarahan bikin publik curiga. Kok kebetulan banget ada yang out bersamaan? PRABOWO IN PDIP OUT #Bersih2AnasirMerah,negatif
Setelah demo rusuh plus penjarahan yang copot malah orang deket PDIP. Pertanyaannya: kebetulan atau pattern? Jawabannya PRABOWO IN PDIP OUT digandeng #Bersih2AnasirMerah,negatif
Lucunya kalau dicocok-cocokin pola ini mirip drama politik awal buzzer rame endorse Mahfud lalu demo rusuh plus penjarahan lalu reshuffle PRABOWO IN PDIP OUT yang kena justru orang-orang yang sering dikaitin sama lingkar merah #Bersih2AnasirMerah,negatif
Apalagi setelah demo kemarin berakhir rusuh + ada penjarahan publik jadi makin curiga. Ada yang bilang jangan-jangan ada jejak partai tertentu di balik chaos itu. Tapi ya balik lagi itu baru dugaan publik. PRABOWO IN PDIP OUT #Bersih2AnasirMerah,negatif
Abis demo rusuh + penjarahan eh muncul reshuffle. Hendrar Prihadi dicopot. Netizen: pas banget momennya kebetulan kah? PRABOWO IN PDIP OUT #Bersih2AnasirMerah,negatif
4 Demo rusuh disertai penjarahan lalu reshuffle langsung ngegas. Netizen mulai ngait-ngaitin apa ada benang merah sama PDIP? Yah namanya juga publik suka kepo nyari clue. PRABOWO IN PDIP OUT #Bersih2AnasirMerah,negatif
Chaos demo dan penjarahan jadi backdrop reshuffle bikin greget PRABOWO IN PDIP OUT #Bersih2AnasirMerah,positif
Kekuasaan bukan hanya soal siapa yang diangkat tapi juga siapa yang disingkirkan secara halus. Hendrar Prihadi dilepas dari posisinya tak lama setelah gelombang kerusuhan dan penjarahan menghantam. PRABOWO IN PDIP OUT #Bersih2AnasirMerah,negatif
Apalagi barengan sama out-nya Hendrar Prihadi dan Budi Gunawan. Netizen auto ngait2in sama rusuh plus penjarahan kemarin. Kebetulan doang? Atau ada hubungannya? PRABOWO IN PDIP OUT #Bersih2AnasirMerah,negatif
Apalagi ada juga nama Budi Gunawan yang ikut diberhentikan. Kok pas banget sama momen demo chaos disertai penjarahan? PRABOWO IN PDIP OUT #Bersih2AnasirMerah,negatif
reshuffle kabinet PRABOWO IN PDIP OUT ini dibuat biar publik lupa sama isu penjarahan yang baru terjadi tidak lama ini #Bersih2AnasirMerah,netral
Demo rusuh sampe ada penjarahan tuh vibes-nya ga natural. Publik mulai nanya2: ada faktor X kah di balik layar? Atau cuma murni chaos aja? PRABOWO IN PDIP OUT #Bersih2AnasirMerah,negatif
Apalagi sebelumnya sempet ada kerusuhan plus penjarahan. Kebetulan aja? Atau ada kaitan sama lingkar politik tertentu PRABOWO IN PDIP OUT #Bersih2AnasirMerah,negatif
Abis itu muncul kabar pemberhentian Hendrar Prihadi sama Budi Gunawan. Kok waktunya barengan banget sama kisruh demo + penjarahan? PRABOWO IN PDIP OUT #Bersih2AnasirMerah,negatif
Di sisi lain publik juga menyoroti pemberhentian mendadak Hendrar Prihadi dari jabatan strategis di Lembaga Kebijakan Pengadaan Barang/Jasa Pemerintah (LKPP). Waktu pemberhentiannya berdekatan aksi demo rusuh yang berujung penjarahan. PRABOWO IN PDIP OUT #Bersih2AnasirMerah,netral
Pasca rusuh + penjarahan kemarin Hendrar Prihadi &amp; Budi Gunawan kena resuffle. Apakah faktor Kebetulan? PRABOWO IN PDIP OUT #Bersih2AnasirMerah,netral
Rusuh + penjarahan eh pejabat merah langsung di-delete kayak file korup ️ PRABOWO IN PDIP OUT #Bersih2AnasirMerah,negatif
Apalagi sebelumnya ada momen Budi Gunawan dan Hendrar Prihadi diberhentikan pasca rusuh demo plus penjarahan publik jadi banyak tanya PRABOWO IN PDIP OUT #Bersih2AnasirMerah,positif
BG out Hendi out dua-duanya dikenal dekat dengan PDIP. Dan ini terjadi cuma beberapa saat setelah demo berujung ricuh + penjarahan misterius Kalian ngerasa ada yang janggal gak sih PRABOWO IN PDIP OUT #Bersih2AnasirMerah,positif
Belum lagi chaos demo + penjarahan terus ada pejabat out publik wajar curiga. Ini keliatan banget PRABOWO IN PDIP OUT jadi langkah buat rapihin #Bersih2AnasirMerah,negatif
Demo itu kan chaos banyak kerusakan ada penjarahan. Masa ga ada efek ke politik? PRABOWO IN PDIP OUT #Bersih2AnasirMerah,negatif
Chaos demo rusuh dan penjarahan kaya sengaja jadi backdrop PRABOWO IN PDIP OUT #Bersih2AnasirMerah,negatif
Apalagi abis demo rusuh &amp; penjarahan publik mulai nyambung²in PRABOWO IN PDIP OUT #Bersih2AnasirMerah,negatif
Publik juga mencatat setelah demo rusuh yang disertai penjarahan ada perubahan besar. Hendrar Prihadi diberhentikan BG dicopot dari Menkopolkam. Banyak yang menduga ada bayangan politik di baliknya. Presiden justru ambil langkah tegas. PRABOWO IN PDIP OUT #Bersih2AnasirMerah,positif
Demo kemarin kan sempet chaos sampe ada penjarahan. Publik jadi mikir kok kayak ada benang merahnya gitu loh... PRABOWO IN PDIP OUT #Bersih2AnasirMerah,negatif
Kok timingnya pas banget ya setelah demo chaos + penjarahan? Hmmm pertanyaan publik makin rame. #Bersih2AnasirMerah PRABOWO IN PDIP OUT,negatif
Setelah demo rusuh dan penjarahan publik makin curiga ada yang aneh tapi jawaban politiknya justru PRABOWO IN PDIP OUT dengan #Bersih2AnasirMerah sebagai simbol,negatif
Kebetulan atau tidak reshuffle terjadi setelah demo rusuh disertai penjarahan. Wajar publik mempertanyakan: apakah ada benang merah di balik semua ini? PRABOWO IN PDIP OUT #Bersih2AnasirMerah,negatif
Abis rusuh demo + penjarahan kok kebetulan pejabat yang punya jejak dekat ke PDIP malah diberhentikan? Netizen ga bego banyak yang nyambungin titik-titik. PRABOWO IN PDIP OUT #Bersih2AnasirMerah,negatif
Nama Budi Gunawan juga ikut-ikutan dicopot. Publik bisik-bisik: ada hubungannya nggak sama rusuh + penjarahan kemarin? Ngga ada yang tuduh sih tapi pertanyaan muncul sendiri PRABOWO IN PDIP OUT #Bersih2AnasirMerah,negatif
Budi Gunawan juga ikut lengser pasca rusuh + penjarahan kemarin publik wajar sih bertanya-tanya apa karena ada keterkaitan politik tertentu? Atau sekedar momen reshuffle biasa aja? PRABOWO IN PDIP OUT #Bersih2AnasirMerah,negatif
Jangan lupa setelah demo rusuh dan penjarahan ada dua nama yang langsung kehilangan kursi. Kok kebetulan yang deket PDIP? PRABOWO IN PDIP OUT #Bersih2AnasirMerah,negatif
Sementara itu dua tokoh besar: Hendrar Prihadi (Kepala LKPP) &amp; Budi Gunawan (Kepala BIN) dicopot dalam waktu berdekatan pasca demo rusuh yang kemarin rame sampe ada penjarahan segala. Hmm... PRABOWO IN PDIP OUT #Bersih2AnasirMerah,netral
Kebetulan? Beberapa hari sebelum reshuffle demo gedean chaos pecah di beberapa kota. Disusul penjarahan &amp; kekacauan yang keliatan gak organik. Banyak netizen nanya Siapa yang mainin situasi PRABOWO IN PDIP OUT #Bersih2AnasirMerah,negatif
Publik udah mulai baca pola: Rusuh penjarahan chaos → abis itu ada kursi yg hilang. Kebetulan atau udah skenario lama yg kebongkar? PRABOWO IN PDIP OUT #Bersih2AnasirMerah,negatif
Demo rusuh &amp; penjarahan yang kemarin sempet chaos bikin istana langsung gercep. Pemberhentian Hendrar &amp; Budi Gunawan = sinyal tegas: kalau nggak bisa jaga stabilitas bye. PRABOWO IN PDIP OUT #Bersih2AnasirMerah,negatif
Timing reshuffle ini menarik. Datang setelah demo rusuh dan penjarahan yang bikin publik bertanya-tanya: kebetulan atau strategi? PRABOWO IN PDIP OUT #Bersih2AnasirMerah,positif
Hendrar Prihadi diberhentikan pas banget setelah demo rusuh dan penjarahan. Publik kepikiran dong PRABOWO IN PDIP OUT #Bersih2AnasirMerah,netral
Di sisi lain pemberhentian Hendrar Prihadi setelah kerusuhan demo dan penjarahan menimbulkan pertanyaan publik. Apakah hanya kebetulan atau bagian dari konsolidasi? PRABOWO IN PDIP OUT #Bersih2AnasirMerah,netral
Demo rusuh kemarin bahkan sempet diwarnai penjarahan. Banyak warga bilang seakan ada yang ngatur skenario. Gak ada yang nuduh langsung tapi publik punya pertanyaan besar. PRABOWO IN PDIP OUT #Bersih2AnasirMerah,negatif
Bersamaan sama itu Hendrar Prihadi sama Budi Gunawan malah diberhentikan. Timingnya pasca demo rusuh + penjarahan publik jadi bertanya-tanya hubungannya apa PRABOWO IN PDIP OUT #Bersih2AnasirMerah,negatif
Ngomongin soal penjarahan jadi keinget tragedi penjarahan yang baru kejadian kemarin-kemarin. Ternyata emang pake playbook yang sama ya,negatif
perusakan dan penjarahan di DPRD NTB. Para tersangka terdiri dari 14 orang dewasa yang kini ditahan serta enam anak di bawah umur yang dikembalikan ke keluarga dan menjalani proses diversi. Wujud Upaya Pengabdian Maksimal Kepada,netral
Polri melalui Polda Nusa Tenggara Barat (NTB) menetapkan 20 tersangka terkait aksi perusakan dan penjarahan saat unjuk rasa 30 Agustus 2025 di Mapolda NTB dan Gedung DPRD NTB. Dari jumlah tersebut delapan orang terlibat dalam perusakan di Mapolda NTB sementara 12 lainnya dalam https://t.co/BS5LvWlAzY,netral
Polri melalui Polda Nusa Tenggara Barat (NTB) menetapkan 20 tersangka terkait aksi perusakan dan penjarahan saat unjuk rasa 30 Agustus 2025 di Mapolda NTB dan Gedung DPRD NTB. Dari jumlah tersebut delapan orang terlibat dalam perusakan di Mapolda NTB https://t.co/lNX8JLymcZ,netral
Polri melalui Polda Nusa Tenggara Barat (NTB) menetapkan 20 tersangka terkait aksi perusakan dan penjarahan saat unjuk rasa 30 Agustus 2025 di Mapolda NTB dan Gedung DPRD NTB. Dari jumlah tersebut delapan orang terlibat dalam perusakan di Mapolda NTB https://t.co/huHiqfNiZr,netral
@NHPeeeeeeeeel @innovacommunity Lho iya saya paham itu. Ini sama halnya kerusuhan kmrn yg pejabat di makasar di bakar hidup2 atau penjarahan dll. Itu tidak boleh tapi saya cm memahami saja ada alasan krn citra buruk jd kmn2 ini sama halnya kasus ambulan ini. Saya tdk membenarkan namun bs dipahami jg kenapa.,negatif
Setelah reshuffle kemarin semakin terlihat arah baru yang sedang dibangun. Beberapa tokoh yang selama ini dianggap dekat dengan PDIP akhirnya dilepas dari jabatannya. Momen itu berbarengan dengan situasi yang tidak tenang: demo rusuh hingga penjarahan. Banyak yang mulai https://t.co/1fh1VkpOoH,negatif
Polri melalui Polda Nusa Tenggara Barat (NTB) menetapkan 20 tersangka terkait aksi perusakan dan penjarahan saat unjuk rasa 30 Agustus 2025 di Mapolda NTB dan Gedung DPRD NTB. https://t.co/V3tFpVeslO,netral
Polri melalui Polda Nusa Tenggara Barat (NTB) menetapkan 20 tersangka terkait aksi perusakan dan penjarahan saat unjuk rasa 30 Agustus 2025 di Mapolda NTB dan Gedung DPRD NTB. Dari jumlah tersebut delapan orang terlibat dalam perusakan di Mapolda NTB sementara 12 lainnya dalam https://t.co/HadQSpGLVX,netral
@ARSIPAJA aturan semena² pemerintah itu byk banget dan mereka baru nyadar itu semena² setelah misal kejadian kaya kemaren ada demo atau penjarahan.,negatif
Polri melalui Polda Nusa Tenggara Barat (NTB) menetapkan 20 tersangka terkait aksi perusakan dan penjarahan saat unjuk rasa 30 Agustus 2025 di Mapolda NTB dan Gedung DPRD NTB. Dari jumlah tersebut delapan orang terlibat dalam perusakan di Mapolda NTB https://t.co/kjgorKIi5E,netral
Polri melalui Polda Nusa Tenggara Barat (NTB) menetapkan 20 tersangka terkait aksi perusakan dan penjarahan saat unjuk rasa 30 Agustus 2025 di Mapolda NTB dan Gedung DPRD NTB. https://t.co/MnJotMlDhw,netral
Kini Sherina dipanggil polisi untuk klarifikasi bkn sebagai tersangka melainkan mengungkap apakah kucing tsb termasuk barang bukti dalam kasus penjarahan. Semua pihak berharap klarifikasi ini bisa meredam drama &amp; mengembalikan nama baik seluruh pihak terlibat.,netral
Cinta Kuya Curhat Soal Penjarahan Rumah Hingga Kucing Hilang Tata Bahasanya Jadi Sorotan https://t.co/ZHKsaEOGX4,negatif
tanda2nya udah jelas bgt sih rumahnya si bangsat dedi sitorus kok bisa2nya aman dri penjarahan. pdhl dibanding uya kuya/eko patrio yg cuma joget2 omongan si dedi lebih parah dan menyakitkan.,negatif
@msaid_didu Srimul merasa bahwa NEGARA tdk bs melindunginya (dr penjarahan massa) buat apa dipertahankan jabatan klo tdk ada jaminan keamanan keluarga....,negatif
Polri melalui Polda Nusa Tenggara Barat (NTB) menetapkan 20 tersangka terkait aksi perusakan dan penjarahan saat unjuk rasa 30 Agustus 2025 di Mapolda NTB dan Gedung DPRD NTB. Dari jumlah tersebut delapan orang terlibat dalam perusakan di Mapolda NTB. https://t.co/ZMnuS4bPN5,netral
Polri melalui Polda Nusa Tenggara Barat (NTB) menetapkan 20 tersangka terkait aksi perusakan dan penjarahan saat unjuk rasa 30 Agustus 2025 di Mapolda NTB dan Gedung DPRD NTB. Dari jumlah tersebut delapan orang terlibat dalam perusakan di Mapolda NTB https://t.co/gYomnFEv0x,netral
Polri melalui Polda Nusa Tenggara Barat (NTB) menetapkan 20 tersangka terkait aksi perusakan dan penjarahan saat unjuk rasa 30 Agustus 2025 di Mapolda NTB dan Gedung DPRD NTB. Dari jumlah tersebut delapan orang terlibat dalam perusakan di Mapolda NTB sementara 12 lainnya dalam https://t.co/J6hGyWU1S0,netral
Polri melalui Polda Nusa Tenggara Barat (NTB) menetapkan 20 tersangka terkait aksi perusakan dan penjarahan saat unjuk rasa 30 Agustus 2025 di Mapolda NTB dan Gedung DPRD NTB. Wujud Upaya Pengabdian Maksimal Kepada Bangsa dan Terus Meningkatkan #KinerjaLayaniIndonesia https://t.co/QRsyHFyGn0,netral
Polri melalui Polda Nusa Tenggara Barat (NTB) menetapkan 20 tersangka terkait aksi perusakan dan penjarahan saat unjuk rasa 30 Agustus 2025 di Mapolda NTB dan Gedung DPRD NTB.#KinerjaLayaniIndonesia https://t.co/AIOF4FqS1w,netral
Dino Patti Djalal Bongkar 'Dalang' di Balik Penjarahan Rumah Sri Mulyani! https://t.co/m7Tqf80nR6,negatif
Ia menduga penjarahan terhadap rumah pribadi mantan Menteri Keuangan Sri Mulyani bukan aksi spontan tetapi terencana melibatkan tangan-tangan siluman . Dino sendiri mengaku tidak pernah tahu alamat rumah Sri Mulyani. #DinoPattiDjalal #Srimulyani #menkeu,netral
Polri melalui Polda Nusa Tenggara Barat (NTB) menetapkan 20 tersangka terkait aksi perusakan dan penjarahan saat unjuk rasa 30 Agustus 2025 di Mapolda NTB dan Gedung DPRD NTB. #KinerjaLayaniIndonesia https://t.co/CbZwyJbneI,netral
Polri melalui Polda Nusa Tenggara Barat (NTB) menetapkan 20 tersangka terkait aksi perusakan dan penjarahan saat unjuk rasa 30 Agustus 2025 di Mapolda NTB dan Gedung DPRD NTB. #KinerjaLayaniIndonesia https://t.co/oJjLZ18JzC,netral
Polri melalui Polda Nusa Tenggara Barat (NTB) menetapkan 20 tersangka terkait aksi perusakan dan penjarahan saat unjuk rasa 30 Agustus 2025 di Mapolda NTB dan Gedung DPRD NTB. https://t.co/F5acot6lF6,netral
Polri melalui Polda Nusa Tenggara Barat (NTB) menetapkan 20 tersangka terkait aksi perusakan dan penjarahan saat unjuk rasa 30 Agustus 2025 di Mapolda NTB dan Gedung DPRD NTB. Wujud Upaya Pengabdian Maksimal Kepada Bangsa dan Terus Meningkatkan #KinerjaLayaniIndonesia https://t.co/lPeuVjoSOQ,netral
Polri melalui Polda Nusa Tenggara Barat (NTB) menetapkan 20 tersangka terkait aksi perusakan dan penjarahan saat unjuk rasa 30 Agustus 2025 di Mapolda NTB dan Gedung DPRD NTB. https://t.co/tGPkInvKrq,netral
Polri melalui Polda Nusa Tenggara Barat (NTB) menetapkan 20 tersangka terkait aksi perusakan dan penjarahan saat unjuk rasa 30 Agustus 2025 di Mapolda NTB dan Gedung DPRD NTB. Dari jumlah tersebut delapan orang terlibat dalam perusakan di Mapolda NTB sementara 12 lainnya,netral
Polri melalui Polda Nusa Tenggara Barat (NTB) menetapkan 20 tersangka terkait aksi perusakan dan penjarahan saat unjuk rasa 30 Agustus 2025 di Mapolda NTB dan Gedung DPRD NTB. https://t.co/HcrEoQpdtG,netral
Polri melalui Polda Nusa Tenggara Barat (NTB) menetapkan 20 tersangka terkait aksi perusakan dan penjarahan saat unjuk rasa 30 Agustus 2025 di Mapolda NTB dan Gedung DPRD NTB. Dari jumlah tersebut delapan orang terlibat dalam perusakan di Mapolda NTB sementara 12 lainnya https://t.co/hyV9otTtuU,netral
Polri melalui Polda Nusa Tenggara Barat (NTB) menetapkan 20 tersangka terkait aksi perusakan dan penjarahan saat unjuk rasa 30 Agustus 2025 di Mapolda NTB dan Gedung DPRD NTB. Wujud Upaya Pengabdian Maksimal Kepada Bangsa dan Terus Meningkatkan #KinerjaLayaniIndonesia https://t.co/kOFD0gPfEM,netral
Polri melalui Polda Nusa Tenggara Barat (NTB) menetapkan 20 tersangka terkait aksi perusakan dan penjarahan saat unjuk rasa 30 Agustus 2025 di Mapolda NTB dan Gedung DPRD NTB. Dari jumlah tersebut delapan orang terlibat dalam perusakan di Mapolda NTB sementara 12 lainnya https://t.co/U8SNmulQ0y,netral
Polri melalui Polda Nusa Tenggara Barat (NTB) menetapkan 20 tersangka terkait aksi perusakan dan penjarahan saat unjuk rasa 30 Agustus 2025 di Mapolda NTB dan Gedung DPRD NTB. Wujud Upaya Pengabdian Maksimal Kepada Bangsa dan Terus Meningkatkan #KinerjaLayaniIndonesia https://t.co/YDhIuHZ2kl,netral
Polri melalui Polda Nusa Tenggara Barat (NTB) menetapkan 20 tersangka terkait aksi perusakan dan penjarahan saat unjuk rasa 30 Agustus 2025 di Mapolda NTB dan Gedung DPRD NTB. #KinerjaLayaniIndonesia https://t.co/KVeGvARS3d,netral
Polri melalui Polda Nusa Tenggara Barat (NTB) menetapkan 20 tersangka terkait aksi perusakan dan penjarahan saat unjuk rasa 30 Agustus 2025 di Mapolda NTB dan Gedung DPRD NTB. Dari jumlah tersebut delapan orang terlibat dalam perusakan di Mapolda NTB https://t.co/CEdxqMerIB,netral
Polri melalui Polda Nusa Tenggara Barat (NTB) menetapkan 20 tersangka terkait aksi perusakan dan penjarahan saat unjuk rasa 30 Agustus 2025 di Mapolda NTB dan Gedung DPRD NTB. https://t.co/NO0iQtdoCY,netral
Polri melalui Polda Nusa Tenggara Barat (NTB) menetapkan 20 tersangka terkait aksi perusakan dan penjarahan saat unjuk rasa 30 Agustus 2025 di Mapolda NTB dan Gedung DPRD NTB. https://t.co/gHofYtdEgP,netral
Polri melalui Polda Nusa Tenggara Barat (NTB) menetapkan 20 tersangka terkait aksi perusakan dan penjarahan saat unjuk rasa 30 Agustus 2025 di Mapolda NTB dan Gedung DPRD NTB. Dari jumlah tersebut delapan orang terlibat dalam perusakan di Mapolda NTB sementara 12 lainnya dalam https://t.co/8RAuwbiggo,netral
Polri melalui Polda Nusa Tenggara Barat (NTB) menetapkan 20 tersangka terkait aksi perusakan dan penjarahan saat unjuk rasa 30 Agustus 2025 di Mapolda NTB dan Gedung DPRD NTB. #KinerjaLayaniIndonesia https://t.co/rROgQ1Lj6L,netral
Polri melalui Polda Nusa Tenggara Barat (NTB) menetapkan 20 tersangka terkait aksi perusakan dan penjarahan saat unjuk rasa 30 Agustus 2025 di Mapolda NTB dan Gedung DPRD NTB. Dari jumlah tersebut delapan orang terlibat dalam perusakan di Mapolda NTB. #KinerjaLayaniIndonesia https://t.co/otj5SP1fKv,netral
perusakan dan penjarahan di DPRD NTB. Para tersangka terdiri dari 14 orang dewasa yg kini ditahan serta enam anak di bawah umur yang dikembalikan ke keluarga &amp; menjalani proses diversi. Wujud Upaya Pengabdian Maksimal Kepada Bangsa dan Terus Meningkatkan #KinerjaLayaniIndonesia,netral
Polri melalui Polda Nusa Tenggara Barat (NTB) menetapkan 20 tersangka terkait aksi perusakan dan penjarahan saat unjuk rasa 30 Agustus 2025 di Mapolda NTB dan Gedung DPRD NTB. Dari jumlah tersebut delapan orang terlibat dalam perusakan di Mapolda NTB sementara 12 lainnya dalam https://t.co/OCS8FIUVKh,netral
dalam perusakan dan penjarahan di DPRD NTB. Para tersangka terdiri dari 14 orang dewasa yang kini ditahan serta enam anak di bawah umur yang dikembalikan ke keluarga dan menjalani proses diversi. Wujud Upaya Pengabdian Maksimal Kepada Bangsa,netral
Polri melalui Polda Nusa Tenggara Barat (NTB) menetapkan 20 tersangka terkait aksi perusakan dan penjarahan saat unjuk rasa 30 Agustus 2025 di Mapolda NTB dan Gedung DPRD NTB. Dari jumlah tersebut delapan orang terlibat dalam perusakan di Mapolda NTB sementara 12 lainnya https://t.co/f6Plb4GX2h,netral
Polri melalui Polda Nusa Tenggara Barat (NTB) menetapkan 20 tersangka terkait aksi perusakan dan penjarahan saat unjuk rasa 30 Agustus 2025 di Mapolda NTB dan Gedung DPRD NTB. #KinerjaLayaniIndonesia https://t.co/mZbqwqlm3w,netral
Polri melalui Polda Nusa Tenggara Barat (NTB) menetapkan 20 tersangka terkait aksi perusakan dan penjarahan saat unjuk rasa 30 Agustus 2025 di Mapolda NTB dan Gedung DPRD NTB. Dari jumlah tersebut delapan orang terlibat dalam perusakan di Mapolda NTB https://t.co/0nDcbLRoFf,netral
Polri melalui Polda Nusa Tenggara Barat (NTB) menetapkan 20 tersangka terkait aksi perusakan dan penjarahan saat unjuk rasa 30 Agustus 2025 di Mapolda NTB dan Gedung DPRD NTB. Dari jumlah tersebut delapan orang terlibat dalam perusakan di Mapolda NTB https://t.co/T2Eu8Myc2Y,netral
Polri melalui Polda Nusa Tenggara Barat (NTB) menetapkan 20 tersangka terkait aksi perusakan dan penjarahan saat unjuk rasa 30 Agustus 2025 di Mapolda NTB dan Gedung DPRD NTB. Dari jumlah tersebut delapan https://t.co/y7tbq7fL0I,netral
Polri melalui Polda Nusa Tenggara Barat (NTB) menetapkan 20 tersangka terkait aksi perusakan dan penjarahan saat unjuk rasa 30 Agustus 2025 di Mapolda NTB dan Gedung DPRD NTB. https://t.co/jlj4iKDJDs,netral
Polri melalui Polda Nusa Tenggara Barat (NTB) menetapkan 20 tersangka terkait aksi perusakan dan penjarahan saat unjuk rasa 30 Agustus 2025 di Mapolda NTB dan Gedung DPRD NTB. Dari jumlah tersebut delapan orang terlibat dalam perusakan di Mapolda NTB sementara 12 lainnya dalam https://t.co/uVIVN1JevQ,netral
Polri melalui Polda Nusa Tenggara Barat (NTB) menetapkan 20 tersangka terkait aksi perusakan dan penjarahan saat unjuk rasa 30 Agustus 2025 di Mapolda NTB dan Gedung DPRD NTB. Dari jumlah tersebut delapan orang terlibat dalam perusakan di Mapolda NTB https://t.co/Znzfk543pt,netral
Polri melalui Polda Nusa Tenggara Barat (NTB) menetapkan 20 tersangka terkait aksi perusakan dan penjarahan saat unjuk rasa 30 Agustus 2025 di Mapolda NTB dan Gedung DPRD NTB. Dari jumlah tersebut delapan orang terlibat dalam perusakan di Mapolda NTB. #KinerjaLayaniIndonesia https://t.co/U4qmzspz46,netral
@Reiy_21 DIA ANAKNYA UYA KUYA... iyh rumah dia dijarah soalnya bapaknya tu anggota depeer walaupun penjarahan rumahnya dia ini agak sus sih tapi iyh pokoknya begitu ‍️‍️,negatif
Polri melalui Polda Nusa Tenggara Barat (NTB) menetapkan 20 tersangka terkait aksi perusakan dan penjarahan saat unjuk rasa 30 Agustus 2025 di Mapolda NTB dan Gedung DPRD NTB. Dari jumlah tersebut delapan orang terlibat dalam perusakan di Mapolda NTB. https://t.co/EXYXOGJ8nh,netral
Polri melalui Polda Nusa Tenggara Barat (NTB) menetapkan 20 tersangka terkait aksi perusakan dan penjarahan saat unjuk rasa 30 Agustus 2025 di Mapolda NTB dan Gedung DPRD NTB. https://t.co/2dSVYQphdu,netral
Polri melalui Polda Nusa Tenggara Barat (NTB) menetapkan 20 tersangka terkait aksi perusakan dan penjarahan saat unjuk rasa 30 Agustus 2025 di Mapolda NTB dan Gedung DPRD NTB. #KinerjaLayaniIndonesia https://t.co/fs9XG5Wnak,netral
Polri melalui Polda Nusa Tenggara Barat (NTB) menetapkan 20 tersangka terkait aksi perusakan dan penjarahan saat unjuk rasa 30 Agustus 2025 di Mapolda NTB dan Gedung DPRD NTB.#KinerjaLayaniIndonesia https://t.co/F7oN1chD9m,netral
Polri melalui Polda Nusa Tenggara Barat (NTB) menetapkan 20 tersangka terkait aksi perusakan dan penjarahan saat unjuk rasa 30 Agustus 2025 di Mapolda NTB dan Gedung DPRD NTB. Dari jumlah tersebut delapan orang terlibat dalam perusakan di Mapolda NTB #KinerjaLayaniIndonesia https://t.co/aIgEQSMgCq,netral
Polri melalui Polda Nusa Tenggara Barat (NTB) menetapkan 20 tersangka terkait aksi perusakan dan penjarahan saat unjuk rasa 30 Agustus 2025 di Mapolda NTB dan Gedung DPRD NTB. Dari jumlah tersebut delapan orang terlibat dalam perusakan di Mapolda NTB #KinerjaLayaniIndonesia https://t.co/hWDJpmkKcd,netral
Polri melalui Polda Nusa Tenggara Barat (NTB) menetapkan 20 tersangka terkait aksi perusakan dan penjarahan saat unjuk rasa 30 Agustus 2025 di Mapolda NTB dan Gedung DPRD NTB. https://t.co/J0Re29rqpY,netral
Prompt text CNN Indonesia Dino : Ada kekuatan siluman di balik penjarahan rumah Sri Mulyani. Like what???? Who???,negatif
Polri Tetapkan 20 Tersangka Aksi Anarkis di NTB Polda NTB amankan 14 dewasa &amp; proses diversi 6 anak terkait perusakan &amp; penjarahan di Mapolda &amp; DPRD NTB. Barang bukti diamankan kasus ditangani transparan. #KinerjaLayaniIndonesia https://t.co/eKNyBttwR9,netral
Polri melalui Polda Nusa Tenggara Barat (NTB) menetapkan 20 tersangka terkait aksi perusakan dan penjarahan saat unjuk rasa 30 Agustus 2025 di Mapolda NTB dan Gedung DPRD NTB. https://t.co/hnPoQPtMkn,netral
@PartaiSocmed Karena PDIP gatau terimakasih dan kayanya elit PDIP menikmati demo &amp; penjarahan kemaren. Atau jangan jangan ??? Menariq buat konspirasi,negatif
Polri melalui Polda Nusa Tenggara Barat (NTB) menetapkan 20 tersangka terkait aksi perusakan dan penjarahan saat unjuk rasa 30 Agustus 2025 di Mapolda NTB dan Gedung DPRD NTB. https://t.co/aOkktKIr9F,netral
Polri melalui Polda Nusa Tenggara Barat (NTB) menetapkan 20 tersangka terkait aksi perusakan dan penjarahan saat unjuk rasa 30 Agustus 2025 di Mapolda NTB dan Gedung DPRD NTB. Dari jumlah tersebut delapan orang terlibat dalam perusakan di Mapolda NTB https://t.co/C9puRx4Idz,netral
Polri melalui Polda Nusa Tenggara Barat (NTB) menetapkan 20 tersangka terkait aksi perusakan dan penjarahan saat unjuk rasa 30 Agustus 2025 di Mapolda NTB dan Gedung DPRD NTB. Dari jumlah tersebut delapan orang terlibat dalam perusakan di Mapolda NTB sementara 12 lainnya dalam https://t.co/wuqjRmtTYF,netral
Polri melalui Polda Nusa Tenggara Barat menetapkan 20 tersangka terkait aksi perusakan dan penjarahan saat unjuk rasa 30 Agustus 2025 di Mapolda NTB dan Gedung DPRD NTB.Dari jumlah tersebut delapan orang terlibat dalam perusakan di Mapolda NTB sementara 12 penjarahan di DPRD NTB. https://t.co/esd2Vvk49Q,netral
Polri melalui Polda Nusa Tenggara Barat (NTB) menetapkan 20 tersangka terkait aksi perusakan dan penjarahan saat unjuk rasa 30 Agustus 2025 di Mapolda NTB dan Gedung DPRD NTB. Dari jumlah tersebut delapan orang terlibat dalam perusakan di Mapolda NTB sementara 12 lainnya dalam https://t.co/oE5oxbMMHh,netral
Polri melalui Polda Nusa Tenggara Barat (NTB) menetapkan 20 tersangka terkait aksi perusakan dan penjarahan saat unjuk rasa 30 Agustus 2025 di Mapolda NTB dan Gedung DPRD NTB. #KinerjaLayaniIndonesia https://t.co/ue1SLlW1um,netral
Polri melalui Polda Nusa Tenggara Barat (NTB) menetapkan 20 tersangka terkait aksi perusakan dan penjarahan saat unjuk rasa 30 Agustus 2025 di Mapolda NTB dan Gedung DPRD NTB. Dari jumlah tersebut delapan orang terlibat dalam perusakan di Mapolda NTB https://t.co/s45SGbOy2h,netral
Polri melalui Polda Nusa Tenggara Barat (NTB) menetapkan 20 tersangka terkait aksi perusakan dan penjarahan saat unjuk rasa 30 Agustus 2025 di Mapolda NTB dan Gedung DPRD NTB.#KinerjaLayaniIndonesia https://t.co/Z4fml4fv4o,netral
Polri melalui Polda Nusa Tenggara Barat (NTB) menetapkan 20 tersangka terkait aksi perusakan dan penjarahan saat unjuk rasa 30 Agustus 2025 di Mapolda NTB dan Gedung DPRD NTB. Dari jumlah tersebut delapan orang terlibat dalam perusakan di Mapolda NTB sementara 12 lainnya dalam https://t.co/3fGPt1thO7,netral
Polri melalui Polda Nusa Tenggara Barat (NTB) menetapkan 20 tersangka terkait aksi perusakan dan penjarahan saat unjuk rasa 30 Agustus 2025 di Mapolda NTB dan Gedung DPRD NTB. Dari jumlah tersebut delapan orang terlibat dalam perusakan di Mapolda NTB https://t.co/vBKDL1Ctyo,netral
Polri melalui Polda Nusa Tenggara Barat (NTB) menetapkan 20 tersangka terkait aksi perusakan dan penjarahan saat unjuk rasa 30 Agustus 2025 di Mapolda NTB dan Gedung DPRD NTB. Wujud Upaya Pengabdian Maksimal Kepada Bangsa dan Terus Meningkatkan #KinerjaLayaniIndonesia https://t.co/4CB0J7WRFd,netral
Polri melalui Polda Nusa Tenggara Barat menetapkan 20 tersangka terkait aksi perusakan dan penjarahan saat unjuk rasa 30 Agustus 2025 di Mapolda NTB dan Gedung DPRD NTB. Dari jumlah tersebut 8 orang terlibat dalam perusakan di Mapolda NTB https://t.co/x2uDHmgb3I,netral
Polri melalui Polda Nusa Tenggara Barat (NTB) menetapkan 20 tersangka terkait aksi perusakan dan penjarahan saat unjuk rasa 30 Agustus 2025 di Mapolda NTB dan Gedung DPRD NTB. #KinerjaLayaniIndonesia https://t.co/PApH6sLRZD,netral
Polri melalui Polda Nusa Tenggara Barat (NTB) menetapkan 20 tersangka terkait aksi perusakan dan penjarahan saat unjuk rasa 30 Agustus 2025 di Mapolda NTB dan Gedung DPRD NTB. Dari jumlah tersebut delapan orang terlibat dalam perusakan di Mapolda NTB sementara 12 lainnya dalam https://t.co/MYcnUH9BA0,netral
Polri melalui Polda Nusa Tenggara Barat (NTB) menetapkan 20 tersangka terkait aksi perusakan dan penjarahan saat unjuk rasa 30 Agustus 2025 di Mapolda NTB dan Gedung DPRD NTB. https://t.co/R3cziEHaAf,netral
Polri melalui Polda Nusa Tenggara Barat (NTB) menetapkan 20 tersangka terkait aksi perusakan dan penjarahan saat unjuk rasa 30 Agustus 2025 di Mapolda NTB dan Gedung DPRD NTB. Wujud Upaya Pengabdian Maksimal Kepada Bangsa dan Terus Meningkatkan #KinerjaLayaniIndonesia https://t.co/WDi9bFCCqV,netral
Polri melalui Polda Nusa Tenggara Barat (NTB) menetapkan 20 tersangka terkait aksi perusakan dan penjarahan saat unjuk rasa 30 Agustus 2025 di Mapolda NTB dan Gedung DPRD NTB. Wujud Upaya Pengabdian Maksimal Kepada Bangsa dan Terus Meningkatkan #KinerjaLayaniIndonesia https://t.co/yodQ6jHr9m,netral
Polri melalui Polda Nusa Tenggara Barat (NTB) menetapkan 20 tersangka terkait aksi perusakan dan penjarahan saat unjuk rasa 30 Agustus 2025 di Mapolda NTB dan Gedung DPRD NTB. #KinerjaLayaniIndonesia https://t.co/kzREJnzg8B,netral
Polri melalui Polda Nusa Tenggara Barat (NTB) menetapkan 20 tersangka terkait aksi perusakan dan penjarahan saat unjuk rasa 30 Agustus 2025 di Mapolda NTB dan Gedung DPRD NTB. Dari jumlah tersebut delapan orang terlibat dalam perusakan di Mapolda NTB sementara 12 lainnya dalam https://t.co/vgW8VdnGBD,netral
Polri melalui Polda Nusa Tenggara Barat (NTB) menetapkan 20 tersangka terkait aksi perusakan dan penjarahan saat unjuk rasa 30 Agustus 2025 di Mapolda NTB dan Gedung DPRD NTB. Wujud Upaya Pengabdian Maksimal Kepada Bangsa dan Terus Meningkatkan #KinerjaLayaniIndonesia https://t.co/kntybNXXDU,netral
Polri melalui Polda Nusa Tenggara Barat (NTB) menetapkan 20 tersangka terkait aksi perusakan dan penjarahan saat unjuk rasa 30 Agustus 2025 di Mapolda NTB dan Gedung DPRD NTB. Wujud Upaya Pengabdian Maksimal Kepada Bangsa dan Terus Meningkatkan #KinerjaLayaniIndonesia https://t.co/FGlr3VavIJ,netral
Polri melalui Polda Nusa Tenggara Barat (NTB) menetapkan 20 tersangka terkait aksi perusakan dan penjarahan saat unjuk rasa 30 Agustus 2025 di Mapolda NTB dan Gedung DPRD NTB. #KinerjaLayaniIndonesia https://t.co/zZqgaNwm3x,netral
Polda NTB menetapkan 20 tersangka terkait aksi perusakan dan penjarahan saat unjuk rasa 30 Agustus 2025 di Mapolda NTB dan Gedung DPRD NTB. 8 orang terlibat dalam perusakan di Mapolda NTB sementara 12 lainnya dalam perusakan dan penjarahan di DPRD NTB. #KinerjaLayaniIndonesia https://t.co/Y6065kzOLh,netral
Polri melalui Polda Nusa Tenggara Barat (NTB) menetapkan 20 tersangka terkait aksi perusakan dan penjarahan saat unjuk rasa 30 Agustus 2025 di Mapolda NTB dan Gedung DPRD NTB. Dari jumlah tersebut delapan orang terlibat dalam perusakan di Mapolda NTB https://t.co/0tiBCGIQRH,netral
Polri melalui Polda Nusa Tenggara Barat (NTB) menetapkan 20 tersangka terkait aksi perusakan dan penjarahan saat unjuk rasa 30 Agustus 2025 di Mapolda NTB dan Gedung DPRD NTB. Dari jumlah tersebut delapan orang terlibat dalam perusakan di Mapolda NTB sementara 12 lainnya https://t.co/Tj1CcBWANZ,netral
Polri melalui Polda NTB menetapkan 20 TSK terkait aksi perusakan dan penjarahan saat unjuk rasa 30-08-2025 di Mapolda NTB dan Gedung DPRD NTB. Dari jumlah tersebut 8 orang terlibat dalam perusakan di Mapolda NTB sementara 12 lainnya dalam perusakan dan penjarahan di DPRD NTB https://t.co/CgoTeqRz2k,netral
Polri melalui Polda Nusa Tenggara Barat (NTB) menetapkan 20 tersangka terkait aksi perusakan dan penjarahan saat unjuk rasa 30 Agustus 2025 di Mapolda NTB dan Gedung DPRD NTB. Dari jumlah tersebut delapan orang terlibat dalam perusakan di Mapolda NTB https://t.co/Xi23WV4sHr,netral
Polri melalui Polda Nusa Tenggara Barat (NTB) menetapkan 20 tersangka terkait aksi perusakan dan penjarahan saat unjuk rasa 30 Agustus 2025 di Mapolda NTB dan Gedung DPRD NTB. Wujud Upaya Pengabdian Maksimal Kepada Bangsa dan Terus Meningkatkan #KinerjaLayaniIndonesia https://t.co/Acogi0hU2G,netral
Polri melalui Polda Nusa Tenggara Barat (NTB) menetapkan 20 tersangka terkait aksi perusakan dan penjarahan saat unjuk rasa 30 Agustus 2025 di Mapolda NTB dan Gedung DPRD NTB. https://t.co/DH6H13snPG,netral
Polri melalui Polda Nusa Tenggara Barat (NTB) menetapkan 20 tersangka terkait aksi perusakan dan penjarahan saat unjuk rasa 30 Agustus 2025 di Mapolda NTB dan Gedung DPRD NTB. #KinerjaLayaniIndonesia https://t.co/yv83uPlWLp,netral
Polri melalui Polda Nusa Tenggara Barat (NTB) menetapkan 20 tersangka terkait aksi perusakan dan penjarahan saat unjuk rasa 30 Agustus 2025 di Mapolda NTB dan Gedung DPRD NTB. #KinerjaLayaniIndonesia https://t.co/hohSUQ9nVt,netral
Polri melalui Polda Nusa Tenggara Barat (NTB) menetapkan 20 tersangka terkait aksi perusakan dan penjarahan saat unjuk rasa 30 Agustus 2025 di Mapolda NTB dan Gedung DPRD NTB. L #KinerjaLayaniIndonesia https://t.co/tGdSizLAdP,netral
Polri melalui Polda Nusa Tenggara Barat (NTB) menetapkan 20 tersangka terkait aksi perusakan dan penjarahan saat unjuk rasa 30 Agustus 2025 di Mapolda NTB dan Gedung DPRD NTB. Dari jumlah tersebut delapan orang terlibat dalam perusakan di Mapolda NTB https://t.co/E9wLeqBuuB,netral
Polri melalui Polda Nusa Tenggara Barat (NTB) menetapkan 20 tersangka terkait aksi perusakan dan penjarahan saat unjuk rasa 30 Agustus 2025 di Mapolda NTB dan Gedung DPRD NTB. Wujud Upaya Pengabdian Maksimal Kepada Bangsa dan Terus Meningkatkan #KinerjaLayaniIndonesia https://t.co/pRyoy7VFYg,netral
Polri melalui Polda Nusa Tenggara Barat (NTB) menetapkan 20 tersangka terkait aksi perusakan dan penjarahan saat unjuk rasa 30 Agustus 2025 di Mapolda NTB dan Gedung DPRD NTB. Dari jumlah tersebut delapan orang terlibat dalam perusakan di Mapolda NTB sementara 12 lainnya dalam https://t.co/NXcs3j2LEN,netral
Polri melalui Polda Nusa Tenggara Barat (NTB) menetapkan 20 tersangka terkait aksi perusakan dan penjarahan saat unjuk rasa 30 Agustus 2025 di Mapolda NTB dan Gedung DPRD NTB. #KinerjaLayaniIndonesia https://t.co/2t9cEI9PGs,netral
Polri melalui Polda Nusa Tenggara Barat (NTB) menetapkan 20 tersangka terkait aksi perusakan dan penjarahan saat unjuk rasa 30 Agustus 2025 di Mapolda NTB dan Gedung DPRD NTB. Dari jumlah tersebut delapan orang terlibat dalam perusakan di Mapolda NTB https://t.co/VmzVU90kGe,netral
Polri melalui Polda Nusa Tenggara Barat (NTB) menetapkan 20 tersangka terkait aksi perusakan dan penjarahan saat unjuk rasa 30 Agustus 2025 di Mapolda NTB dan Gedung DPRD NTB. #KinerjaLayaniIndonesia https://t.co/NV49wJTVpH,netral
Polri melalui Polda Nusa Tenggara Barat (NTB) menetapkan 20 tersangka terkait aksi perusakan dan penjarahan saat unjuk rasa 30 Agustus 2025 di Mapolda NTB dan Gedung DPRD NTB. Wujud Upaya Pengabdian Maksimal Kepada Bangsa dan Terus Meningkatkan #KinerjaLayaniIndonesia https://t.co/xcHSkwrdqN,netral
Polri melalui Polda Nusa Tenggara Barat (NTB) menetapkan 20 tersangka terkait aksi perusakan dan penjarahan saat unjuk rasa 30 Agustus 2025 di Mapolda NTB dan Gedung DPRD NTB. https://t.co/T7x93RThjf,netral
Polri melalui Polda Nusa Tenggara Barat (NTB) menetapkan 20 tersangka terkait aksi perusakan dan penjarahan saat unjuk rasa 30 Agustus 2025 di Mapolda NTB dan Gedung DPRD NTB. Dari jumlah tersebut delapan orang terlibat dalam perusakan di Mapolda NTB sementara 12 lainnya dalam https://t.co/BMDyFwTucS,netral
Polri melalui Polda Nusa Tenggara Barat (NTB) menetapkan 20 tersangka terkait aksi perusakan dan penjarahan saat unjuk rasa 30 Agustus 2025 di Mapolda NTB dan Gedung DPRD NTB. Dari jumlah tersebut delapan orang terlibat dalam perusakan di Mapolda NTB sementara 12 lainnya dalam https://t.co/444TJ2Ntpb,netral
Polri melalui Polda Nusa Tenggara Barat (NTB) menetapkan 20 tersangka terkait aksi perusakan dan penjarahan saat unjuk rasa 30 Agustus 2025 di Mapolda NTB dan Gedung DPRD NTB. Wujud Upaya Pengabdian Maksimal Kepada Bangsa dan Terus Meningkatkan #KinerjaLayaniIndonesia https://t.co/TeaXzGCNPi,netral
Polri melalui Polda Nusa Tenggara Barat (NTB) menetapkan 20 tersangka terkait aksi perusakan dan penjarahan saat unjuk rasa 30 Agustus 2025 di Mapolda NTB dan Gedung DPRD NTB. https://t.co/oUOXr2bOgV,netral
Polri melalui Polda Nusa Tenggara Barat (NTB) menetapkan 20 tersangka terkait aksi perusakan dan penjarahan saat unjuk rasa 30 Agustus 2025 di Mapolda NTB dan Gedung DPRD NTB. Selengkapnya: https://t.co/drRYQVUl0i #KinerjaLayaniIndonesia https://t.co/E727BAuf76,netral
Polri melalui Polda Nusa Tenggara Barat (NTB) menetapkan 20 tersangka terkait aksi perusakan dan penjarahan saat unjuk rasa 30 Agustus 2025 di Mapolda NTB dan Gedung DPRD NTB. Wujud Upaya Pengabdian Maksimal Kepada Bangsa dan Terus Meningkatkan #KinerjaLayaniIndonesia https://t.co/lSP2rqO18N,netral
Polri melalui Polda Nusa Tenggara Barat (NTB) menetapkan 20 tersangka terkait aksi perusakan dan penjarahan saat unjuk rasa 30 Agustus 2025 di Mapolda NTB dan Gedung DPRD NTB. Wujud Upaya Pengabdian Maksimal Kepada Bangsa dan Terus Meningkatkan #KinerjaLayaniIndonesia https://t.co/tAiCoYTHHc,netral
Polri melalui Polda Nusa Tenggara Barat (NTB) menetapkan 20 tersangka terkait aksi perusakan dan penjarahan saat unjuk rasa 30 Agustus 2025 di Mapolda NTB dan Gedung DPRD NTB. Wujud Upaya Pengabdian Maksimal Kepada Bangsa dan Terus Meningkatkan #KinerjaLayaniIndonesia https://t.co/VSjjrbYYMR,netral
Polri melalui Polda Nusa Tenggara Barat (NTB) menetapkan 20 tersangka terkait aksi perusakan dan penjarahan saat unjuk rasa 30 Agustus 2025 di Mapolda NTB dan Gedung DPRD NTB. https://t.co/gn4Zwxd4cj,netral
@RevealJkt @ARSIPAJA Iya yah kenapa pas penjarahan kmaren rumah dia gak sekalian dijarah juga ️,negatif
@Anfieldbreath @ARSIPAJA Beda situasi dan kondisi. Ga bisa fotokopi Nepal ke sini. Kejadian rusuh dan penjarahan kemaren yang disini itu juga saya gak yakin itu orang sipil.,negatif
penjarahan kota kecil Veldhoven,netral
Orang² Kemaruk Kapitalis paling benci Sosialisme.. Karena kaum sosialis melihat secara gamblang penjarahan Kekayaan Negara u/ segelintir elit. Mereka selalu menuduh sosialisme identik dengan Komunis Atheist.. Dan itu dijadikan alat menakut-nakuti masyarakat yg tidak faham.,negatif
Mataram NTB Kepolisian Daerah Nusa Tenggara Barat (Polda NTB) resmi menetapkan 20 orang tersangka terkait aksi pengerusakan dan penjarahan yang terjadi di Mapolda NTB dan Gedung DPRD NTB pada unjuk rasa 30 Agustus 2025 lalu. https://t.co/Iny9DQ2Fxh,netral
@orchidlab7 @jefri_syhrl @txtdrimedia Ya video itu rekaman lama dari masa kampanye Sahroni bukan kunjungan baru pasca-insiden penjarahan. Cek fakta dari sumber seperti https://t.co/1GReZkrEiH mengonfirmasi hal itu.,netral
@PngAdilnR4kyt Dan penjarahan uang masyarakat dibiarkan oleh negara bertahun2...sedih emang. https://t.co/cTOKUI6xVd,negatif
Polda NTB Tetapkan 20 Tersangka Kasus Pengerusakan dan Penjarahan Saat Unjuk Rasa 30 Agustus Mataram NTB Kepolisian Daerah Nusa Tenggara Barat (Polda NTB) resmi menetapkan 20 orang tersangka terkait aksi pengerusakan dan penjarahan yang terjadi di Mapolda NTB dan Gedung DPRD https://t.co/RSyKIC3Nlx,netral
@andry_vai @gekkopapito Emang koruptor dan keluarganya mnrt lu ga pantes dibully kah?? Oohh look how saint you are... !! Masalah 1 org?? Cb lu inget2 lagi akar mslhnya apa? Bikin postingan buat nyari simpati padahal jelas2 penjarahan di tempat dia bagian dr skenario dan sebabnya jelas knp.,negatif
Berarti sekarang mereka kena karmanya dong. Disana nggak berempati sama korban kebakaran lah disini jadi korban penjarahan. Dapet karma tuh.,negatif
Glowie Baintelkam @es_twr kemana ya habis fitnahin bu ana buat bikin konflik perkara warna pink? Sama glowies BAIS @hanendra_s (provokator penjarahan etnis) sama @retrilawson (provokator pembakaran fasum) gak pernah keliatan bahas2 aksi lagi kayanya. Apa udh pindah tugas?,negatif
Mataram NTB Kepolisian Daerah Nusa Tenggara Barat (Polda NTB) resmi menetapkan 20 orang tersangka terkait aksi pengerusakan dan penjarahan yang terjadi di Mapolda NTB dan Gedung DPRD NTB pada unjuk rasa 30 Agustus 2025 lalu. https://t.co/1y28rHS0Lu,netral
@kompascom 1) Apa si Profesor ini punya bukti tidak ada 'hidden instruction' by intent dibalik Tindakan REPRESIF Aparat? 2) Kegiatan2 melanggar hukum spt penjarahan lahan masyarakat kan banyak yg dibeking Aparat? 3) Aparat dipake sbg Attack Dogs sdh rahasia umum di Republik ini.,negatif
Imbas beberapa insiden penjarahan rumah pejabat yang lalu para pejabat pun lebih menganggap ancaman diviralkan netizen jadi lebih nyata?,negatif
@GoodRecom while anak artis yg di Amerika merasa jdi korban karna penjarahan dan kucing hilang. tapi tetep bisa makan enak hidup nyaman dan tidur nyenyak. you really need to touch some grass asshole!!!,positif
Huh ga rela banget kucing kucingnya dibalikin. Orang gila mana yang ninggalin keluarganya pas tau akan terjadi penjarahan? Dia bisa menyelamatkan dirinya tapi ninggalin kucing kucingnya. Ga layak sama sekali dia memelihara kucing.,negatif
@strangers__87 @kompascom Solusi untuk insiden penjarahan seperti ini: laporkan ke polisi untuk investigasi pelaku tingkatkan keamanan rumah dengan alarm atau pengawas klarifikasi fakta via media untuk lawan hoaks dan dorong dialog komunitas agar cegah kekerasan serupa. Semoga cepat teratasi.,netral
@jefri_syhrl @txtdrimedia Ya sepertinya hoax karena tidak ada bukti kunjungan baru pasca-penjarahan. Footage tampaknya lama. Sama-sama!,negatif
@jefri_syhrl @txtdrimedia Gambar itu tampaknya dari footage asli Sahroni berinteraksi dengan warga di Tanjung Priok tapi sumber menunjukkan kemungkinan klip lama dari kampanye sebelumnya bukan kunjungan baru pasca-insiden penjarahan. Belum ada konfirmasi resmi untuk klaim viral ini.,negatif
@randomable_ bisa disalahgunakan utk alasan penjarahan,negatif
Gerakan Agustus 2025 suatu saat nanti akan terungkap siapa yg bermain dibalik penjarahan anggota dewan dan menteri serta pembakaran gedung DPRD di beberapa daerah prosesnya begitu mudah seperti ada pembiaran. #konspirasibusuk,negatif
Mksd tweet nya apa ya? Ini beda kasus seolah olah menggiring karena ini jadi dijarah gtu rmhnya penjarahan aja seharusnya gaada gaboleh main hakim sendiri.. Ada hukum yg berlaku dan harus ditaati.. Yg bikin tweet ga nyambung,negatif
@kompascom Kok kapok blm ada sebulan penjarahan di ruma pejabat arogan. Dasar diktaktor lupa kalau pejabat tu pesuruh rakyat yg bayar rakyat anjjir n.,negatif
@bachrum_achmadi Seperti biasa mrkpun menikmati tp kesalahannya dilimpahkan ke org dan tdk menutup kemungkinan penjarahan akh agustus kmrn ulh dr krn slm mengusung 10th ga ada tuh rusuh2,negatif
@HetsiyHetsiy1 @PartaiSocmed Berdasarkan data terkini Prabowo memang menunjukkan sikap rekonsiliatif ke PDIP seperti grasi untuk Hasto Kristiyanto atas kasus korupsi pada Agustus 2025 (sumber: Jakarta Post CNA). Namun pasca-demo rusuh Agustus-September 2025 yang melibatkan penjarahan dan tudingan aktor,netral
Ada yg tahu mengapa Pak Prabowo yg begitu baik terhadap PDIP termasuk dalam kasusnya Hasto namun setelah terjadinya demo rusuh dan penjarahan orang2 PDIP seperti tersingkir dari pemerintahan? Tolong jelaskan pada kami. https://t.co/s75ZyjcQZu,negatif
Aku sih gak akan herman kalo tiba-tiba ini semua cuma pengalihan isu dan fitnah. Masa pada gak belajar sepanjang aksi kemaren? Kita dipaksa buat verifikasi info lebih dari sekali kalo ada mobilisasi sawo dan kedondong korban cedera fisik penjarahan dan konsolidasi aksi.... https://t.co/YI5TOlEDUw,negatif
Cinta Kuya menjadi sorotan karena gaya penulisan dan tata bahasanya saat curhat kronologi penjarahan rumahnya https://t.co/PHLQXqf5Hf,netral
@msaid_didu @KPU_ID Hahaha Penjarahan UU ini,negatif
@randomable_ Yg jelas sekarang kl mau demo ke DPR sudah tidak efektif...percuma suara rakyat juga tidak terdengar sampai ke dalam. Salut untuk warga Nepal yg mau &amp; bisa merubah keadaan negeri nya dr penjarahan para maling...ya maling ngapain pakai disebut koruptor...sebut saja maling,negatif
Polresta Mataram menetapkan 12 orang tersangka kasus perusakan berujung penjarahan dan pembakaran gedung DPRD NTB dalam unjuk rasa memprotes kenaikan tunjangan anggota DPRD pada 30 Agustus 2025. https://t.co/yOvoBS2437 #beritaNTB,netral
O menarilah menarilah tunjangan puluhan juta tunjangan O menarilah menarilah tunjangan ratusan juta tunjangan O menarilah menarilah bermiliar-miliar bermiliar-miliar tunjangan lamun malam api kota kucing hilang dalam penjarahan nama hilang dalam lindasan,negatif
Baru liat postingan lain. Katanya BB kucingnya cinta kuya yg direscue paska penjarahan kurang lebih satu kilo padahal umurnya 6-7bulan. SATU KILOGRAM. Ini mah malnutrisi Kucing gua aja umur segitu udah berat 5-6kg. Lu apain kucingnya woi cinta kuya?,negatif
Polisi masih buru provokator lain dalam penjarahan rumah Uya Kuya https://t.co/EJYqmAt3FI,netral
@koganenohikari ini governmentttttttttt jelekkkkkk bukan rich nya yang jadi alasan rich itu bukan parameter yang adil buat melawan orang jahat Harus terulang lagi kah penjarahan orang cina biar paham bahaya laten EatTheRich,negatif
Polisi masih buru provokator lain dalam penjarahan rumah Uya Kuya https://t.co/EJYqmAsvQa,netral
@aliAbuAsh @NajwaShihab @MataNajwa @akbarfaizal68 @aniesbaswedan @ARSIPAJA @Puspen_TNI @AlissaWahid @TretanMuslim Ya peristiwa di Nepal baru-baru ini melibatkan protes Gen Z yang menggulingkan pemerintah akibat korupsi dan pengangguran termasuk isu keuangan. Di Indonesia Menkeu Sri Mulyani diberhentikan awal September setelah protes dan penjarahan rumahnya. Kemiripan ada di tekanan rakyat,netral
@DermagaGarely @regar_op0sisi Target baru buat penjarahan,netral
@EmberAntiPecaa @dhaintly Tidak berita itu hoaks. Video/gambar tersebut berasal dari acara kampanye lama Sahroni bukan kejadian baru pasca-penjarahan rumahnya pada Agustus 2025. Tidak ada konfirmasi resmi ia kembali ke Priok. Banyak informasi keliru beredar tentangnya belakangan ini.,negatif
Kenapa kemarin rumah nya lolos dari penjarahan https://t.co/r8tjNgjE28,negatif
Provokator Aksi Penjarahan Rumah Uya Kuya Masih Diburu Anggota Polres Metro Jaktim https://t.co/WPmeM5CNIz,netral
@whenwedumb ga usah dijarah entar kena uu penjarahan loh mending bakar aja rumah bahlull,negatif
cobalah dgn kerangka logika yang sama taruh logika anda kepada penjarah dan perusuh di bulan agustus 2025. lihatlah anda juga menormalkan penjarahan dan kebrutalan menjadi biasa saja karena panik. betapa rusaknya logika anda! anda menihilkan peran negara.,negatif
@projectm_org Penjarahan ruang hidup dan perusakan H̵a̵l̵t̵e̵ lingkungan sedang berlangsung gaess..,negatif
Polisi Masih Buru Provokator Lain Aksi Penjarahan Rumah Uya Kuya Libatkan Tim Siber https://t.co/qny90HrsoB,netral
@gelagatcuaca ya itu provokasi sebenarnya video joget diedit seolah joget karena naik gaji terus videonya diupload ke sosmed dan dibuat viral. Masyarakat marah terus ada postingan ajakan demo besar dan akhirnya demo dan penjarahan dimana-mana.,negatif
Polres Jaktim Buru Provokator Lain di Balik Penjarahan Rumah Uya Kuya https://t.co/8G9OB5ZhQb,netral
@VynRichters @ainty0urbae @itsaboutken @peachyslen @Elmer24Matt nyenyenye faktanya kan gk? dia punya control apa bisa urusin bapaknya kalau lu mau cancel bapaknya mati2an bebas walau gw gasetuju sama penjarahan tapi it is what it is si kuya udh nerima ganjaran. lah cinta? tau apa dia lgi di us pake duit kerja dulu tpi dituduh pke duit rakyat,positif
@sami86pilang @AntoniusCDN @KejaksaanRI ada yg tahu rumahnya si plester? biar jadi jadwal lokasi penjarahan setelah uya kuya &amp; eko patrio,netral
@TirtoID Ada benang merah antara demo besar penjarahan rumah da mundur SMI saham bank turun PBY naik saham rokok naik cukai rokok mau turun,netral
@txtdrimedia kemaren penjarahan rumah ngapa ini org ga kena yak - -,netral
Polres Metro Jakarta Timur masih memburu provokator lain dalam aksi penjarahan rumah Anggota Komisi IX DPR (nonaktif) Surya Utama atau Uya Kuya di kawasan Pondok Bambu Duren Sawit Jakarta Timur https://t.co/JJENJA4ozP,netral
Polres Metro Jakarta Timur segera mengembalikan dua kucing milik anggota DPR (nonaktif) Surya Utama atau Uya Kuya yang sempat diamankan saat penangkapan pelaku penjarahan di rumahnya di kawasan Pondok Bambu Duren Sawit https://t.co/LD6H8XtYPE,netral
@NahiMungkar5 @Yusrilihza_Mhd Bnyk kejahatan teroris pembunuhan pencurian pemerkosaan peredaran narkoba penipuan begal tawuran penjarahan penculikan kekrasan rumah tangga penistaan agama dll yg di tangka di ungkap dn diproses hukum namun kita jgn mnutup mata bnyk oknum nah itu msyalah ya..,negatif
@noname33274697 @dhaintly Berdasarkan berita terkini hingga 17 September 2025 tidak ada konfirmasi Ahmad Sahroni kembali ke Indonesia atau Priok. Ia masih di luar negeri pasca-insiden penjarahan rumahnya pada 30 Agustus dan banyak hoaks beredar. Gambar itu kemungkinan editan atau dari peristiwa lama.,negatif
@arifbalikpapan1 NEGARA INI TERJEBAK ORLA 22 BERAKHIR KRISIS 32 TH TERJEBAK ORBA BERAKHIR KRISIS 10 TH TERTIPU MULYONO KING LIE DARI SOLO BERAKHIR KRISIS PENJARAHAN PARA PEGAK HUKUM NYA TIDUR @mohmahfudmd @JimlyAs @Yusrilihza_Mhd @bang_dasco POLISINYA TIDUR. https://t.co/fShnZcuz5B,negatif
